2026-03-06 10:13:51,407 | INFO | evac_sim.runner | project_root = C:\Users\aserr\Documents\Evacuation_Simulation
2026-03-06 10:13:51,408 | INFO | evac_sim.runner | config_file  = C:\Users\aserr\Documents\Evacuation_Simulation\configs\study.yaml
2026-03-06 10:13:51,408 | INFO | evac_sim.runner | case_id      = representative_case
2026-03-06 10:13:51,408 | INFO | evac_sim.runner | run_dir      = C:\Users\aserr\Documents\Evacuation_Simulation\runs\2026-03-06_101351_representative_case
2026-03-06 10:13:51,455 | INFO | evac_sim.runner | Simulating risks: iterations=7000 seed=233
2026-03-06 10:13:51,842 | INFO | evac_sim.runner | Mode start | mode=0 env=Cruise_Ship case=unknown
2026-03-06 10:13:53,567 | INFO | evac_sim.simulation.simulation_manager | Simulation start | agents=32
2026-03-06 10:13:53,606 | INFO | evac_sim.simulation.simulation_manager | Progress | frame=10 | agents=32
2026-03-06 10:13:53,627 | INFO | evac_sim.simulation.simulation_manager | Progress | frame=20 | agents=32
2026-03-06 10:13:53,648 | INFO | evac_sim.simulation.simulation_manager | Progress | frame=30 | agents=32
2026-03-06 10:13:53,668 | INFO | evac_sim.simulation.simulation_manager | Progress | frame=40 | agents=32
2026-03-06 10:13:53,689 | INFO | evac_sim.simulation.simulation_manager | Progress | frame=50 | agents=32
2026-03-06 10:13:53,724 | INFO | evac_sim.simulation.simulation_manager | Progress | frame=60 | agents=32
2026-03-06 10:13:53,746 | INFO | evac_sim.simulation.simulation_manager | Progress | frame=70 | agents=32
2026-03-06 10:13:53,766 | INFO | evac_sim.simulation.simulation_manager | Progress | frame=80 | agents=32
2026-03-06 10:13:53,787 | INFO | evac_sim.simulation.simulation_manager | Progress | frame=90 | agents=32
2026-03-06 10:13:53,807 | INFO | evac_sim.simulation.simulation_manager | Progress | frame=100 | agents=32
2026-03-06 10:13:53,842 | INFO | evac_sim.simulation.simulation_manager | Progress | frame=110 | agents=32
2026-03-06 10:13:53,862 | INFO | evac_sim.simulation.simulation_manager | Progress | frame=120 | agents=32
2026-03-06 10:13:53,884 | INFO | evac_sim.simulation.simulation_manager | Progress | frame=130 | agents=32
2026-03-06 10:13:53,905 | INFO | evac_sim.simulation.simulation_manager | Progress | frame=140 | agents=32
2026-03-06 10:13:53,927 | INFO | evac_sim.simulation.simulation_manager | Progress | frame=150 | agents=32
2026-03-06 10:13:53,962 | INFO | evac_sim.simulation.simulation_manager | Progress | frame=160 | agents=32
2026-03-06 10:13:53,983 | INFO | evac_sim.simulation.simulation_manager | Progress | frame=170 | agents=32
2026-03-06 10:13:54,005 | INFO | evac_sim.simulation.simulation_manager | Progress | frame=180 | agents=32
2026-03-06 10:13:54,026 | INFO | evac_sim.simulation.simulation_manager | Progress | frame=190 | agents=32
2026-03-06 10:13:54,048 | INFO | evac_sim.simulation.simulation_manager | Progress | frame=200 | agents=32
2026-03-06 10:13:54,083 | INFO | evac_sim.simulation.simulation_manager | Progress | frame=210 | agents=32
2026-03-06 10:13:54,104 | INFO | evac_sim.simulation.simulation_manager | Progress | frame=220 | agents=32
2026-03-06 10:13:54,128 | INFO | evac_sim.simulation.simulation_manager | Progress | frame=230 | agents=32
2026-03-06 10:13:54,149 | INFO | evac_sim.simulation.simulation_manager | Progress | frame=240 | agents=32
2026-03-06 10:13:54,171 | INFO | evac_sim.simulation.simulation_manager | Progress | frame=250 | agents=32
2026-03-06 10:13:54,206 | INFO | evac_sim.simulation.simulation_manager | Progress | frame=260 | agents=32
2026-03-06 10:13:54,227 | INFO | evac_sim.simulation.simulation_manager | Progress | frame=270 | agents=32
2026-03-06 10:13:54,248 | INFO | evac_sim.simulation.simulation_manager | Progress | frame=280 | agents=32
2026-03-06 10:13:54,270 | INFO | evac_sim.simulation.simulation_manager | Progress | frame=290 | agents=32
2026-03-06 10:13:54,291 | INFO | evac_sim.simulation.simulation_manager | Progress | frame=300 | agents=32
2026-03-06 10:13:54,325 | INFO | evac_sim.simulation.simulation_manager | Progress | frame=310 | agents=32
2026-03-06 10:13:54,345 | INFO | evac_sim.simulation.simulation_manager | Progress | frame=320 | agents=32
2026-03-06 10:13:54,366 | INFO | evac_sim.simulation.simulation_manager | Progress | frame=330 | agents=32
2026-03-06 10:13:54,387 | INFO | evac_sim.simulation.simulation_manager | Progress | frame=340 | agents=32
2026-03-06 10:13:54,408 | INFO | evac_sim.simulation.simulation_manager | Progress | frame=350 | agents=32
2026-03-06 10:13:54,443 | INFO | evac_sim.simulation.simulation_manager | Progress | frame=360 | agents=32
2026-03-06 10:13:54,463 | INFO | evac_sim.simulation.simulation_manager | Progress | frame=370 | agents=32
2026-03-06 10:13:54,484 | INFO | evac_sim.simulation.simulation_manager | Progress | frame=380 | agents=32
2026-03-06 10:13:54,505 | INFO | evac_sim.simulation.simulation_manager | Progress | frame=390 | agents=32
2026-03-06 10:13:54,526 | INFO | evac_sim.simulation.simulation_manager | Progress | frame=400 | agents=32
2026-03-06 10:13:54,561 | INFO | evac_sim.simulation.simulation_manager | Progress | frame=410 | agents=32
2026-03-06 10:13:54,582 | INFO | evac_sim.simulation.simulation_manager | Progress | frame=420 | agents=32
2026-03-06 10:13:54,603 | INFO | evac_sim.simulation.simulation_manager | Progress | frame=430 | agents=32
2026-03-06 10:13:54,623 | INFO | evac_sim.simulation.simulation_manager | Progress | frame=440 | agents=32
2026-03-06 10:13:54,644 | INFO | evac_sim.simulation.simulation_manager | Progress | frame=450 | agents=32
2026-03-06 10:13:54,678 | INFO | evac_sim.simulation.simulation_manager | Progress | frame=460 | agents=32
2026-03-06 10:13:54,699 | INFO | evac_sim.simulation.simulation_manager | Progress | frame=470 | agents=32
2026-03-06 10:13:54,720 | INFO | evac_sim.simulation.simulation_manager | Progress | frame=480 | agents=32
2026-03-06 10:13:54,740 | INFO | evac_sim.simulation.simulation_manager | Progress | frame=490 | agents=32
2026-03-06 10:13:54,762 | INFO | evac_sim.simulation.simulation_manager | Progress | frame=500 | agents=32
2026-03-06 10:13:55,020 | INFO | evac_sim.simulation.simulation_manager | Reroute applied | frame=500 | group=77 | agents=6 | curr=23 next=7 | old_len=40 new_len=48
2026-03-06 10:13:55,045 | INFO | evac_sim.simulation.simulation_manager | Progress | frame=510 | agents=32
2026-03-06 10:13:55,066 | INFO | evac_sim.simulation.simulation_manager | Progress | frame=520 | agents=32
2026-03-06 10:13:55,087 | INFO | evac_sim.simulation.simulation_manager | Progress | frame=530 | agents=32
2026-03-06 10:13:55,107 | INFO | evac_sim.simulation.simulation_manager | Progress | frame=540 | agents=32
2026-03-06 10:13:55,128 | INFO | evac_sim.simulation.simulation_manager | Progress | frame=550 | agents=32
2026-03-06 10:13:55,169 | INFO | evac_sim.simulation.simulation_manager | Progress | frame=560 | agents=32
2026-03-06 10:13:55,191 | INFO | evac_sim.simulation.simulation_manager | Progress | frame=570 | agents=32
2026-03-06 10:13:55,211 | INFO | evac_sim.simulation.simulation_manager | Progress | frame=580 | agents=32
2026-03-06 10:13:55,232 | INFO | evac_sim.simulation.simulation_manager | Progress | frame=590 | agents=32
2026-03-06 10:13:55,253 | INFO | evac_sim.simulation.simulation_manager | Progress | frame=600 | agents=32
2026-03-06 10:13:55,288 | INFO | evac_sim.simulation.simulation_manager | Progress | frame=610 | agents=32
2026-03-06 10:13:55,309 | INFO | evac_sim.simulation.simulation_manager | Progress | frame=620 | agents=32
2026-03-06 10:13:55,330 | INFO | evac_sim.simulation.simulation_manager | Progress | frame=630 | agents=32
2026-03-06 10:13:55,351 | INFO | evac_sim.simulation.simulation_manager | Progress | frame=640 | agents=32
2026-03-06 10:13:55,372 | INFO | evac_sim.simulation.simulation_manager | Progress | frame=650 | agents=32
2026-03-06 10:13:55,407 | INFO | evac_sim.simulation.simulation_manager | Progress | frame=660 | agents=32
2026-03-06 10:13:55,427 | INFO | evac_sim.simulation.simulation_manager | Progress | frame=670 | agents=32
2026-03-06 10:13:55,448 | INFO | evac_sim.simulation.simulation_manager | Progress | frame=680 | agents=32
2026-03-06 10:13:55,469 | INFO | evac_sim.simulation.simulation_manager | Progress | frame=690 | agents=32
2026-03-06 10:13:55,490 | INFO | evac_sim.simulation.simulation_manager | Progress | frame=700 | agents=32
2026-03-06 10:13:55,523 | INFO | evac_sim.simulation.simulation_manager | Progress | frame=710 | agents=32
2026-03-06 10:13:55,544 | INFO | evac_sim.simulation.simulation_manager | Progress | frame=720 | agents=32
2026-03-06 10:13:55,564 | INFO | evac_sim.simulation.simulation_manager | Progress | frame=730 | agents=32
2026-03-06 10:13:55,584 | INFO | evac_sim.simulation.simulation_manager | Progress | frame=740 | agents=32
2026-03-06 10:13:55,604 | INFO | evac_sim.simulation.simulation_manager | Progress | frame=750 | agents=32
2026-03-06 10:13:55,639 | INFO | evac_sim.simulation.simulation_manager | Progress | frame=760 | agents=32
2026-03-06 10:13:55,659 | INFO | evac_sim.simulation.simulation_manager | Progress | frame=770 | agents=32
2026-03-06 10:13:55,680 | INFO | evac_sim.simulation.simulation_manager | Progress | frame=780 | agents=32
2026-03-06 10:13:55,701 | INFO | evac_sim.simulation.simulation_manager | Progress | frame=790 | agents=32
2026-03-06 10:13:55,721 | INFO | evac_sim.simulation.simulation_manager | Progress | frame=800 | agents=32
2026-03-06 10:13:55,736 | INFO | evac_sim.simulation.simulation_manager | Reroute applied | frame=800 | group=92 | agents=10 | curr=23 next=7 | old_len=43 new_len=51
2026-03-06 10:13:55,758 | INFO | evac_sim.simulation.simulation_manager | Progress | frame=810 | agents=32
2026-03-06 10:13:55,780 | INFO | evac_sim.simulation.simulation_manager | Progress | frame=820 | agents=32
2026-03-06 10:13:55,799 | INFO | evac_sim.simulation.simulation_manager | Progress | frame=830 | agents=32
2026-03-06 10:13:55,819 | INFO | evac_sim.simulation.simulation_manager | Progress | frame=840 | agents=32
2026-03-06 10:13:55,839 | INFO | evac_sim.simulation.simulation_manager | Progress | frame=850 | agents=32
2026-03-06 10:13:55,873 | INFO | evac_sim.simulation.simulation_manager | Progress | frame=860 | agents=32
2026-03-06 10:13:55,893 | INFO | evac_sim.simulation.simulation_manager | Progress | frame=870 | agents=32
2026-03-06 10:13:55,913 | INFO | evac_sim.simulation.simulation_manager | Progress | frame=880 | agents=32
2026-03-06 10:13:55,933 | INFO | evac_sim.simulation.simulation_manager | Progress | frame=890 | agents=32
2026-03-06 10:13:55,953 | INFO | evac_sim.simulation.simulation_manager | Progress | frame=900 | agents=32
2026-03-06 10:13:56,202 | INFO | evac_sim.simulation.simulation_manager | Reroute applied | frame=900 | group=82 | agents=5 | curr=10 next=9 | old_len=47 new_len=61
2026-03-06 10:13:56,236 | INFO | evac_sim.simulation.simulation_manager | Progress | frame=910 | agents=32
2026-03-06 10:13:56,257 | INFO | evac_sim.simulation.simulation_manager | Progress | frame=920 | agents=32
2026-03-06 10:13:56,278 | INFO | evac_sim.simulation.simulation_manager | Progress | frame=930 | agents=32
2026-03-06 10:13:56,298 | INFO | evac_sim.simulation.simulation_manager | Progress | frame=940 | agents=32
2026-03-06 10:13:56,318 | INFO | evac_sim.simulation.simulation_manager | Progress | frame=950 | agents=32
2026-03-06 10:13:56,353 | INFO | evac_sim.simulation.simulation_manager | Progress | frame=960 | agents=32
2026-03-06 10:13:56,373 | INFO | evac_sim.simulation.simulation_manager | Progress | frame=970 | agents=32
2026-03-06 10:13:56,394 | INFO | evac_sim.simulation.simulation_manager | Progress | frame=980 | agents=32
2026-03-06 10:13:56,415 | INFO | evac_sim.simulation.simulation_manager | Progress | frame=990 | agents=32
2026-03-06 10:13:56,435 | INFO | evac_sim.simulation.simulation_manager | Progress | frame=1000 | agents=32
2026-03-06 10:13:56,468 | INFO | evac_sim.simulation.simulation_manager | Progress | frame=1010 | agents=32
2026-03-06 10:13:56,489 | INFO | evac_sim.simulation.simulation_manager | Progress | frame=1020 | agents=32
2026-03-06 10:13:56,510 | INFO | evac_sim.simulation.simulation_manager | Progress | frame=1030 | agents=32
2026-03-06 10:13:56,530 | INFO | evac_sim.simulation.simulation_manager | Progress | frame=1040 | agents=32
2026-03-06 10:13:56,550 | INFO | evac_sim.simulation.simulation_manager | Progress | frame=1050 | agents=32
2026-03-06 10:13:56,587 | INFO | evac_sim.simulation.simulation_manager | Progress | frame=1060 | agents=32
2026-03-06 10:13:56,608 | INFO | evac_sim.simulation.simulation_manager | Progress | frame=1070 | agents=32
2026-03-06 10:13:56,629 | INFO | evac_sim.simulation.simulation_manager | Progress | frame=1080 | agents=32
2026-03-06 10:13:56,650 | INFO | evac_sim.simulation.simulation_manager | Progress | frame=1090 | agents=32
2026-03-06 10:13:56,671 | INFO | evac_sim.simulation.simulation_manager | Progress | frame=1100 | agents=32
2026-03-06 10:13:56,706 | INFO | evac_sim.simulation.simulation_manager | Progress | frame=1110 | agents=32
2026-03-06 10:13:56,727 | INFO | evac_sim.simulation.simulation_manager | Progress | frame=1120 | agents=32
2026-03-06 10:13:56,748 | INFO | evac_sim.simulation.simulation_manager | Progress | frame=1130 | agents=32
2026-03-06 10:13:56,768 | INFO | evac_sim.simulation.simulation_manager | Progress | frame=1140 | agents=32
2026-03-06 10:13:56,790 | INFO | evac_sim.simulation.simulation_manager | Progress | frame=1150 | agents=32
2026-03-06 10:13:56,825 | INFO | evac_sim.simulation.simulation_manager | Progress | frame=1160 | agents=32
2026-03-06 10:13:56,848 | INFO | evac_sim.simulation.simulation_manager | Progress | frame=1170 | agents=32
2026-03-06 10:13:56,869 | INFO | evac_sim.simulation.simulation_manager | Progress | frame=1180 | agents=32
2026-03-06 10:13:56,889 | INFO | evac_sim.simulation.simulation_manager | Progress | frame=1190 | agents=32
2026-03-06 10:13:56,909 | INFO | evac_sim.simulation.simulation_manager | Progress | frame=1200 | agents=32
2026-03-06 10:13:56,915 | INFO | evac_sim.simulation.simulation_manager | Reroute applied | frame=1200 | group=83 | agents=5 | curr=23 next=7 | old_len=46 new_len=54
2026-03-06 10:13:56,945 | INFO | evac_sim.simulation.simulation_manager | Progress | frame=1210 | agents=32
2026-03-06 10:13:56,966 | INFO | evac_sim.simulation.simulation_manager | Progress | frame=1220 | agents=32
2026-03-06 10:13:56,987 | INFO | evac_sim.simulation.simulation_manager | Progress | frame=1230 | agents=32
2026-03-06 10:13:57,008 | INFO | evac_sim.simulation.simulation_manager | Progress | frame=1240 | agents=32
2026-03-06 10:13:57,030 | INFO | evac_sim.simulation.simulation_manager | Progress | frame=1250 | agents=32
2026-03-06 10:13:57,063 | INFO | evac_sim.simulation.simulation_manager | Progress | frame=1260 | agents=32
2026-03-06 10:13:57,084 | INFO | evac_sim.simulation.simulation_manager | Progress | frame=1270 | agents=32
2026-03-06 10:13:57,106 | INFO | evac_sim.simulation.simulation_manager | Progress | frame=1280 | agents=32
2026-03-06 10:13:57,127 | INFO | evac_sim.simulation.simulation_manager | Progress | frame=1290 | agents=32
2026-03-06 10:13:57,147 | INFO | evac_sim.simulation.simulation_manager | Progress | frame=1300 | agents=32
2026-03-06 10:13:57,181 | INFO | evac_sim.simulation.simulation_manager | Progress | frame=1310 | agents=32
2026-03-06 10:13:57,203 | INFO | evac_sim.simulation.simulation_manager | Progress | frame=1320 | agents=32
2026-03-06 10:13:57,223 | INFO | evac_sim.simulation.simulation_manager | Progress | frame=1330 | agents=32
2026-03-06 10:13:57,245 | INFO | evac_sim.simulation.simulation_manager | Progress | frame=1340 | agents=32
2026-03-06 10:13:57,266 | INFO | evac_sim.simulation.simulation_manager | Progress | frame=1350 | agents=32
2026-03-06 10:13:57,302 | INFO | evac_sim.simulation.simulation_manager | Progress | frame=1360 | agents=32
2026-03-06 10:13:57,323 | INFO | evac_sim.simulation.simulation_manager | Progress | frame=1370 | agents=32
2026-03-06 10:13:57,344 | INFO | evac_sim.simulation.simulation_manager | Progress | frame=1380 | agents=32
2026-03-06 10:13:57,365 | INFO | evac_sim.simulation.simulation_manager | Progress | frame=1390 | agents=32
2026-03-06 10:13:57,386 | INFO | evac_sim.simulation.simulation_manager | Progress | frame=1400 | agents=32
2026-03-06 10:13:57,421 | INFO | evac_sim.simulation.simulation_manager | Progress | frame=1410 | agents=32
2026-03-06 10:13:57,441 | INFO | evac_sim.simulation.simulation_manager | Progress | frame=1420 | agents=32
2026-03-06 10:13:57,463 | INFO | evac_sim.simulation.simulation_manager | Progress | frame=1430 | agents=32
2026-03-06 10:13:57,483 | INFO | evac_sim.simulation.simulation_manager | Progress | frame=1440 | agents=32
2026-03-06 10:13:57,504 | INFO | evac_sim.simulation.simulation_manager | Progress | frame=1450 | agents=32
2026-03-06 10:13:57,540 | INFO | evac_sim.simulation.simulation_manager | Progress | frame=1460 | agents=32
2026-03-06 10:13:57,561 | INFO | evac_sim.simulation.simulation_manager | Progress | frame=1470 | agents=32
2026-03-06 10:13:57,580 | INFO | evac_sim.simulation.simulation_manager | Progress | frame=1480 | agents=32
2026-03-06 10:13:57,601 | INFO | evac_sim.simulation.simulation_manager | Progress | frame=1490 | agents=32
2026-03-06 10:13:57,622 | INFO | evac_sim.simulation.simulation_manager | Progress | frame=1500 | agents=32
2026-03-06 10:13:57,656 | INFO | evac_sim.simulation.simulation_manager | Progress | frame=1510 | agents=32
2026-03-06 10:13:57,677 | INFO | evac_sim.simulation.simulation_manager | Progress | frame=1520 | agents=32
2026-03-06 10:13:57,698 | INFO | evac_sim.simulation.simulation_manager | Progress | frame=1530 | agents=32
2026-03-06 10:13:57,718 | INFO | evac_sim.simulation.simulation_manager | Progress | frame=1540 | agents=32
2026-03-06 10:13:57,739 | INFO | evac_sim.simulation.simulation_manager | Progress | frame=1550 | agents=32
2026-03-06 10:13:57,773 | INFO | evac_sim.simulation.simulation_manager | Progress | frame=1560 | agents=32
2026-03-06 10:13:57,795 | INFO | evac_sim.simulation.simulation_manager | Progress | frame=1570 | agents=32
2026-03-06 10:13:57,815 | INFO | evac_sim.simulation.simulation_manager | Progress | frame=1580 | agents=32
2026-03-06 10:13:57,836 | INFO | evac_sim.simulation.simulation_manager | Progress | frame=1590 | agents=32
2026-03-06 10:13:57,856 | INFO | evac_sim.simulation.simulation_manager | Progress | frame=1600 | agents=32
2026-03-06 10:13:57,860 | INFO | evac_sim.simulation.simulation_manager | Reroute applied | frame=1600 | group=82 | agents=5 | curr=23 next=7 | old_len=61 new_len=69
2026-03-06 10:13:57,893 | INFO | evac_sim.simulation.simulation_manager | Progress | frame=1610 | agents=32
2026-03-06 10:13:57,914 | INFO | evac_sim.simulation.simulation_manager | Progress | frame=1620 | agents=32
2026-03-06 10:13:57,936 | INFO | evac_sim.simulation.simulation_manager | Progress | frame=1630 | agents=32
2026-03-06 10:13:57,957 | INFO | evac_sim.simulation.simulation_manager | Progress | frame=1640 | agents=32
2026-03-06 10:13:57,978 | INFO | evac_sim.simulation.simulation_manager | Progress | frame=1650 | agents=32
2026-03-06 10:13:58,013 | INFO | evac_sim.simulation.simulation_manager | Progress | frame=1660 | agents=32
2026-03-06 10:13:58,034 | INFO | evac_sim.simulation.simulation_manager | Progress | frame=1670 | agents=32
2026-03-06 10:13:58,056 | INFO | evac_sim.simulation.simulation_manager | Progress | frame=1680 | agents=32
2026-03-06 10:13:58,077 | INFO | evac_sim.simulation.simulation_manager | Progress | frame=1690 | agents=32
2026-03-06 10:13:58,097 | INFO | evac_sim.simulation.simulation_manager | Progress | frame=1700 | agents=32
2026-03-06 10:13:58,132 | INFO | evac_sim.simulation.simulation_manager | Progress | frame=1710 | agents=32
2026-03-06 10:13:58,153 | INFO | evac_sim.simulation.simulation_manager | Progress | frame=1720 | agents=32
2026-03-06 10:13:58,174 | INFO | evac_sim.simulation.simulation_manager | Progress | frame=1730 | agents=32
2026-03-06 10:13:58,200 | INFO | evac_sim.simulation.simulation_manager | Progress | frame=1740 | agents=32
2026-03-06 10:13:58,220 | INFO | evac_sim.simulation.simulation_manager | Progress | frame=1750 | agents=32
2026-03-06 10:13:58,259 | INFO | evac_sim.simulation.simulation_manager | Progress | frame=1760 | agents=32
2026-03-06 10:13:58,282 | INFO | evac_sim.simulation.simulation_manager | Progress | frame=1770 | agents=32
2026-03-06 10:13:58,306 | INFO | evac_sim.simulation.simulation_manager | Progress | frame=1780 | agents=32
2026-03-06 10:13:58,333 | INFO | evac_sim.simulation.simulation_manager | Progress | frame=1790 | agents=32
2026-03-06 10:13:58,359 | INFO | evac_sim.simulation.simulation_manager | Progress | frame=1800 | agents=32
2026-03-06 10:13:58,397 | INFO | evac_sim.simulation.simulation_manager | Progress | frame=1810 | agents=32
2026-03-06 10:13:58,424 | INFO | evac_sim.simulation.simulation_manager | Progress | frame=1820 | agents=32
2026-03-06 10:13:58,448 | INFO | evac_sim.simulation.simulation_manager | Progress | frame=1830 | agents=32
2026-03-06 10:13:58,473 | INFO | evac_sim.simulation.simulation_manager | Progress | frame=1840 | agents=32
2026-03-06 10:13:58,498 | INFO | evac_sim.simulation.simulation_manager | Progress | frame=1850 | agents=32
2026-03-06 10:13:58,539 | INFO | evac_sim.simulation.simulation_manager | Progress | frame=1860 | agents=32
2026-03-06 10:13:58,563 | INFO | evac_sim.simulation.simulation_manager | Progress | frame=1870 | agents=32
2026-03-06 10:13:58,587 | INFO | evac_sim.simulation.simulation_manager | Progress | frame=1880 | agents=32
2026-03-06 10:13:58,609 | INFO | evac_sim.simulation.simulation_manager | Progress | frame=1890 | agents=32
2026-03-06 10:13:58,636 | INFO | evac_sim.simulation.simulation_manager | Progress | frame=1900 | agents=32
2026-03-06 10:13:58,676 | INFO | evac_sim.simulation.simulation_manager | Progress | frame=1910 | agents=32
2026-03-06 10:13:58,698 | INFO | evac_sim.simulation.simulation_manager | Progress | frame=1920 | agents=32
2026-03-06 10:13:58,723 | INFO | evac_sim.simulation.simulation_manager | Progress | frame=1930 | agents=32
2026-03-06 10:13:58,748 | INFO | evac_sim.simulation.simulation_manager | Progress | frame=1940 | agents=32
2026-03-06 10:13:58,774 | INFO | evac_sim.simulation.simulation_manager | Progress | frame=1950 | agents=32
2026-03-06 10:13:58,815 | INFO | evac_sim.simulation.simulation_manager | Progress | frame=1960 | agents=32
2026-03-06 10:13:58,841 | INFO | evac_sim.simulation.simulation_manager | Progress | frame=1970 | agents=32
2026-03-06 10:13:58,864 | INFO | evac_sim.simulation.simulation_manager | Progress | frame=1980 | agents=32
2026-03-06 10:13:58,888 | INFO | evac_sim.simulation.simulation_manager | Progress | frame=1990 | agents=32
2026-03-06 10:13:58,912 | INFO | evac_sim.simulation.simulation_manager | Progress | frame=2000 | agents=32
2026-03-06 10:13:58,953 | INFO | evac_sim.simulation.simulation_manager | Progress | frame=2010 | agents=32
2026-03-06 10:13:58,980 | INFO | evac_sim.simulation.simulation_manager | Progress | frame=2020 | agents=32
2026-03-06 10:13:59,004 | INFO | evac_sim.simulation.simulation_manager | Progress | frame=2030 | agents=32
2026-03-06 10:13:59,024 | INFO | evac_sim.simulation.simulation_manager | Progress | frame=2040 | agents=32
2026-03-06 10:13:59,046 | INFO | evac_sim.simulation.simulation_manager | Progress | frame=2050 | agents=32
2026-03-06 10:13:59,079 | INFO | evac_sim.simulation.simulation_manager | Progress | frame=2060 | agents=32
2026-03-06 10:13:59,100 | INFO | evac_sim.simulation.simulation_manager | Progress | frame=2070 | agents=32
2026-03-06 10:13:59,120 | INFO | evac_sim.simulation.simulation_manager | Progress | frame=2080 | agents=32
2026-03-06 10:13:59,140 | INFO | evac_sim.simulation.simulation_manager | Progress | frame=2090 | agents=32
2026-03-06 10:13:59,161 | INFO | evac_sim.simulation.simulation_manager | Progress | frame=2100 | agents=32
2026-03-06 10:13:59,195 | INFO | evac_sim.simulation.simulation_manager | Progress | frame=2110 | agents=32
2026-03-06 10:13:59,216 | INFO | evac_sim.simulation.simulation_manager | Progress | frame=2120 | agents=32
2026-03-06 10:13:59,236 | INFO | evac_sim.simulation.simulation_manager | Progress | frame=2130 | agents=32
2026-03-06 10:13:59,257 | INFO | evac_sim.simulation.simulation_manager | Progress | frame=2140 | agents=32
2026-03-06 10:13:59,278 | INFO | evac_sim.simulation.simulation_manager | Progress | frame=2150 | agents=32
2026-03-06 10:13:59,312 | INFO | evac_sim.simulation.simulation_manager | Progress | frame=2160 | agents=32
2026-03-06 10:13:59,333 | INFO | evac_sim.simulation.simulation_manager | Progress | frame=2170 | agents=32
2026-03-06 10:13:59,354 | INFO | evac_sim.simulation.simulation_manager | Progress | frame=2180 | agents=32
2026-03-06 10:13:59,375 | INFO | evac_sim.simulation.simulation_manager | Progress | frame=2190 | agents=32
2026-03-06 10:13:59,396 | INFO | evac_sim.simulation.simulation_manager | Progress | frame=2200 | agents=32
2026-03-06 10:13:59,430 | INFO | evac_sim.simulation.simulation_manager | Progress | frame=2210 | agents=32
2026-03-06 10:13:59,450 | INFO | evac_sim.simulation.simulation_manager | Progress | frame=2220 | agents=32
2026-03-06 10:13:59,471 | INFO | evac_sim.simulation.simulation_manager | Progress | frame=2230 | agents=32
2026-03-06 10:13:59,491 | INFO | evac_sim.simulation.simulation_manager | Progress | frame=2240 | agents=32
2026-03-06 10:13:59,512 | INFO | evac_sim.simulation.simulation_manager | Progress | frame=2250 | agents=32
2026-03-06 10:13:59,546 | INFO | evac_sim.simulation.simulation_manager | Progress | frame=2260 | agents=32
2026-03-06 10:13:59,568 | INFO | evac_sim.simulation.simulation_manager | Progress | frame=2270 | agents=32
2026-03-06 10:13:59,589 | INFO | evac_sim.simulation.simulation_manager | Progress | frame=2280 | agents=32
2026-03-06 10:13:59,617 | INFO | evac_sim.simulation.simulation_manager | Progress | frame=2290 | agents=32
2026-03-06 10:13:59,637 | INFO | evac_sim.simulation.simulation_manager | Progress | frame=2300 | agents=32
2026-03-06 10:13:59,670 | INFO | evac_sim.simulation.simulation_manager | Progress | frame=2310 | agents=32
2026-03-06 10:13:59,690 | INFO | evac_sim.simulation.simulation_manager | Progress | frame=2320 | agents=32
2026-03-06 10:13:59,711 | INFO | evac_sim.simulation.simulation_manager | Progress | frame=2330 | agents=32
2026-03-06 10:13:59,732 | INFO | evac_sim.simulation.simulation_manager | Progress | frame=2340 | agents=32
2026-03-06 10:13:59,753 | INFO | evac_sim.simulation.simulation_manager | Progress | frame=2350 | agents=32
2026-03-06 10:13:59,787 | INFO | evac_sim.simulation.simulation_manager | Progress | frame=2360 | agents=32
2026-03-06 10:13:59,808 | INFO | evac_sim.simulation.simulation_manager | Progress | frame=2370 | agents=32
2026-03-06 10:13:59,828 | INFO | evac_sim.simulation.simulation_manager | Progress | frame=2380 | agents=32
2026-03-06 10:13:59,848 | INFO | evac_sim.simulation.simulation_manager | Progress | frame=2390 | agents=32
2026-03-06 10:13:59,869 | INFO | evac_sim.simulation.simulation_manager | Progress | frame=2400 | agents=32
2026-03-06 10:14:00,415 | INFO | evac_sim.simulation.simulation_manager | Reroute applied | frame=2400 | group=92 | agents=10 | curr=154 next=153 | old_len=51 new_len=68
2026-03-06 10:14:00,437 | INFO | evac_sim.simulation.simulation_manager | Progress | frame=2410 | agents=32
2026-03-06 10:14:00,457 | INFO | evac_sim.simulation.simulation_manager | Progress | frame=2420 | agents=32
2026-03-06 10:14:00,478 | INFO | evac_sim.simulation.simulation_manager | Progress | frame=2430 | agents=32
2026-03-06 10:14:00,498 | INFO | evac_sim.simulation.simulation_manager | Progress | frame=2440 | agents=32
2026-03-06 10:14:00,518 | INFO | evac_sim.simulation.simulation_manager | Progress | frame=2450 | agents=32
2026-03-06 10:14:00,553 | INFO | evac_sim.simulation.simulation_manager | Progress | frame=2460 | agents=32
2026-03-06 10:14:00,574 | INFO | evac_sim.simulation.simulation_manager | Progress | frame=2470 | agents=32
2026-03-06 10:14:00,594 | INFO | evac_sim.simulation.simulation_manager | Progress | frame=2480 | agents=31
2026-03-06 10:14:00,615 | INFO | evac_sim.simulation.simulation_manager | Progress | frame=2490 | agents=31
2026-03-06 10:14:00,635 | INFO | evac_sim.simulation.simulation_manager | Progress | frame=2500 | agents=31
2026-03-06 10:14:00,669 | INFO | evac_sim.simulation.simulation_manager | Progress | frame=2510 | agents=31
2026-03-06 10:14:00,690 | INFO | evac_sim.simulation.simulation_manager | Progress | frame=2520 | agents=31
2026-03-06 10:14:00,711 | INFO | evac_sim.simulation.simulation_manager | Progress | frame=2530 | agents=31
2026-03-06 10:14:00,733 | INFO | evac_sim.simulation.simulation_manager | Progress | frame=2540 | agents=31
2026-03-06 10:14:00,753 | INFO | evac_sim.simulation.simulation_manager | Progress | frame=2550 | agents=31
2026-03-06 10:14:00,788 | INFO | evac_sim.simulation.simulation_manager | Progress | frame=2560 | agents=30
2026-03-06 10:14:00,808 | INFO | evac_sim.simulation.simulation_manager | Progress | frame=2570 | agents=30
2026-03-06 10:14:00,828 | INFO | evac_sim.simulation.simulation_manager | Progress | frame=2580 | agents=30
2026-03-06 10:14:00,850 | INFO | evac_sim.simulation.simulation_manager | Progress | frame=2590 | agents=30
2026-03-06 10:14:00,869 | INFO | evac_sim.simulation.simulation_manager | Progress | frame=2600 | agents=30
2026-03-06 10:14:00,904 | INFO | evac_sim.simulation.simulation_manager | Progress | frame=2610 | agents=30
2026-03-06 10:14:00,928 | INFO | evac_sim.simulation.simulation_manager | Progress | frame=2620 | agents=29
2026-03-06 10:14:00,948 | INFO | evac_sim.simulation.simulation_manager | Progress | frame=2630 | agents=29
2026-03-06 10:14:00,968 | INFO | evac_sim.simulation.simulation_manager | Progress | frame=2640 | agents=29
2026-03-06 10:14:00,989 | INFO | evac_sim.simulation.simulation_manager | Progress | frame=2650 | agents=29
2026-03-06 10:14:01,023 | INFO | evac_sim.simulation.simulation_manager | Progress | frame=2660 | agents=29
2026-03-06 10:14:01,043 | INFO | evac_sim.simulation.simulation_manager | Progress | frame=2670 | agents=28
2026-03-06 10:14:01,063 | INFO | evac_sim.simulation.simulation_manager | Progress | frame=2680 | agents=28
2026-03-06 10:14:01,084 | INFO | evac_sim.simulation.simulation_manager | Progress | frame=2690 | agents=28
2026-03-06 10:14:01,104 | INFO | evac_sim.simulation.simulation_manager | Progress | frame=2700 | agents=28
2026-03-06 10:14:01,140 | INFO | evac_sim.simulation.simulation_manager | Progress | frame=2710 | agents=28
2026-03-06 10:14:01,160 | INFO | evac_sim.simulation.simulation_manager | Progress | frame=2720 | agents=28
2026-03-06 10:14:01,185 | INFO | evac_sim.simulation.simulation_manager | Progress | frame=2730 | agents=27
2026-03-06 10:14:01,209 | INFO | evac_sim.simulation.simulation_manager | Progress | frame=2740 | agents=27
2026-03-06 10:14:01,233 | INFO | evac_sim.simulation.simulation_manager | Progress | frame=2750 | agents=27
2026-03-06 10:14:01,273 | INFO | evac_sim.simulation.simulation_manager | Progress | frame=2760 | agents=27
2026-03-06 10:14:01,298 | INFO | evac_sim.simulation.simulation_manager | Progress | frame=2770 | agents=27
2026-03-06 10:14:01,323 | INFO | evac_sim.simulation.simulation_manager | Progress | frame=2780 | agents=26
2026-03-06 10:14:01,345 | INFO | evac_sim.simulation.simulation_manager | Progress | frame=2790 | agents=26
2026-03-06 10:14:01,369 | INFO | evac_sim.simulation.simulation_manager | Progress | frame=2800 | agents=26
2026-03-06 10:14:01,406 | INFO | evac_sim.simulation.simulation_manager | Progress | frame=2810 | agents=26
2026-03-06 10:14:01,428 | INFO | evac_sim.simulation.simulation_manager | Progress | frame=2820 | agents=26
2026-03-06 10:14:01,451 | INFO | evac_sim.simulation.simulation_manager | Progress | frame=2830 | agents=26
2026-03-06 10:14:01,474 | INFO | evac_sim.simulation.simulation_manager | Progress | frame=2840 | agents=26
2026-03-06 10:14:01,497 | INFO | evac_sim.simulation.simulation_manager | Progress | frame=2850 | agents=26
2026-03-06 10:14:01,535 | INFO | evac_sim.simulation.simulation_manager | Progress | frame=2860 | agents=26
2026-03-06 10:14:01,557 | INFO | evac_sim.simulation.simulation_manager | Progress | frame=2870 | agents=26
2026-03-06 10:14:01,584 | INFO | evac_sim.simulation.simulation_manager | Progress | frame=2880 | agents=26
2026-03-06 10:14:01,607 | INFO | evac_sim.simulation.simulation_manager | Progress | frame=2890 | agents=26
2026-03-06 10:14:01,628 | INFO | evac_sim.simulation.simulation_manager | Progress | frame=2900 | agents=26
2026-03-06 10:14:02,162 | INFO | evac_sim.simulation.simulation_manager | Reroute applied | frame=2900 | group=92 | agents=10 | curr=202 next=201 | old_len=68 new_len=78
2026-03-06 10:14:02,184 | INFO | evac_sim.simulation.simulation_manager | Progress | frame=2910 | agents=25
2026-03-06 10:14:02,204 | INFO | evac_sim.simulation.simulation_manager | Progress | frame=2920 | agents=25
2026-03-06 10:14:02,224 | INFO | evac_sim.simulation.simulation_manager | Progress | frame=2930 | agents=25
2026-03-06 10:14:02,245 | INFO | evac_sim.simulation.simulation_manager | Progress | frame=2940 | agents=25
2026-03-06 10:14:02,264 | INFO | evac_sim.simulation.simulation_manager | Progress | frame=2950 | agents=25
2026-03-06 10:14:02,297 | INFO | evac_sim.simulation.simulation_manager | Progress | frame=2960 | agents=25
2026-03-06 10:14:02,317 | INFO | evac_sim.simulation.simulation_manager | Progress | frame=2970 | agents=24
2026-03-06 10:14:02,336 | INFO | evac_sim.simulation.simulation_manager | Progress | frame=2980 | agents=24
2026-03-06 10:14:02,355 | INFO | evac_sim.simulation.simulation_manager | Progress | frame=2990 | agents=24
2026-03-06 10:14:02,375 | INFO | evac_sim.simulation.simulation_manager | Progress | frame=3000 | agents=24
2026-03-06 10:14:02,405 | INFO | evac_sim.simulation.simulation_manager | Progress | frame=3010 | agents=24
2026-03-06 10:14:02,425 | INFO | evac_sim.simulation.simulation_manager | Progress | frame=3020 | agents=23
2026-03-06 10:14:02,444 | INFO | evac_sim.simulation.simulation_manager | Progress | frame=3030 | agents=23
2026-03-06 10:14:02,463 | INFO | evac_sim.simulation.simulation_manager | Progress | frame=3040 | agents=23
2026-03-06 10:14:02,483 | INFO | evac_sim.simulation.simulation_manager | Progress | frame=3050 | agents=23
2026-03-06 10:14:02,490 | INFO | evac_sim.simulation.simulation_manager | Reroute applied | frame=3050 | group=83 | agents=5 | curr=154 next=153 | old_len=54 new_len=71
2026-03-06 10:14:02,516 | INFO | evac_sim.simulation.simulation_manager | Progress | frame=3060 | agents=23
2026-03-06 10:14:02,536 | INFO | evac_sim.simulation.simulation_manager | Progress | frame=3070 | agents=23
2026-03-06 10:14:02,555 | INFO | evac_sim.simulation.simulation_manager | Progress | frame=3080 | agents=22
2026-03-06 10:14:02,575 | INFO | evac_sim.simulation.simulation_manager | Progress | frame=3090 | agents=22
2026-03-06 10:14:02,594 | INFO | evac_sim.simulation.simulation_manager | Progress | frame=3100 | agents=22
2026-03-06 10:14:02,624 | INFO | evac_sim.simulation.simulation_manager | Progress | frame=3110 | agents=22
2026-03-06 10:14:02,645 | INFO | evac_sim.simulation.simulation_manager | Progress | frame=3120 | agents=22
2026-03-06 10:14:02,664 | INFO | evac_sim.simulation.simulation_manager | Progress | frame=3130 | agents=22
2026-03-06 10:14:02,685 | INFO | evac_sim.simulation.simulation_manager | Progress | frame=3140 | agents=22
2026-03-06 10:14:02,704 | INFO | evac_sim.simulation.simulation_manager | Progress | frame=3150 | agents=22
2026-03-06 10:14:02,734 | INFO | evac_sim.simulation.simulation_manager | Progress | frame=3160 | agents=21
2026-03-06 10:14:02,754 | INFO | evac_sim.simulation.simulation_manager | Progress | frame=3170 | agents=21
2026-03-06 10:14:02,773 | INFO | evac_sim.simulation.simulation_manager | Progress | frame=3180 | agents=21
2026-03-06 10:14:02,792 | INFO | evac_sim.simulation.simulation_manager | Progress | frame=3190 | agents=21
2026-03-06 10:14:02,811 | INFO | evac_sim.simulation.simulation_manager | Progress | frame=3200 | agents=21
2026-03-06 10:14:02,841 | INFO | evac_sim.simulation.simulation_manager | Progress | frame=3210 | agents=21
2026-03-06 10:14:02,860 | INFO | evac_sim.simulation.simulation_manager | Progress | frame=3220 | agents=20
2026-03-06 10:14:02,879 | INFO | evac_sim.simulation.simulation_manager | Progress | frame=3230 | agents=20
2026-03-06 10:14:02,898 | INFO | evac_sim.simulation.simulation_manager | Progress | frame=3240 | agents=20
2026-03-06 10:14:02,917 | INFO | evac_sim.simulation.simulation_manager | Progress | frame=3250 | agents=20
2026-03-06 10:14:02,944 | INFO | evac_sim.simulation.simulation_manager | Progress | frame=3260 | agents=20
2026-03-06 10:14:02,963 | INFO | evac_sim.simulation.simulation_manager | Progress | frame=3270 | agents=20
2026-03-06 10:14:02,982 | INFO | evac_sim.simulation.simulation_manager | Progress | frame=3280 | agents=20
2026-03-06 10:14:03,002 | INFO | evac_sim.simulation.simulation_manager | Progress | frame=3290 | agents=20
2026-03-06 10:14:03,021 | INFO | evac_sim.simulation.simulation_manager | Progress | frame=3300 | agents=20
2026-03-06 10:14:03,048 | INFO | evac_sim.simulation.simulation_manager | Progress | frame=3310 | agents=20
2026-03-06 10:14:03,068 | INFO | evac_sim.simulation.simulation_manager | Progress | frame=3320 | agents=20
2026-03-06 10:14:03,085 | INFO | evac_sim.simulation.simulation_manager | Progress | frame=3330 | agents=20
2026-03-06 10:14:03,106 | INFO | evac_sim.simulation.simulation_manager | Progress | frame=3340 | agents=20
2026-03-06 10:14:03,124 | INFO | evac_sim.simulation.simulation_manager | Progress | frame=3350 | agents=20
2026-03-06 10:14:03,152 | INFO | evac_sim.simulation.simulation_manager | Progress | frame=3360 | agents=20
2026-03-06 10:14:03,170 | INFO | evac_sim.simulation.simulation_manager | Progress | frame=3370 | agents=20
2026-03-06 10:14:03,190 | INFO | evac_sim.simulation.simulation_manager | Progress | frame=3380 | agents=20
2026-03-06 10:14:03,209 | INFO | evac_sim.simulation.simulation_manager | Progress | frame=3390 | agents=20
2026-03-06 10:14:03,228 | INFO | evac_sim.simulation.simulation_manager | Progress | frame=3400 | agents=20
2026-03-06 10:14:03,255 | INFO | evac_sim.simulation.simulation_manager | Progress | frame=3410 | agents=20
2026-03-06 10:14:03,273 | INFO | evac_sim.simulation.simulation_manager | Progress | frame=3420 | agents=20
2026-03-06 10:14:03,293 | INFO | evac_sim.simulation.simulation_manager | Progress | frame=3430 | agents=20
2026-03-06 10:14:03,312 | INFO | evac_sim.simulation.simulation_manager | Progress | frame=3440 | agents=20
2026-03-06 10:14:03,331 | INFO | evac_sim.simulation.simulation_manager | Progress | frame=3450 | agents=20
2026-03-06 10:14:03,336 | INFO | evac_sim.simulation.simulation_manager | Reroute applied | frame=3450 | group=82 | agents=5 | curr=154 next=153 | old_len=69 new_len=86
2026-03-06 10:14:03,363 | INFO | evac_sim.simulation.simulation_manager | Progress | frame=3460 | agents=20
2026-03-06 10:14:03,382 | INFO | evac_sim.simulation.simulation_manager | Progress | frame=3470 | agents=20
2026-03-06 10:14:03,401 | INFO | evac_sim.simulation.simulation_manager | Progress | frame=3480 | agents=20
2026-03-06 10:14:03,420 | INFO | evac_sim.simulation.simulation_manager | Progress | frame=3490 | agents=20
2026-03-06 10:14:03,440 | INFO | evac_sim.simulation.simulation_manager | Progress | frame=3500 | agents=20
2026-03-06 10:14:03,467 | INFO | evac_sim.simulation.simulation_manager | Progress | frame=3510 | agents=20
2026-03-06 10:14:03,485 | INFO | evac_sim.simulation.simulation_manager | Progress | frame=3520 | agents=20
2026-03-06 10:14:03,504 | INFO | evac_sim.simulation.simulation_manager | Progress | frame=3530 | agents=20
2026-03-06 10:14:03,522 | INFO | evac_sim.simulation.simulation_manager | Progress | frame=3540 | agents=20
2026-03-06 10:14:03,542 | INFO | evac_sim.simulation.simulation_manager | Progress | frame=3550 | agents=20
2026-03-06 10:14:03,568 | INFO | evac_sim.simulation.simulation_manager | Progress | frame=3560 | agents=20
2026-03-06 10:14:03,587 | INFO | evac_sim.simulation.simulation_manager | Progress | frame=3570 | agents=20
2026-03-06 10:14:03,606 | INFO | evac_sim.simulation.simulation_manager | Progress | frame=3580 | agents=20
2026-03-06 10:14:03,625 | INFO | evac_sim.simulation.simulation_manager | Progress | frame=3590 | agents=20
2026-03-06 10:14:03,644 | INFO | evac_sim.simulation.simulation_manager | Progress | frame=3600 | agents=20
2026-03-06 10:14:04,228 | INFO | evac_sim.simulation.simulation_manager | Progress | frame=3610 | agents=20
2026-03-06 10:14:04,247 | INFO | evac_sim.simulation.simulation_manager | Progress | frame=3620 | agents=20
2026-03-06 10:14:04,266 | INFO | evac_sim.simulation.simulation_manager | Progress | frame=3630 | agents=20
2026-03-06 10:14:04,285 | INFO | evac_sim.simulation.simulation_manager | Progress | frame=3640 | agents=20
2026-03-06 10:14:04,304 | INFO | evac_sim.simulation.simulation_manager | Progress | frame=3650 | agents=20
2026-03-06 10:14:04,330 | INFO | evac_sim.simulation.simulation_manager | Progress | frame=3660 | agents=20
2026-03-06 10:14:04,350 | INFO | evac_sim.simulation.simulation_manager | Progress | frame=3670 | agents=20
2026-03-06 10:14:04,368 | INFO | evac_sim.simulation.simulation_manager | Progress | frame=3680 | agents=20
2026-03-06 10:14:04,387 | INFO | evac_sim.simulation.simulation_manager | Progress | frame=3690 | agents=20
2026-03-06 10:14:04,406 | INFO | evac_sim.simulation.simulation_manager | Progress | frame=3700 | agents=20
2026-03-06 10:14:04,412 | INFO | evac_sim.simulation.simulation_manager | Reroute applied | frame=3700 | group=83 | agents=5 | curr=202 next=201 | old_len=71 new_len=81
2026-03-06 10:14:04,436 | INFO | evac_sim.simulation.simulation_manager | Progress | frame=3710 | agents=20
2026-03-06 10:14:04,454 | INFO | evac_sim.simulation.simulation_manager | Progress | frame=3720 | agents=20
2026-03-06 10:14:04,473 | INFO | evac_sim.simulation.simulation_manager | Progress | frame=3730 | agents=20
2026-03-06 10:14:04,492 | INFO | evac_sim.simulation.simulation_manager | Progress | frame=3740 | agents=20
2026-03-06 10:14:04,511 | INFO | evac_sim.simulation.simulation_manager | Progress | frame=3750 | agents=20
2026-03-06 10:14:04,538 | INFO | evac_sim.simulation.simulation_manager | Progress | frame=3760 | agents=20
2026-03-06 10:14:04,557 | INFO | evac_sim.simulation.simulation_manager | Progress | frame=3770 | agents=20
2026-03-06 10:14:04,575 | INFO | evac_sim.simulation.simulation_manager | Progress | frame=3780 | agents=20
2026-03-06 10:14:04,594 | INFO | evac_sim.simulation.simulation_manager | Progress | frame=3790 | agents=20
2026-03-06 10:14:04,612 | INFO | evac_sim.simulation.simulation_manager | Progress | frame=3800 | agents=20
2026-03-06 10:14:04,640 | INFO | evac_sim.simulation.simulation_manager | Progress | frame=3810 | agents=20
2026-03-06 10:14:04,659 | INFO | evac_sim.simulation.simulation_manager | Progress | frame=3820 | agents=20
2026-03-06 10:14:04,679 | INFO | evac_sim.simulation.simulation_manager | Progress | frame=3830 | agents=20
2026-03-06 10:14:04,698 | INFO | evac_sim.simulation.simulation_manager | Progress | frame=3840 | agents=20
2026-03-06 10:14:04,717 | INFO | evac_sim.simulation.simulation_manager | Progress | frame=3850 | agents=20
2026-03-06 10:14:04,744 | INFO | evac_sim.simulation.simulation_manager | Progress | frame=3860 | agents=20
2026-03-06 10:14:04,763 | INFO | evac_sim.simulation.simulation_manager | Progress | frame=3870 | agents=20
2026-03-06 10:14:04,783 | INFO | evac_sim.simulation.simulation_manager | Progress | frame=3880 | agents=20
2026-03-06 10:14:04,802 | INFO | evac_sim.simulation.simulation_manager | Progress | frame=3890 | agents=20
2026-03-06 10:14:04,821 | INFO | evac_sim.simulation.simulation_manager | Progress | frame=3900 | agents=20
2026-03-06 10:14:04,847 | INFO | evac_sim.simulation.simulation_manager | Progress | frame=3910 | agents=20
2026-03-06 10:14:04,866 | INFO | evac_sim.simulation.simulation_manager | Progress | frame=3920 | agents=20
2026-03-06 10:14:04,885 | INFO | evac_sim.simulation.simulation_manager | Progress | frame=3930 | agents=20
2026-03-06 10:14:04,904 | INFO | evac_sim.simulation.simulation_manager | Progress | frame=3940 | agents=20
2026-03-06 10:14:04,923 | INFO | evac_sim.simulation.simulation_manager | Progress | frame=3950 | agents=20
2026-03-06 10:14:04,950 | INFO | evac_sim.simulation.simulation_manager | Progress | frame=3960 | agents=20
2026-03-06 10:14:04,969 | INFO | evac_sim.simulation.simulation_manager | Progress | frame=3970 | agents=20
2026-03-06 10:14:04,988 | INFO | evac_sim.simulation.simulation_manager | Progress | frame=3980 | agents=20
2026-03-06 10:14:05,008 | INFO | evac_sim.simulation.simulation_manager | Progress | frame=3990 | agents=20
2026-03-06 10:14:05,027 | INFO | evac_sim.simulation.simulation_manager | Progress | frame=4000 | agents=20
2026-03-06 10:14:05,055 | INFO | evac_sim.simulation.simulation_manager | Progress | frame=4010 | agents=20
2026-03-06 10:14:05,073 | INFO | evac_sim.simulation.simulation_manager | Progress | frame=4020 | agents=20
2026-03-06 10:14:05,092 | INFO | evac_sim.simulation.simulation_manager | Progress | frame=4030 | agents=20
2026-03-06 10:14:05,111 | INFO | evac_sim.simulation.simulation_manager | Progress | frame=4040 | agents=20
2026-03-06 10:14:05,129 | INFO | evac_sim.simulation.simulation_manager | Progress | frame=4050 | agents=20
2026-03-06 10:14:05,157 | INFO | evac_sim.simulation.simulation_manager | Progress | frame=4060 | agents=20
2026-03-06 10:14:05,175 | INFO | evac_sim.simulation.simulation_manager | Progress | frame=4070 | agents=20
2026-03-06 10:14:05,200 | INFO | evac_sim.simulation.simulation_manager | Progress | frame=4080 | agents=20
2026-03-06 10:14:05,218 | INFO | evac_sim.simulation.simulation_manager | Progress | frame=4090 | agents=20
2026-03-06 10:14:05,237 | INFO | evac_sim.simulation.simulation_manager | Progress | frame=4100 | agents=20
2026-03-06 10:14:05,265 | INFO | evac_sim.simulation.simulation_manager | Progress | frame=4110 | agents=20
2026-03-06 10:14:05,284 | INFO | evac_sim.simulation.simulation_manager | Progress | frame=4120 | agents=20
2026-03-06 10:14:05,302 | INFO | evac_sim.simulation.simulation_manager | Progress | frame=4130 | agents=20
2026-03-06 10:14:05,321 | INFO | evac_sim.simulation.simulation_manager | Progress | frame=4140 | agents=20
2026-03-06 10:14:05,340 | INFO | evac_sim.simulation.simulation_manager | Progress | frame=4150 | agents=20
2026-03-06 10:14:05,346 | INFO | evac_sim.simulation.simulation_manager | Reroute applied | frame=4150 | group=82 | agents=5 | curr=202 next=201 | old_len=86 new_len=96
2026-03-06 10:14:05,371 | INFO | evac_sim.simulation.simulation_manager | Progress | frame=4160 | agents=20
2026-03-06 10:14:05,391 | INFO | evac_sim.simulation.simulation_manager | Progress | frame=4170 | agents=20
2026-03-06 10:14:05,410 | INFO | evac_sim.simulation.simulation_manager | Progress | frame=4180 | agents=20
2026-03-06 10:14:05,429 | INFO | evac_sim.simulation.simulation_manager | Progress | frame=4190 | agents=20
2026-03-06 10:14:05,448 | INFO | evac_sim.simulation.simulation_manager | Progress | frame=4200 | agents=20
2026-03-06 10:14:05,476 | INFO | evac_sim.simulation.simulation_manager | Progress | frame=4210 | agents=20
2026-03-06 10:14:05,494 | INFO | evac_sim.simulation.simulation_manager | Progress | frame=4220 | agents=20
2026-03-06 10:14:05,513 | INFO | evac_sim.simulation.simulation_manager | Progress | frame=4230 | agents=20
2026-03-06 10:14:05,532 | INFO | evac_sim.simulation.simulation_manager | Progress | frame=4240 | agents=20
2026-03-06 10:14:05,551 | INFO | evac_sim.simulation.simulation_manager | Progress | frame=4250 | agents=20
2026-03-06 10:14:05,579 | INFO | evac_sim.simulation.simulation_manager | Progress | frame=4260 | agents=20
2026-03-06 10:14:05,598 | INFO | evac_sim.simulation.simulation_manager | Progress | frame=4270 | agents=20
2026-03-06 10:14:05,616 | INFO | evac_sim.simulation.simulation_manager | Progress | frame=4280 | agents=20
2026-03-06 10:14:05,636 | INFO | evac_sim.simulation.simulation_manager | Progress | frame=4290 | agents=20
2026-03-06 10:14:05,656 | INFO | evac_sim.simulation.simulation_manager | Progress | frame=4300 | agents=20
2026-03-06 10:14:05,684 | INFO | evac_sim.simulation.simulation_manager | Progress | frame=4310 | agents=20
2026-03-06 10:14:05,703 | INFO | evac_sim.simulation.simulation_manager | Progress | frame=4320 | agents=20
2026-03-06 10:14:05,722 | INFO | evac_sim.simulation.simulation_manager | Progress | frame=4330 | agents=20
2026-03-06 10:14:05,741 | INFO | evac_sim.simulation.simulation_manager | Progress | frame=4340 | agents=20
2026-03-06 10:14:05,760 | INFO | evac_sim.simulation.simulation_manager | Progress | frame=4350 | agents=20
2026-03-06 10:14:05,787 | INFO | evac_sim.simulation.simulation_manager | Progress | frame=4360 | agents=20
2026-03-06 10:14:05,807 | INFO | evac_sim.simulation.simulation_manager | Progress | frame=4370 | agents=20
2026-03-06 10:14:05,826 | INFO | evac_sim.simulation.simulation_manager | Progress | frame=4380 | agents=20
2026-03-06 10:14:05,845 | INFO | evac_sim.simulation.simulation_manager | Progress | frame=4390 | agents=19
2026-03-06 10:14:05,864 | INFO | evac_sim.simulation.simulation_manager | Progress | frame=4400 | agents=19
2026-03-06 10:14:05,891 | INFO | evac_sim.simulation.simulation_manager | Progress | frame=4410 | agents=19
2026-03-06 10:14:05,910 | INFO | evac_sim.simulation.simulation_manager | Progress | frame=4420 | agents=19
2026-03-06 10:14:05,929 | INFO | evac_sim.simulation.simulation_manager | Progress | frame=4430 | agents=19
2026-03-06 10:14:05,948 | INFO | evac_sim.simulation.simulation_manager | Progress | frame=4440 | agents=19
2026-03-06 10:14:05,967 | INFO | evac_sim.simulation.simulation_manager | Progress | frame=4450 | agents=18
2026-03-06 10:14:05,994 | INFO | evac_sim.simulation.simulation_manager | Progress | frame=4460 | agents=18
2026-03-06 10:14:06,013 | INFO | evac_sim.simulation.simulation_manager | Progress | frame=4470 | agents=18
2026-03-06 10:14:06,032 | INFO | evac_sim.simulation.simulation_manager | Progress | frame=4480 | agents=18
2026-03-06 10:14:06,051 | INFO | evac_sim.simulation.simulation_manager | Progress | frame=4490 | agents=18
2026-03-06 10:14:06,070 | INFO | evac_sim.simulation.simulation_manager | Progress | frame=4500 | agents=17
2026-03-06 10:14:06,096 | INFO | evac_sim.simulation.simulation_manager | Progress | frame=4510 | agents=17
2026-03-06 10:14:06,116 | INFO | evac_sim.simulation.simulation_manager | Progress | frame=4520 | agents=17
2026-03-06 10:14:06,134 | INFO | evac_sim.simulation.simulation_manager | Progress | frame=4530 | agents=17
2026-03-06 10:14:06,153 | INFO | evac_sim.simulation.simulation_manager | Progress | frame=4540 | agents=17
2026-03-06 10:14:06,172 | INFO | evac_sim.simulation.simulation_manager | Progress | frame=4550 | agents=16
2026-03-06 10:14:06,199 | INFO | evac_sim.simulation.simulation_manager | Progress | frame=4560 | agents=16
2026-03-06 10:14:06,217 | INFO | evac_sim.simulation.simulation_manager | Progress | frame=4570 | agents=16
2026-03-06 10:14:06,235 | INFO | evac_sim.simulation.simulation_manager | Progress | frame=4580 | agents=16
2026-03-06 10:14:06,255 | INFO | evac_sim.simulation.simulation_manager | Progress | frame=4590 | agents=15
2026-03-06 10:14:06,273 | INFO | evac_sim.simulation.simulation_manager | Progress | frame=4600 | agents=15
2026-03-06 10:14:06,300 | INFO | evac_sim.simulation.simulation_manager | Progress | frame=4610 | agents=15
2026-03-06 10:14:06,317 | INFO | evac_sim.simulation.simulation_manager | Progress | frame=4620 | agents=15
2026-03-06 10:14:06,337 | INFO | evac_sim.simulation.simulation_manager | Progress | frame=4630 | agents=15
2026-03-06 10:14:06,356 | INFO | evac_sim.simulation.simulation_manager | Progress | frame=4640 | agents=14
2026-03-06 10:14:06,375 | INFO | evac_sim.simulation.simulation_manager | Progress | frame=4650 | agents=14
2026-03-06 10:14:06,401 | INFO | evac_sim.simulation.simulation_manager | Progress | frame=4660 | agents=14
2026-03-06 10:14:06,420 | INFO | evac_sim.simulation.simulation_manager | Progress | frame=4670 | agents=14
2026-03-06 10:14:06,438 | INFO | evac_sim.simulation.simulation_manager | Progress | frame=4680 | agents=14
2026-03-06 10:14:06,457 | INFO | evac_sim.simulation.simulation_manager | Progress | frame=4690 | agents=13
2026-03-06 10:14:06,475 | INFO | evac_sim.simulation.simulation_manager | Progress | frame=4700 | agents=13
2026-03-06 10:14:06,502 | INFO | evac_sim.simulation.simulation_manager | Progress | frame=4710 | agents=13
2026-03-06 10:14:06,520 | INFO | evac_sim.simulation.simulation_manager | Progress | frame=4720 | agents=13
2026-03-06 10:14:06,538 | INFO | evac_sim.simulation.simulation_manager | Progress | frame=4730 | agents=13
2026-03-06 10:14:06,556 | INFO | evac_sim.simulation.simulation_manager | Progress | frame=4740 | agents=13
2026-03-06 10:14:06,576 | INFO | evac_sim.simulation.simulation_manager | Progress | frame=4750 | agents=13
2026-03-06 10:14:06,602 | INFO | evac_sim.simulation.simulation_manager | Progress | frame=4760 | agents=13
2026-03-06 10:14:06,620 | INFO | evac_sim.simulation.simulation_manager | Progress | frame=4770 | agents=13
2026-03-06 10:14:06,638 | INFO | evac_sim.simulation.simulation_manager | Progress | frame=4780 | agents=13
2026-03-06 10:14:06,657 | INFO | evac_sim.simulation.simulation_manager | Progress | frame=4790 | agents=13
2026-03-06 10:14:06,675 | INFO | evac_sim.simulation.simulation_manager | Progress | frame=4800 | agents=13
2026-03-06 10:14:06,702 | INFO | evac_sim.simulation.simulation_manager | Progress | frame=4810 | agents=13
2026-03-06 10:14:06,721 | INFO | evac_sim.simulation.simulation_manager | Progress | frame=4820 | agents=13
2026-03-06 10:14:06,739 | INFO | evac_sim.simulation.simulation_manager | Progress | frame=4830 | agents=13
2026-03-06 10:14:06,759 | INFO | evac_sim.simulation.simulation_manager | Progress | frame=4840 | agents=13
2026-03-06 10:14:06,776 | INFO | evac_sim.simulation.simulation_manager | Progress | frame=4850 | agents=13
2026-03-06 10:14:06,804 | INFO | evac_sim.simulation.simulation_manager | Progress | frame=4860 | agents=13
2026-03-06 10:14:06,821 | INFO | evac_sim.simulation.simulation_manager | Progress | frame=4870 | agents=12
2026-03-06 10:14:06,839 | INFO | evac_sim.simulation.simulation_manager | Progress | frame=4880 | agents=12
2026-03-06 10:14:06,858 | INFO | evac_sim.simulation.simulation_manager | Progress | frame=4890 | agents=12
2026-03-06 10:14:06,877 | INFO | evac_sim.simulation.simulation_manager | Progress | frame=4900 | agents=12
2026-03-06 10:14:06,903 | INFO | evac_sim.simulation.simulation_manager | Progress | frame=4910 | agents=12
2026-03-06 10:14:06,921 | INFO | evac_sim.simulation.simulation_manager | Progress | frame=4920 | agents=12
2026-03-06 10:14:06,940 | INFO | evac_sim.simulation.simulation_manager | Progress | frame=4930 | agents=12
2026-03-06 10:14:06,958 | INFO | evac_sim.simulation.simulation_manager | Progress | frame=4940 | agents=12
2026-03-06 10:14:06,977 | INFO | evac_sim.simulation.simulation_manager | Progress | frame=4950 | agents=12
2026-03-06 10:14:07,003 | INFO | evac_sim.simulation.simulation_manager | Progress | frame=4960 | agents=12
2026-03-06 10:14:07,021 | INFO | evac_sim.simulation.simulation_manager | Progress | frame=4970 | agents=12
2026-03-06 10:14:07,039 | INFO | evac_sim.simulation.simulation_manager | Progress | frame=4980 | agents=12
2026-03-06 10:14:07,058 | INFO | evac_sim.simulation.simulation_manager | Progress | frame=4990 | agents=12
2026-03-06 10:14:07,076 | INFO | evac_sim.simulation.simulation_manager | Progress | frame=5000 | agents=12
2026-03-06 10:14:07,102 | INFO | evac_sim.simulation.simulation_manager | Progress | frame=5010 | agents=12
2026-03-06 10:14:07,120 | INFO | evac_sim.simulation.simulation_manager | Progress | frame=5020 | agents=11
2026-03-06 10:14:07,140 | INFO | evac_sim.simulation.simulation_manager | Progress | frame=5030 | agents=11
2026-03-06 10:14:07,158 | INFO | evac_sim.simulation.simulation_manager | Progress | frame=5040 | agents=11
2026-03-06 10:14:07,175 | INFO | evac_sim.simulation.simulation_manager | Progress | frame=5050 | agents=11
2026-03-06 10:14:07,202 | INFO | evac_sim.simulation.simulation_manager | Progress | frame=5060 | agents=11
2026-03-06 10:14:07,220 | INFO | evac_sim.simulation.simulation_manager | Progress | frame=5070 | agents=11
2026-03-06 10:14:07,239 | INFO | evac_sim.simulation.simulation_manager | Progress | frame=5080 | agents=11
2026-03-06 10:14:07,258 | INFO | evac_sim.simulation.simulation_manager | Progress | frame=5090 | agents=11
2026-03-06 10:14:07,277 | INFO | evac_sim.simulation.simulation_manager | Progress | frame=5100 | agents=11
2026-03-06 10:14:07,303 | INFO | evac_sim.simulation.simulation_manager | Progress | frame=5110 | agents=10
2026-03-06 10:14:07,322 | INFO | evac_sim.simulation.simulation_manager | Progress | frame=5120 | agents=10
2026-03-06 10:14:07,340 | INFO | evac_sim.simulation.simulation_manager | Progress | frame=5130 | agents=10
2026-03-06 10:14:07,358 | INFO | evac_sim.simulation.simulation_manager | Progress | frame=5140 | agents=10
2026-03-06 10:14:07,376 | INFO | evac_sim.simulation.simulation_manager | Progress | frame=5150 | agents=10
2026-03-06 10:14:07,400 | INFO | evac_sim.simulation.simulation_manager | Progress | frame=5160 | agents=10
2026-03-06 10:14:07,418 | INFO | evac_sim.simulation.simulation_manager | Progress | frame=5170 | agents=10
2026-03-06 10:14:07,436 | INFO | evac_sim.simulation.simulation_manager | Progress | frame=5180 | agents=9
2026-03-06 10:14:07,454 | INFO | evac_sim.simulation.simulation_manager | Progress | frame=5190 | agents=9
2026-03-06 10:14:07,473 | INFO | evac_sim.simulation.simulation_manager | Progress | frame=5200 | agents=9
2026-03-06 10:14:07,496 | INFO | evac_sim.simulation.simulation_manager | Progress | frame=5210 | agents=9
2026-03-06 10:14:07,515 | INFO | evac_sim.simulation.simulation_manager | Progress | frame=5220 | agents=9
2026-03-06 10:14:07,533 | INFO | evac_sim.simulation.simulation_manager | Progress | frame=5230 | agents=8
2026-03-06 10:14:07,550 | INFO | evac_sim.simulation.simulation_manager | Progress | frame=5240 | agents=8
2026-03-06 10:14:07,568 | INFO | evac_sim.simulation.simulation_manager | Progress | frame=5250 | agents=8
2026-03-06 10:14:07,592 | INFO | evac_sim.simulation.simulation_manager | Progress | frame=5260 | agents=8
2026-03-06 10:14:07,610 | INFO | evac_sim.simulation.simulation_manager | Progress | frame=5270 | agents=8
2026-03-06 10:14:07,628 | INFO | evac_sim.simulation.simulation_manager | Progress | frame=5280 | agents=7
2026-03-06 10:14:07,646 | INFO | evac_sim.simulation.simulation_manager | Progress | frame=5290 | agents=7
2026-03-06 10:14:07,663 | INFO | evac_sim.simulation.simulation_manager | Progress | frame=5300 | agents=7
2026-03-06 10:14:07,686 | INFO | evac_sim.simulation.simulation_manager | Progress | frame=5310 | agents=7
2026-03-06 10:14:07,704 | INFO | evac_sim.simulation.simulation_manager | Progress | frame=5320 | agents=6
2026-03-06 10:14:07,722 | INFO | evac_sim.simulation.simulation_manager | Progress | frame=5330 | agents=6
2026-03-06 10:14:07,741 | INFO | evac_sim.simulation.simulation_manager | Progress | frame=5340 | agents=6
2026-03-06 10:14:07,758 | INFO | evac_sim.simulation.simulation_manager | Progress | frame=5350 | agents=6
2026-03-06 10:14:07,782 | INFO | evac_sim.simulation.simulation_manager | Progress | frame=5360 | agents=6
2026-03-06 10:14:07,800 | INFO | evac_sim.simulation.simulation_manager | Progress | frame=5370 | agents=5
2026-03-06 10:14:07,817 | INFO | evac_sim.simulation.simulation_manager | Progress | frame=5380 | agents=5
2026-03-06 10:14:07,834 | INFO | evac_sim.simulation.simulation_manager | Progress | frame=5390 | agents=5
2026-03-06 10:14:07,851 | INFO | evac_sim.simulation.simulation_manager | Progress | frame=5400 | agents=5
2026-03-06 10:14:07,873 | INFO | evac_sim.simulation.simulation_manager | Progress | frame=5410 | agents=5
2026-03-06 10:14:07,891 | INFO | evac_sim.simulation.simulation_manager | Progress | frame=5420 | agents=5
2026-03-06 10:14:07,909 | INFO | evac_sim.simulation.simulation_manager | Progress | frame=5430 | agents=5
2026-03-06 10:14:07,926 | INFO | evac_sim.simulation.simulation_manager | Progress | frame=5440 | agents=5
2026-03-06 10:14:07,944 | INFO | evac_sim.simulation.simulation_manager | Progress | frame=5450 | agents=5
2026-03-06 10:14:07,964 | INFO | evac_sim.simulation.simulation_manager | Progress | frame=5460 | agents=5
2026-03-06 10:14:07,982 | INFO | evac_sim.simulation.simulation_manager | Progress | frame=5470 | agents=5
2026-03-06 10:14:07,999 | INFO | evac_sim.simulation.simulation_manager | Progress | frame=5480 | agents=5
2026-03-06 10:14:08,017 | INFO | evac_sim.simulation.simulation_manager | Progress | frame=5490 | agents=5
2026-03-06 10:14:08,035 | INFO | evac_sim.simulation.simulation_manager | Progress | frame=5500 | agents=5
2026-03-06 10:14:08,055 | INFO | evac_sim.simulation.simulation_manager | Progress | frame=5510 | agents=5
2026-03-06 10:14:08,074 | INFO | evac_sim.simulation.simulation_manager | Progress | frame=5520 | agents=5
2026-03-06 10:14:08,091 | INFO | evac_sim.simulation.simulation_manager | Progress | frame=5530 | agents=5
2026-03-06 10:14:08,110 | INFO | evac_sim.simulation.simulation_manager | Progress | frame=5540 | agents=5
2026-03-06 10:14:08,128 | INFO | evac_sim.simulation.simulation_manager | Progress | frame=5550 | agents=5
2026-03-06 10:14:08,148 | INFO | evac_sim.simulation.simulation_manager | Progress | frame=5560 | agents=5
2026-03-06 10:14:08,165 | INFO | evac_sim.simulation.simulation_manager | Progress | frame=5570 | agents=5
2026-03-06 10:14:08,183 | INFO | evac_sim.simulation.simulation_manager | Progress | frame=5580 | agents=5
2026-03-06 10:14:08,202 | INFO | evac_sim.simulation.simulation_manager | Progress | frame=5590 | agents=5
2026-03-06 10:14:08,220 | INFO | evac_sim.simulation.simulation_manager | Progress | frame=5600 | agents=5
2026-03-06 10:14:08,241 | INFO | evac_sim.simulation.simulation_manager | Progress | frame=5610 | agents=5
2026-03-06 10:14:08,258 | INFO | evac_sim.simulation.simulation_manager | Progress | frame=5620 | agents=5
2026-03-06 10:14:08,275 | INFO | evac_sim.simulation.simulation_manager | Progress | frame=5630 | agents=5
2026-03-06 10:14:08,293 | INFO | evac_sim.simulation.simulation_manager | Progress | frame=5640 | agents=5
2026-03-06 10:14:08,312 | INFO | evac_sim.simulation.simulation_manager | Progress | frame=5650 | agents=5
2026-03-06 10:14:08,333 | INFO | evac_sim.simulation.simulation_manager | Progress | frame=5660 | agents=4
2026-03-06 10:14:08,351 | INFO | evac_sim.simulation.simulation_manager | Progress | frame=5670 | agents=4
2026-03-06 10:14:08,369 | INFO | evac_sim.simulation.simulation_manager | Progress | frame=5680 | agents=4
2026-03-06 10:14:08,386 | INFO | evac_sim.simulation.simulation_manager | Progress | frame=5690 | agents=4
2026-03-06 10:14:08,404 | INFO | evac_sim.simulation.simulation_manager | Progress | frame=5700 | agents=4
2026-03-06 10:14:08,424 | INFO | evac_sim.simulation.simulation_manager | Progress | frame=5710 | agents=3
2026-03-06 10:14:08,442 | INFO | evac_sim.simulation.simulation_manager | Progress | frame=5720 | agents=3
2026-03-06 10:14:08,460 | INFO | evac_sim.simulation.simulation_manager | Progress | frame=5730 | agents=3
2026-03-06 10:14:08,477 | INFO | evac_sim.simulation.simulation_manager | Progress | frame=5740 | agents=3
2026-03-06 10:14:08,495 | INFO | evac_sim.simulation.simulation_manager | Progress | frame=5750 | agents=3
2026-03-06 10:14:08,516 | INFO | evac_sim.simulation.simulation_manager | Progress | frame=5760 | agents=2
2026-03-06 10:14:08,533 | INFO | evac_sim.simulation.simulation_manager | Progress | frame=5770 | agents=2
2026-03-06 10:14:08,551 | INFO | evac_sim.simulation.simulation_manager | Progress | frame=5780 | agents=2
2026-03-06 10:14:08,568 | INFO | evac_sim.simulation.simulation_manager | Progress | frame=5790 | agents=2
2026-03-06 10:14:08,586 | INFO | evac_sim.simulation.simulation_manager | Progress | frame=5800 | agents=1
2026-03-06 10:14:08,606 | INFO | evac_sim.simulation.simulation_manager | Progress | frame=5810 | agents=1
2026-03-06 10:14:08,623 | INFO | evac_sim.simulation.simulation_manager | Progress | frame=5820 | agents=1
2026-03-06 10:14:08,641 | INFO | evac_sim.simulation.simulation_manager | Progress | frame=5830 | agents=1
2026-03-06 10:14:08,658 | INFO | evac_sim.simulation.simulation_manager | Progress | frame=5840 | agents=1
2026-03-06 10:14:08,664 | INFO | evac_sim.simulation.simulation_manager | Simulation end | last_frame=5843
2026-03-06 10:14:08,695 | INFO | evac_sim.runner | Metrics preview | mode=0 group=82 agents=5 min=5656.000 avg=5750.200 median=5751.000 p90=5824.600 max=5843.000
2026-03-06 10:14:08,707 | INFO | evac_sim.runner | Metrics preview | mode=0 group=83 agents=5 min=5175.000 avg=5270.400 median=5271.000 p90=5345.600 max=5364.000
2026-03-06 10:14:08,716 | INFO | evac_sim.runner | Metrics preview | mode=0 group=73 agents=6 min=2472.000 avg=2633.167 median=2638.500 p90=2748.000 max=2775.000
2026-03-06 10:14:08,726 | INFO | evac_sim.runner | Metrics preview | mode=0 group=77 agents=6 min=2905.000 avg=3054.167 median=3046.500 p90=3182.000 max=3210.000
2026-03-06 10:14:08,741 | INFO | evac_sim.runner | Metrics preview | mode=0 group=92 agents=10 min=4380.000 avg=4675.400 median=4611.000 p90=5026.000 max=5107.000
2026-03-06 10:14:08,742 | INFO | evac_sim.runner | Finished mode=0
2026-03-06 10:14:08,742 | INFO | evac_sim.runner | Mode start | mode=1 env=Cruise_Ship case=unknown
2026-03-06 10:14:08,801 | INFO | evac_sim.simulation.simulation_manager | Simulation start | agents=32
2026-03-06 10:14:08,838 | INFO | evac_sim.simulation.simulation_manager | Progress | frame=10 | agents=32
2026-03-06 10:14:08,860 | INFO | evac_sim.simulation.simulation_manager | Progress | frame=20 | agents=32
2026-03-06 10:14:08,880 | INFO | evac_sim.simulation.simulation_manager | Progress | frame=30 | agents=32
2026-03-06 10:14:08,900 | INFO | evac_sim.simulation.simulation_manager | Progress | frame=40 | agents=32
2026-03-06 10:14:08,922 | INFO | evac_sim.simulation.simulation_manager | Progress | frame=50 | agents=32
2026-03-06 10:14:08,956 | INFO | evac_sim.simulation.simulation_manager | Progress | frame=60 | agents=32
2026-03-06 10:14:08,978 | INFO | evac_sim.simulation.simulation_manager | Progress | frame=70 | agents=32
2026-03-06 10:14:08,998 | INFO | evac_sim.simulation.simulation_manager | Progress | frame=80 | agents=32
2026-03-06 10:14:09,019 | INFO | evac_sim.simulation.simulation_manager | Progress | frame=90 | agents=32
2026-03-06 10:14:09,040 | INFO | evac_sim.simulation.simulation_manager | Progress | frame=100 | agents=32
2026-03-06 10:14:09,075 | INFO | evac_sim.simulation.simulation_manager | Progress | frame=110 | agents=32
2026-03-06 10:14:09,096 | INFO | evac_sim.simulation.simulation_manager | Progress | frame=120 | agents=32
2026-03-06 10:14:09,119 | INFO | evac_sim.simulation.simulation_manager | Progress | frame=130 | agents=32
2026-03-06 10:14:09,140 | INFO | evac_sim.simulation.simulation_manager | Progress | frame=140 | agents=32
2026-03-06 10:14:09,161 | INFO | evac_sim.simulation.simulation_manager | Progress | frame=150 | agents=32
2026-03-06 10:14:09,196 | INFO | evac_sim.simulation.simulation_manager | Progress | frame=160 | agents=32
2026-03-06 10:14:09,217 | INFO | evac_sim.simulation.simulation_manager | Progress | frame=170 | agents=32
2026-03-06 10:14:09,240 | INFO | evac_sim.simulation.simulation_manager | Progress | frame=180 | agents=32
2026-03-06 10:14:09,262 | INFO | evac_sim.simulation.simulation_manager | Progress | frame=190 | agents=32
2026-03-06 10:14:09,284 | INFO | evac_sim.simulation.simulation_manager | Progress | frame=200 | agents=32
2026-03-06 10:14:09,320 | INFO | evac_sim.simulation.simulation_manager | Progress | frame=210 | agents=32
2026-03-06 10:14:09,342 | INFO | evac_sim.simulation.simulation_manager | Progress | frame=220 | agents=32
2026-03-06 10:14:09,366 | INFO | evac_sim.simulation.simulation_manager | Progress | frame=230 | agents=32
2026-03-06 10:14:09,391 | INFO | evac_sim.simulation.simulation_manager | Progress | frame=240 | agents=32
2026-03-06 10:14:09,415 | INFO | evac_sim.simulation.simulation_manager | Progress | frame=250 | agents=32
2026-03-06 10:14:09,455 | INFO | evac_sim.simulation.simulation_manager | Progress | frame=260 | agents=32
2026-03-06 10:14:09,480 | INFO | evac_sim.simulation.simulation_manager | Progress | frame=270 | agents=32
2026-03-06 10:14:09,507 | INFO | evac_sim.simulation.simulation_manager | Progress | frame=280 | agents=32
2026-03-06 10:14:09,531 | INFO | evac_sim.simulation.simulation_manager | Progress | frame=290 | agents=32
2026-03-06 10:14:09,558 | INFO | evac_sim.simulation.simulation_manager | Progress | frame=300 | agents=32
2026-03-06 10:14:09,598 | INFO | evac_sim.simulation.simulation_manager | Progress | frame=310 | agents=32
2026-03-06 10:14:09,622 | INFO | evac_sim.simulation.simulation_manager | Progress | frame=320 | agents=32
2026-03-06 10:14:09,650 | INFO | evac_sim.simulation.simulation_manager | Progress | frame=330 | agents=32
2026-03-06 10:14:09,673 | INFO | evac_sim.simulation.simulation_manager | Progress | frame=340 | agents=32
2026-03-06 10:14:09,700 | INFO | evac_sim.simulation.simulation_manager | Progress | frame=350 | agents=32
2026-03-06 10:14:09,741 | INFO | evac_sim.simulation.simulation_manager | Progress | frame=360 | agents=32
2026-03-06 10:14:09,767 | INFO | evac_sim.simulation.simulation_manager | Progress | frame=370 | agents=32
2026-03-06 10:14:09,793 | INFO | evac_sim.simulation.simulation_manager | Progress | frame=380 | agents=32
2026-03-06 10:14:09,816 | INFO | evac_sim.simulation.simulation_manager | Progress | frame=390 | agents=32
2026-03-06 10:14:09,841 | INFO | evac_sim.simulation.simulation_manager | Progress | frame=400 | agents=32
2026-03-06 10:14:09,847 | INFO | evac_sim.simulation.simulation_manager | Reroute applied | frame=400 | group=83 | agents=5 | curr=92 next=91 | old_len=46 new_len=48
2026-03-06 10:14:10,112 | INFO | evac_sim.simulation.simulation_manager | Reroute applied | frame=400 | group=77 | agents=6 | curr=56 next=24 | old_len=40 new_len=46
2026-03-06 10:14:10,342 | INFO | evac_sim.simulation.simulation_manager | Reroute applied | frame=400 | group=92 | agents=10 | curr=61 next=60 | old_len=43 new_len=48
2026-03-06 10:14:10,364 | INFO | evac_sim.simulation.simulation_manager | Progress | frame=410 | agents=32
2026-03-06 10:14:10,386 | INFO | evac_sim.simulation.simulation_manager | Progress | frame=420 | agents=32
2026-03-06 10:14:10,406 | INFO | evac_sim.simulation.simulation_manager | Progress | frame=430 | agents=32
2026-03-06 10:14:10,428 | INFO | evac_sim.simulation.simulation_manager | Progress | frame=440 | agents=32
2026-03-06 10:14:10,450 | INFO | evac_sim.simulation.simulation_manager | Progress | frame=450 | agents=32
2026-03-06 10:14:10,485 | INFO | evac_sim.simulation.simulation_manager | Progress | frame=460 | agents=32
2026-03-06 10:14:10,506 | INFO | evac_sim.simulation.simulation_manager | Progress | frame=470 | agents=32
2026-03-06 10:14:10,527 | INFO | evac_sim.simulation.simulation_manager | Progress | frame=480 | agents=32
2026-03-06 10:14:10,549 | INFO | evac_sim.simulation.simulation_manager | Progress | frame=490 | agents=32
2026-03-06 10:14:10,569 | INFO | evac_sim.simulation.simulation_manager | Progress | frame=500 | agents=32
2026-03-06 10:14:10,604 | INFO | evac_sim.simulation.simulation_manager | Progress | frame=510 | agents=32
2026-03-06 10:14:10,626 | INFO | evac_sim.simulation.simulation_manager | Progress | frame=520 | agents=32
2026-03-06 10:14:10,646 | INFO | evac_sim.simulation.simulation_manager | Progress | frame=530 | agents=32
2026-03-06 10:14:10,668 | INFO | evac_sim.simulation.simulation_manager | Progress | frame=540 | agents=32
2026-03-06 10:14:10,689 | INFO | evac_sim.simulation.simulation_manager | Progress | frame=550 | agents=32
2026-03-06 10:14:10,725 | INFO | evac_sim.simulation.simulation_manager | Progress | frame=560 | agents=32
2026-03-06 10:14:10,746 | INFO | evac_sim.simulation.simulation_manager | Progress | frame=570 | agents=32
2026-03-06 10:14:10,768 | INFO | evac_sim.simulation.simulation_manager | Progress | frame=580 | agents=32
2026-03-06 10:14:10,790 | INFO | evac_sim.simulation.simulation_manager | Progress | frame=590 | agents=32
2026-03-06 10:14:10,812 | INFO | evac_sim.simulation.simulation_manager | Progress | frame=600 | agents=32
2026-03-06 10:14:10,848 | INFO | evac_sim.simulation.simulation_manager | Progress | frame=610 | agents=32
2026-03-06 10:14:10,870 | INFO | evac_sim.simulation.simulation_manager | Progress | frame=620 | agents=32
2026-03-06 10:14:10,891 | INFO | evac_sim.simulation.simulation_manager | Progress | frame=630 | agents=32
2026-03-06 10:14:10,914 | INFO | evac_sim.simulation.simulation_manager | Progress | frame=640 | agents=32
2026-03-06 10:14:10,935 | INFO | evac_sim.simulation.simulation_manager | Progress | frame=650 | agents=32
2026-03-06 10:14:10,970 | INFO | evac_sim.simulation.simulation_manager | Progress | frame=660 | agents=32
2026-03-06 10:14:10,992 | INFO | evac_sim.simulation.simulation_manager | Progress | frame=670 | agents=32
2026-03-06 10:14:11,014 | INFO | evac_sim.simulation.simulation_manager | Progress | frame=680 | agents=32
2026-03-06 10:14:11,036 | INFO | evac_sim.simulation.simulation_manager | Progress | frame=690 | agents=32
2026-03-06 10:14:11,060 | INFO | evac_sim.simulation.simulation_manager | Progress | frame=700 | agents=32
2026-03-06 10:14:11,095 | INFO | evac_sim.simulation.simulation_manager | Progress | frame=710 | agents=32
2026-03-06 10:14:11,117 | INFO | evac_sim.simulation.simulation_manager | Progress | frame=720 | agents=32
2026-03-06 10:14:11,138 | INFO | evac_sim.simulation.simulation_manager | Progress | frame=730 | agents=32
2026-03-06 10:14:11,160 | INFO | evac_sim.simulation.simulation_manager | Progress | frame=740 | agents=32
2026-03-06 10:14:11,182 | INFO | evac_sim.simulation.simulation_manager | Progress | frame=750 | agents=32
2026-03-06 10:14:11,216 | INFO | evac_sim.simulation.simulation_manager | Progress | frame=760 | agents=32
2026-03-06 10:14:11,238 | INFO | evac_sim.simulation.simulation_manager | Progress | frame=770 | agents=32
2026-03-06 10:14:11,260 | INFO | evac_sim.simulation.simulation_manager | Progress | frame=780 | agents=32
2026-03-06 10:14:11,281 | INFO | evac_sim.simulation.simulation_manager | Progress | frame=790 | agents=32
2026-03-06 10:14:11,303 | INFO | evac_sim.simulation.simulation_manager | Progress | frame=800 | agents=32
2026-03-06 10:14:11,338 | INFO | evac_sim.simulation.simulation_manager | Progress | frame=810 | agents=32
2026-03-06 10:14:11,359 | INFO | evac_sim.simulation.simulation_manager | Progress | frame=820 | agents=32
2026-03-06 10:14:11,381 | INFO | evac_sim.simulation.simulation_manager | Progress | frame=830 | agents=32
2026-03-06 10:14:11,403 | INFO | evac_sim.simulation.simulation_manager | Progress | frame=840 | agents=32
2026-03-06 10:14:11,424 | INFO | evac_sim.simulation.simulation_manager | Progress | frame=850 | agents=32
2026-03-06 10:14:11,459 | INFO | evac_sim.simulation.simulation_manager | Progress | frame=860 | agents=32
2026-03-06 10:14:11,481 | INFO | evac_sim.simulation.simulation_manager | Progress | frame=870 | agents=32
2026-03-06 10:14:11,502 | INFO | evac_sim.simulation.simulation_manager | Progress | frame=880 | agents=32
2026-03-06 10:14:11,523 | INFO | evac_sim.simulation.simulation_manager | Progress | frame=890 | agents=32
2026-03-06 10:14:11,545 | INFO | evac_sim.simulation.simulation_manager | Progress | frame=900 | agents=32
2026-03-06 10:14:11,579 | INFO | evac_sim.simulation.simulation_manager | Progress | frame=910 | agents=32
2026-03-06 10:14:11,601 | INFO | evac_sim.simulation.simulation_manager | Progress | frame=920 | agents=32
2026-03-06 10:14:11,621 | INFO | evac_sim.simulation.simulation_manager | Progress | frame=930 | agents=32
2026-03-06 10:14:11,642 | INFO | evac_sim.simulation.simulation_manager | Progress | frame=940 | agents=32
2026-03-06 10:14:11,664 | INFO | evac_sim.simulation.simulation_manager | Progress | frame=950 | agents=32
2026-03-06 10:14:11,698 | INFO | evac_sim.simulation.simulation_manager | Progress | frame=960 | agents=32
2026-03-06 10:14:11,720 | INFO | evac_sim.simulation.simulation_manager | Progress | frame=970 | agents=32
2026-03-06 10:14:11,741 | INFO | evac_sim.simulation.simulation_manager | Progress | frame=980 | agents=32
2026-03-06 10:14:11,762 | INFO | evac_sim.simulation.simulation_manager | Progress | frame=990 | agents=32
2026-03-06 10:14:11,784 | INFO | evac_sim.simulation.simulation_manager | Progress | frame=1000 | agents=32
2026-03-06 10:14:11,819 | INFO | evac_sim.simulation.simulation_manager | Progress | frame=1010 | agents=32
2026-03-06 10:14:11,842 | INFO | evac_sim.simulation.simulation_manager | Progress | frame=1020 | agents=32
2026-03-06 10:14:11,863 | INFO | evac_sim.simulation.simulation_manager | Progress | frame=1030 | agents=32
2026-03-06 10:14:11,885 | INFO | evac_sim.simulation.simulation_manager | Progress | frame=1040 | agents=32
2026-03-06 10:14:11,905 | INFO | evac_sim.simulation.simulation_manager | Progress | frame=1050 | agents=32
2026-03-06 10:14:11,941 | INFO | evac_sim.simulation.simulation_manager | Progress | frame=1060 | agents=32
2026-03-06 10:14:11,961 | INFO | evac_sim.simulation.simulation_manager | Progress | frame=1070 | agents=32
2026-03-06 10:14:11,982 | INFO | evac_sim.simulation.simulation_manager | Progress | frame=1080 | agents=32
2026-03-06 10:14:12,003 | INFO | evac_sim.simulation.simulation_manager | Progress | frame=1090 | agents=32
2026-03-06 10:14:12,024 | INFO | evac_sim.simulation.simulation_manager | Progress | frame=1100 | agents=32
2026-03-06 10:14:12,060 | INFO | evac_sim.simulation.simulation_manager | Progress | frame=1110 | agents=32
2026-03-06 10:14:12,081 | INFO | evac_sim.simulation.simulation_manager | Progress | frame=1120 | agents=32
2026-03-06 10:14:12,102 | INFO | evac_sim.simulation.simulation_manager | Progress | frame=1130 | agents=32
2026-03-06 10:14:12,122 | INFO | evac_sim.simulation.simulation_manager | Progress | frame=1140 | agents=32
2026-03-06 10:14:12,144 | INFO | evac_sim.simulation.simulation_manager | Progress | frame=1150 | agents=32
2026-03-06 10:14:12,178 | INFO | evac_sim.simulation.simulation_manager | Progress | frame=1160 | agents=32
2026-03-06 10:14:12,200 | INFO | evac_sim.simulation.simulation_manager | Progress | frame=1170 | agents=32
2026-03-06 10:14:12,220 | INFO | evac_sim.simulation.simulation_manager | Progress | frame=1180 | agents=32
2026-03-06 10:14:12,242 | INFO | evac_sim.simulation.simulation_manager | Progress | frame=1190 | agents=32
2026-03-06 10:14:12,264 | INFO | evac_sim.simulation.simulation_manager | Progress | frame=1200 | agents=32
2026-03-06 10:14:12,299 | INFO | evac_sim.simulation.simulation_manager | Progress | frame=1210 | agents=32
2026-03-06 10:14:12,319 | INFO | evac_sim.simulation.simulation_manager | Progress | frame=1220 | agents=32
2026-03-06 10:14:12,340 | INFO | evac_sim.simulation.simulation_manager | Progress | frame=1230 | agents=32
2026-03-06 10:14:12,362 | INFO | evac_sim.simulation.simulation_manager | Progress | frame=1240 | agents=32
2026-03-06 10:14:12,382 | INFO | evac_sim.simulation.simulation_manager | Progress | frame=1250 | agents=32
2026-03-06 10:14:12,418 | INFO | evac_sim.simulation.simulation_manager | Progress | frame=1260 | agents=32
2026-03-06 10:14:12,439 | INFO | evac_sim.simulation.simulation_manager | Progress | frame=1270 | agents=32
2026-03-06 10:14:12,460 | INFO | evac_sim.simulation.simulation_manager | Progress | frame=1280 | agents=32
2026-03-06 10:14:12,481 | INFO | evac_sim.simulation.simulation_manager | Progress | frame=1290 | agents=32
2026-03-06 10:14:12,503 | INFO | evac_sim.simulation.simulation_manager | Progress | frame=1300 | agents=32
2026-03-06 10:14:12,544 | INFO | evac_sim.simulation.simulation_manager | Progress | frame=1310 | agents=32
2026-03-06 10:14:12,569 | INFO | evac_sim.simulation.simulation_manager | Progress | frame=1320 | agents=32
2026-03-06 10:14:12,594 | INFO | evac_sim.simulation.simulation_manager | Progress | frame=1330 | agents=32
2026-03-06 10:14:12,620 | INFO | evac_sim.simulation.simulation_manager | Progress | frame=1340 | agents=32
2026-03-06 10:14:12,646 | INFO | evac_sim.simulation.simulation_manager | Progress | frame=1350 | agents=32
2026-03-06 10:14:12,689 | INFO | evac_sim.simulation.simulation_manager | Progress | frame=1360 | agents=32
2026-03-06 10:14:12,715 | INFO | evac_sim.simulation.simulation_manager | Progress | frame=1370 | agents=32
2026-03-06 10:14:12,740 | INFO | evac_sim.simulation.simulation_manager | Progress | frame=1380 | agents=32
2026-03-06 10:14:12,764 | INFO | evac_sim.simulation.simulation_manager | Progress | frame=1390 | agents=32
2026-03-06 10:14:12,793 | INFO | evac_sim.simulation.simulation_manager | Progress | frame=1400 | agents=32
2026-03-06 10:14:12,834 | INFO | evac_sim.simulation.simulation_manager | Progress | frame=1410 | agents=32
2026-03-06 10:14:12,861 | INFO | evac_sim.simulation.simulation_manager | Progress | frame=1420 | agents=32
2026-03-06 10:14:12,886 | INFO | evac_sim.simulation.simulation_manager | Progress | frame=1430 | agents=32
2026-03-06 10:14:12,911 | INFO | evac_sim.simulation.simulation_manager | Progress | frame=1440 | agents=32
2026-03-06 10:14:12,937 | INFO | evac_sim.simulation.simulation_manager | Progress | frame=1450 | agents=32
2026-03-06 10:14:12,974 | INFO | evac_sim.simulation.simulation_manager | Progress | frame=1460 | agents=32
2026-03-06 10:14:12,995 | INFO | evac_sim.simulation.simulation_manager | Progress | frame=1470 | agents=32
2026-03-06 10:14:13,016 | INFO | evac_sim.simulation.simulation_manager | Progress | frame=1480 | agents=32
2026-03-06 10:14:13,038 | INFO | evac_sim.simulation.simulation_manager | Progress | frame=1490 | agents=32
2026-03-06 10:14:13,060 | INFO | evac_sim.simulation.simulation_manager | Progress | frame=1500 | agents=32
2026-03-06 10:14:13,094 | INFO | evac_sim.simulation.simulation_manager | Progress | frame=1510 | agents=32
2026-03-06 10:14:13,115 | INFO | evac_sim.simulation.simulation_manager | Progress | frame=1520 | agents=32
2026-03-06 10:14:13,138 | INFO | evac_sim.simulation.simulation_manager | Progress | frame=1530 | agents=32
2026-03-06 10:14:13,159 | INFO | evac_sim.simulation.simulation_manager | Progress | frame=1540 | agents=32
2026-03-06 10:14:13,181 | INFO | evac_sim.simulation.simulation_manager | Progress | frame=1550 | agents=32
2026-03-06 10:14:13,216 | INFO | evac_sim.simulation.simulation_manager | Progress | frame=1560 | agents=32
2026-03-06 10:14:13,238 | INFO | evac_sim.simulation.simulation_manager | Progress | frame=1570 | agents=32
2026-03-06 10:14:13,259 | INFO | evac_sim.simulation.simulation_manager | Progress | frame=1580 | agents=32
2026-03-06 10:14:13,281 | INFO | evac_sim.simulation.simulation_manager | Progress | frame=1590 | agents=32
2026-03-06 10:14:13,302 | INFO | evac_sim.simulation.simulation_manager | Progress | frame=1600 | agents=32
2026-03-06 10:14:13,337 | INFO | evac_sim.simulation.simulation_manager | Progress | frame=1610 | agents=32
2026-03-06 10:14:13,359 | INFO | evac_sim.simulation.simulation_manager | Progress | frame=1620 | agents=32
2026-03-06 10:14:13,380 | INFO | evac_sim.simulation.simulation_manager | Progress | frame=1630 | agents=32
2026-03-06 10:14:13,402 | INFO | evac_sim.simulation.simulation_manager | Progress | frame=1640 | agents=32
2026-03-06 10:14:13,422 | INFO | evac_sim.simulation.simulation_manager | Progress | frame=1650 | agents=32
2026-03-06 10:14:13,457 | INFO | evac_sim.simulation.simulation_manager | Progress | frame=1660 | agents=32
2026-03-06 10:14:13,479 | INFO | evac_sim.simulation.simulation_manager | Progress | frame=1670 | agents=32
2026-03-06 10:14:13,500 | INFO | evac_sim.simulation.simulation_manager | Progress | frame=1680 | agents=32
2026-03-06 10:14:13,522 | INFO | evac_sim.simulation.simulation_manager | Progress | frame=1690 | agents=32
2026-03-06 10:14:13,543 | INFO | evac_sim.simulation.simulation_manager | Progress | frame=1700 | agents=32
2026-03-06 10:14:13,578 | INFO | evac_sim.simulation.simulation_manager | Progress | frame=1710 | agents=32
2026-03-06 10:14:13,600 | INFO | evac_sim.simulation.simulation_manager | Progress | frame=1720 | agents=32
2026-03-06 10:14:13,621 | INFO | evac_sim.simulation.simulation_manager | Progress | frame=1730 | agents=32
2026-03-06 10:14:13,643 | INFO | evac_sim.simulation.simulation_manager | Progress | frame=1740 | agents=32
2026-03-06 10:14:13,665 | INFO | evac_sim.simulation.simulation_manager | Progress | frame=1750 | agents=32
2026-03-06 10:14:13,700 | INFO | evac_sim.simulation.simulation_manager | Progress | frame=1760 | agents=32
2026-03-06 10:14:13,721 | INFO | evac_sim.simulation.simulation_manager | Progress | frame=1770 | agents=32
2026-03-06 10:14:13,743 | INFO | evac_sim.simulation.simulation_manager | Progress | frame=1780 | agents=32
2026-03-06 10:14:13,763 | INFO | evac_sim.simulation.simulation_manager | Progress | frame=1790 | agents=32
2026-03-06 10:14:13,786 | INFO | evac_sim.simulation.simulation_manager | Progress | frame=1800 | agents=32
2026-03-06 10:14:13,821 | INFO | evac_sim.simulation.simulation_manager | Progress | frame=1810 | agents=32
2026-03-06 10:14:13,842 | INFO | evac_sim.simulation.simulation_manager | Progress | frame=1820 | agents=32
2026-03-06 10:14:13,863 | INFO | evac_sim.simulation.simulation_manager | Progress | frame=1830 | agents=32
2026-03-06 10:14:13,885 | INFO | evac_sim.simulation.simulation_manager | Progress | frame=1840 | agents=32
2026-03-06 10:14:13,906 | INFO | evac_sim.simulation.simulation_manager | Progress | frame=1850 | agents=32
2026-03-06 10:14:13,941 | INFO | evac_sim.simulation.simulation_manager | Progress | frame=1860 | agents=32
2026-03-06 10:14:13,963 | INFO | evac_sim.simulation.simulation_manager | Progress | frame=1870 | agents=32
2026-03-06 10:14:13,983 | INFO | evac_sim.simulation.simulation_manager | Progress | frame=1880 | agents=32
2026-03-06 10:14:14,005 | INFO | evac_sim.simulation.simulation_manager | Progress | frame=1890 | agents=32
2026-03-06 10:14:14,027 | INFO | evac_sim.simulation.simulation_manager | Progress | frame=1900 | agents=32
2026-03-06 10:14:14,062 | INFO | evac_sim.simulation.simulation_manager | Progress | frame=1910 | agents=32
2026-03-06 10:14:14,084 | INFO | evac_sim.simulation.simulation_manager | Progress | frame=1920 | agents=32
2026-03-06 10:14:14,104 | INFO | evac_sim.simulation.simulation_manager | Progress | frame=1930 | agents=32
2026-03-06 10:14:14,125 | INFO | evac_sim.simulation.simulation_manager | Progress | frame=1940 | agents=32
2026-03-06 10:14:14,147 | INFO | evac_sim.simulation.simulation_manager | Progress | frame=1950 | agents=32
2026-03-06 10:14:14,182 | INFO | evac_sim.simulation.simulation_manager | Progress | frame=1960 | agents=32
2026-03-06 10:14:14,203 | INFO | evac_sim.simulation.simulation_manager | Progress | frame=1970 | agents=32
2026-03-06 10:14:14,226 | INFO | evac_sim.simulation.simulation_manager | Progress | frame=1980 | agents=32
2026-03-06 10:14:14,246 | INFO | evac_sim.simulation.simulation_manager | Progress | frame=1990 | agents=32
2026-03-06 10:14:14,267 | INFO | evac_sim.simulation.simulation_manager | Progress | frame=2000 | agents=32
2026-03-06 10:14:14,303 | INFO | evac_sim.simulation.simulation_manager | Progress | frame=2010 | agents=32
2026-03-06 10:14:14,323 | INFO | evac_sim.simulation.simulation_manager | Progress | frame=2020 | agents=32
2026-03-06 10:14:14,345 | INFO | evac_sim.simulation.simulation_manager | Progress | frame=2030 | agents=32
2026-03-06 10:14:14,366 | INFO | evac_sim.simulation.simulation_manager | Progress | frame=2040 | agents=32
2026-03-06 10:14:14,387 | INFO | evac_sim.simulation.simulation_manager | Progress | frame=2050 | agents=32
2026-03-06 10:14:14,422 | INFO | evac_sim.simulation.simulation_manager | Progress | frame=2060 | agents=32
2026-03-06 10:14:14,443 | INFO | evac_sim.simulation.simulation_manager | Progress | frame=2070 | agents=32
2026-03-06 10:14:14,464 | INFO | evac_sim.simulation.simulation_manager | Progress | frame=2080 | agents=32
2026-03-06 10:14:14,487 | INFO | evac_sim.simulation.simulation_manager | Progress | frame=2090 | agents=32
2026-03-06 10:14:14,507 | INFO | evac_sim.simulation.simulation_manager | Progress | frame=2100 | agents=32
2026-03-06 10:14:14,542 | INFO | evac_sim.simulation.simulation_manager | Progress | frame=2110 | agents=32
2026-03-06 10:14:14,565 | INFO | evac_sim.simulation.simulation_manager | Progress | frame=2120 | agents=32
2026-03-06 10:14:14,585 | INFO | evac_sim.simulation.simulation_manager | Progress | frame=2130 | agents=32
2026-03-06 10:14:14,606 | INFO | evac_sim.simulation.simulation_manager | Progress | frame=2140 | agents=32
2026-03-06 10:14:14,627 | INFO | evac_sim.simulation.simulation_manager | Progress | frame=2150 | agents=32
2026-03-06 10:14:14,661 | INFO | evac_sim.simulation.simulation_manager | Progress | frame=2160 | agents=32
2026-03-06 10:14:14,682 | INFO | evac_sim.simulation.simulation_manager | Progress | frame=2170 | agents=32
2026-03-06 10:14:14,704 | INFO | evac_sim.simulation.simulation_manager | Progress | frame=2180 | agents=32
2026-03-06 10:14:14,724 | INFO | evac_sim.simulation.simulation_manager | Progress | frame=2190 | agents=32
2026-03-06 10:14:14,745 | INFO | evac_sim.simulation.simulation_manager | Progress | frame=2200 | agents=32
2026-03-06 10:14:14,870 | INFO | evac_sim.simulation.simulation_manager | Reroute applied | frame=2200 | group=82 | agents=5 | curr=54 next=55 | old_len=48 new_len=56
2026-03-06 10:14:15,292 | INFO | evac_sim.simulation.simulation_manager | Reroute applied | frame=2200 | group=83 | agents=5 | curr=139 next=140 | old_len=48 new_len=56
2026-03-06 10:14:15,831 | INFO | evac_sim.simulation.simulation_manager | Reroute applied | frame=2200 | group=92 | agents=10 | curr=157 next=156 | old_len=48 new_len=66
2026-03-06 10:14:15,853 | INFO | evac_sim.simulation.simulation_manager | Progress | frame=2210 | agents=32
2026-03-06 10:14:15,873 | INFO | evac_sim.simulation.simulation_manager | Progress | frame=2220 | agents=32
2026-03-06 10:14:15,895 | INFO | evac_sim.simulation.simulation_manager | Progress | frame=2230 | agents=32
2026-03-06 10:14:15,915 | INFO | evac_sim.simulation.simulation_manager | Progress | frame=2240 | agents=32
2026-03-06 10:14:15,938 | INFO | evac_sim.simulation.simulation_manager | Progress | frame=2250 | agents=32
2026-03-06 10:14:15,971 | INFO | evac_sim.simulation.simulation_manager | Progress | frame=2260 | agents=32
2026-03-06 10:14:15,992 | INFO | evac_sim.simulation.simulation_manager | Progress | frame=2270 | agents=32
2026-03-06 10:14:16,012 | INFO | evac_sim.simulation.simulation_manager | Progress | frame=2280 | agents=32
2026-03-06 10:14:16,033 | INFO | evac_sim.simulation.simulation_manager | Progress | frame=2290 | agents=32
2026-03-06 10:14:16,054 | INFO | evac_sim.simulation.simulation_manager | Progress | frame=2300 | agents=32
2026-03-06 10:14:16,088 | INFO | evac_sim.simulation.simulation_manager | Progress | frame=2310 | agents=32
2026-03-06 10:14:16,109 | INFO | evac_sim.simulation.simulation_manager | Progress | frame=2320 | agents=32
2026-03-06 10:14:16,129 | INFO | evac_sim.simulation.simulation_manager | Progress | frame=2330 | agents=32
2026-03-06 10:14:16,150 | INFO | evac_sim.simulation.simulation_manager | Progress | frame=2340 | agents=32
2026-03-06 10:14:16,171 | INFO | evac_sim.simulation.simulation_manager | Progress | frame=2350 | agents=32
2026-03-06 10:14:16,206 | INFO | evac_sim.simulation.simulation_manager | Progress | frame=2360 | agents=32
2026-03-06 10:14:16,227 | INFO | evac_sim.simulation.simulation_manager | Progress | frame=2370 | agents=32
2026-03-06 10:14:16,247 | INFO | evac_sim.simulation.simulation_manager | Progress | frame=2380 | agents=32
2026-03-06 10:14:16,268 | INFO | evac_sim.simulation.simulation_manager | Progress | frame=2390 | agents=32
2026-03-06 10:14:16,288 | INFO | evac_sim.simulation.simulation_manager | Progress | frame=2400 | agents=32
2026-03-06 10:14:16,323 | INFO | evac_sim.simulation.simulation_manager | Progress | frame=2410 | agents=32
2026-03-06 10:14:16,344 | INFO | evac_sim.simulation.simulation_manager | Progress | frame=2420 | agents=32
2026-03-06 10:14:16,364 | INFO | evac_sim.simulation.simulation_manager | Progress | frame=2430 | agents=32
2026-03-06 10:14:16,386 | INFO | evac_sim.simulation.simulation_manager | Progress | frame=2440 | agents=32
2026-03-06 10:14:16,406 | INFO | evac_sim.simulation.simulation_manager | Progress | frame=2450 | agents=32
2026-03-06 10:14:16,442 | INFO | evac_sim.simulation.simulation_manager | Progress | frame=2460 | agents=32
2026-03-06 10:14:16,462 | INFO | evac_sim.simulation.simulation_manager | Progress | frame=2470 | agents=32
2026-03-06 10:14:16,483 | INFO | evac_sim.simulation.simulation_manager | Progress | frame=2480 | agents=31
2026-03-06 10:14:16,504 | INFO | evac_sim.simulation.simulation_manager | Progress | frame=2490 | agents=31
2026-03-06 10:14:16,524 | INFO | evac_sim.simulation.simulation_manager | Progress | frame=2500 | agents=31
2026-03-06 10:14:16,559 | INFO | evac_sim.simulation.simulation_manager | Progress | frame=2510 | agents=31
2026-03-06 10:14:16,579 | INFO | evac_sim.simulation.simulation_manager | Progress | frame=2520 | agents=31
2026-03-06 10:14:16,600 | INFO | evac_sim.simulation.simulation_manager | Progress | frame=2530 | agents=31
2026-03-06 10:14:16,621 | INFO | evac_sim.simulation.simulation_manager | Progress | frame=2540 | agents=31
2026-03-06 10:14:16,642 | INFO | evac_sim.simulation.simulation_manager | Progress | frame=2550 | agents=31
2026-03-06 10:14:16,676 | INFO | evac_sim.simulation.simulation_manager | Progress | frame=2560 | agents=30
2026-03-06 10:14:16,696 | INFO | evac_sim.simulation.simulation_manager | Progress | frame=2570 | agents=30
2026-03-06 10:14:16,717 | INFO | evac_sim.simulation.simulation_manager | Progress | frame=2580 | agents=30
2026-03-06 10:14:16,737 | INFO | evac_sim.simulation.simulation_manager | Progress | frame=2590 | agents=30
2026-03-06 10:14:16,757 | INFO | evac_sim.simulation.simulation_manager | Progress | frame=2600 | agents=30
2026-03-06 10:14:16,791 | INFO | evac_sim.simulation.simulation_manager | Progress | frame=2610 | agents=30
2026-03-06 10:14:16,811 | INFO | evac_sim.simulation.simulation_manager | Progress | frame=2620 | agents=29
2026-03-06 10:14:16,832 | INFO | evac_sim.simulation.simulation_manager | Progress | frame=2630 | agents=29
2026-03-06 10:14:16,851 | INFO | evac_sim.simulation.simulation_manager | Progress | frame=2640 | agents=29
2026-03-06 10:14:16,872 | INFO | evac_sim.simulation.simulation_manager | Progress | frame=2650 | agents=29
2026-03-06 10:14:16,905 | INFO | evac_sim.simulation.simulation_manager | Progress | frame=2660 | agents=29
2026-03-06 10:14:16,924 | INFO | evac_sim.simulation.simulation_manager | Progress | frame=2670 | agents=28
2026-03-06 10:14:16,945 | INFO | evac_sim.simulation.simulation_manager | Progress | frame=2680 | agents=28
2026-03-06 10:14:16,964 | INFO | evac_sim.simulation.simulation_manager | Progress | frame=2690 | agents=28
2026-03-06 10:14:16,984 | INFO | evac_sim.simulation.simulation_manager | Progress | frame=2700 | agents=28
2026-03-06 10:14:17,018 | INFO | evac_sim.simulation.simulation_manager | Progress | frame=2710 | agents=28
2026-03-06 10:14:17,038 | INFO | evac_sim.simulation.simulation_manager | Progress | frame=2720 | agents=28
2026-03-06 10:14:17,058 | INFO | evac_sim.simulation.simulation_manager | Progress | frame=2730 | agents=27
2026-03-06 10:14:17,078 | INFO | evac_sim.simulation.simulation_manager | Progress | frame=2740 | agents=27
2026-03-06 10:14:17,098 | INFO | evac_sim.simulation.simulation_manager | Progress | frame=2750 | agents=27
2026-03-06 10:14:17,132 | INFO | evac_sim.simulation.simulation_manager | Progress | frame=2760 | agents=27
2026-03-06 10:14:17,152 | INFO | evac_sim.simulation.simulation_manager | Progress | frame=2770 | agents=27
2026-03-06 10:14:17,172 | INFO | evac_sim.simulation.simulation_manager | Progress | frame=2780 | agents=26
2026-03-06 10:14:17,192 | INFO | evac_sim.simulation.simulation_manager | Progress | frame=2790 | agents=26
2026-03-06 10:14:17,211 | INFO | evac_sim.simulation.simulation_manager | Progress | frame=2800 | agents=26
2026-03-06 10:14:17,243 | INFO | evac_sim.simulation.simulation_manager | Progress | frame=2810 | agents=26
2026-03-06 10:14:17,262 | INFO | evac_sim.simulation.simulation_manager | Progress | frame=2820 | agents=26
2026-03-06 10:14:17,283 | INFO | evac_sim.simulation.simulation_manager | Progress | frame=2830 | agents=26
2026-03-06 10:14:17,302 | INFO | evac_sim.simulation.simulation_manager | Progress | frame=2840 | agents=26
2026-03-06 10:14:17,323 | INFO | evac_sim.simulation.simulation_manager | Progress | frame=2850 | agents=26
2026-03-06 10:14:17,353 | INFO | evac_sim.simulation.simulation_manager | Progress | frame=2860 | agents=25
2026-03-06 10:14:17,372 | INFO | evac_sim.simulation.simulation_manager | Progress | frame=2870 | agents=25
2026-03-06 10:14:17,391 | INFO | evac_sim.simulation.simulation_manager | Progress | frame=2880 | agents=25
2026-03-06 10:14:17,412 | INFO | evac_sim.simulation.simulation_manager | Progress | frame=2890 | agents=25
2026-03-06 10:14:17,431 | INFO | evac_sim.simulation.simulation_manager | Progress | frame=2900 | agents=25
2026-03-06 10:14:17,462 | INFO | evac_sim.simulation.simulation_manager | Progress | frame=2910 | agents=25
2026-03-06 10:14:17,481 | INFO | evac_sim.simulation.simulation_manager | Progress | frame=2920 | agents=24
2026-03-06 10:14:17,501 | INFO | evac_sim.simulation.simulation_manager | Progress | frame=2930 | agents=24
2026-03-06 10:14:17,520 | INFO | evac_sim.simulation.simulation_manager | Progress | frame=2940 | agents=24
2026-03-06 10:14:17,540 | INFO | evac_sim.simulation.simulation_manager | Progress | frame=2950 | agents=24
2026-03-06 10:14:17,570 | INFO | evac_sim.simulation.simulation_manager | Progress | frame=2960 | agents=24
2026-03-06 10:14:17,590 | INFO | evac_sim.simulation.simulation_manager | Progress | frame=2970 | agents=23
2026-03-06 10:14:17,608 | INFO | evac_sim.simulation.simulation_manager | Progress | frame=2980 | agents=23
2026-03-06 10:14:17,627 | INFO | evac_sim.simulation.simulation_manager | Progress | frame=2990 | agents=23
2026-03-06 10:14:17,648 | INFO | evac_sim.simulation.simulation_manager | Progress | frame=3000 | agents=23
2026-03-06 10:14:17,678 | INFO | evac_sim.simulation.simulation_manager | Progress | frame=3010 | agents=23
2026-03-06 10:14:17,697 | INFO | evac_sim.simulation.simulation_manager | Progress | frame=3020 | agents=23
2026-03-06 10:14:17,716 | INFO | evac_sim.simulation.simulation_manager | Progress | frame=3030 | agents=22
2026-03-06 10:14:17,735 | INFO | evac_sim.simulation.simulation_manager | Progress | frame=3040 | agents=22
2026-03-06 10:14:17,755 | INFO | evac_sim.simulation.simulation_manager | Progress | frame=3050 | agents=22
2026-03-06 10:14:17,786 | INFO | evac_sim.simulation.simulation_manager | Progress | frame=3060 | agents=22
2026-03-06 10:14:17,804 | INFO | evac_sim.simulation.simulation_manager | Progress | frame=3070 | agents=22
2026-03-06 10:14:17,824 | INFO | evac_sim.simulation.simulation_manager | Progress | frame=3080 | agents=21
2026-03-06 10:14:17,844 | INFO | evac_sim.simulation.simulation_manager | Progress | frame=3090 | agents=21
2026-03-06 10:14:17,863 | INFO | evac_sim.simulation.simulation_manager | Progress | frame=3100 | agents=21
2026-03-06 10:14:17,892 | INFO | evac_sim.simulation.simulation_manager | Progress | frame=3110 | agents=21
2026-03-06 10:14:17,911 | INFO | evac_sim.simulation.simulation_manager | Progress | frame=3120 | agents=21
2026-03-06 10:14:17,930 | INFO | evac_sim.simulation.simulation_manager | Progress | frame=3130 | agents=21
2026-03-06 10:14:17,950 | INFO | evac_sim.simulation.simulation_manager | Progress | frame=3140 | agents=21
2026-03-06 10:14:17,968 | INFO | evac_sim.simulation.simulation_manager | Progress | frame=3150 | agents=21
2026-03-06 10:14:17,997 | INFO | evac_sim.simulation.simulation_manager | Progress | frame=3160 | agents=20
2026-03-06 10:14:18,017 | INFO | evac_sim.simulation.simulation_manager | Progress | frame=3170 | agents=20
2026-03-06 10:14:18,035 | INFO | evac_sim.simulation.simulation_manager | Progress | frame=3180 | agents=20
2026-03-06 10:14:18,055 | INFO | evac_sim.simulation.simulation_manager | Progress | frame=3190 | agents=20
2026-03-06 10:14:18,073 | INFO | evac_sim.simulation.simulation_manager | Progress | frame=3200 | agents=20
2026-03-06 10:14:18,101 | INFO | evac_sim.simulation.simulation_manager | Progress | frame=3210 | agents=20
2026-03-06 10:14:18,119 | INFO | evac_sim.simulation.simulation_manager | Progress | frame=3220 | agents=20
2026-03-06 10:14:18,138 | INFO | evac_sim.simulation.simulation_manager | Progress | frame=3230 | agents=20
2026-03-06 10:14:18,157 | INFO | evac_sim.simulation.simulation_manager | Progress | frame=3240 | agents=20
2026-03-06 10:14:18,177 | INFO | evac_sim.simulation.simulation_manager | Progress | frame=3250 | agents=20
2026-03-06 10:14:18,204 | INFO | evac_sim.simulation.simulation_manager | Progress | frame=3260 | agents=20
2026-03-06 10:14:18,222 | INFO | evac_sim.simulation.simulation_manager | Progress | frame=3270 | agents=20
2026-03-06 10:14:18,242 | INFO | evac_sim.simulation.simulation_manager | Progress | frame=3280 | agents=20
2026-03-06 10:14:18,260 | INFO | evac_sim.simulation.simulation_manager | Progress | frame=3290 | agents=20
2026-03-06 10:14:18,280 | INFO | evac_sim.simulation.simulation_manager | Progress | frame=3300 | agents=20
2026-03-06 10:14:18,307 | INFO | evac_sim.simulation.simulation_manager | Progress | frame=3310 | agents=20
2026-03-06 10:14:18,326 | INFO | evac_sim.simulation.simulation_manager | Progress | frame=3320 | agents=20
2026-03-06 10:14:18,345 | INFO | evac_sim.simulation.simulation_manager | Progress | frame=3330 | agents=20
2026-03-06 10:14:18,364 | INFO | evac_sim.simulation.simulation_manager | Progress | frame=3340 | agents=20
2026-03-06 10:14:18,383 | INFO | evac_sim.simulation.simulation_manager | Progress | frame=3350 | agents=20
2026-03-06 10:14:18,411 | INFO | evac_sim.simulation.simulation_manager | Progress | frame=3360 | agents=20
2026-03-06 10:14:18,429 | INFO | evac_sim.simulation.simulation_manager | Progress | frame=3370 | agents=20
2026-03-06 10:14:18,448 | INFO | evac_sim.simulation.simulation_manager | Progress | frame=3380 | agents=20
2026-03-06 10:14:18,467 | INFO | evac_sim.simulation.simulation_manager | Progress | frame=3390 | agents=20
2026-03-06 10:14:18,487 | INFO | evac_sim.simulation.simulation_manager | Progress | frame=3400 | agents=20
2026-03-06 10:14:18,513 | INFO | evac_sim.simulation.simulation_manager | Progress | frame=3410 | agents=20
2026-03-06 10:14:18,532 | INFO | evac_sim.simulation.simulation_manager | Progress | frame=3420 | agents=20
2026-03-06 10:14:18,551 | INFO | evac_sim.simulation.simulation_manager | Progress | frame=3430 | agents=20
2026-03-06 10:14:18,572 | INFO | evac_sim.simulation.simulation_manager | Progress | frame=3440 | agents=20
2026-03-06 10:14:18,590 | INFO | evac_sim.simulation.simulation_manager | Progress | frame=3450 | agents=20
2026-03-06 10:14:18,618 | INFO | evac_sim.simulation.simulation_manager | Progress | frame=3460 | agents=20
2026-03-06 10:14:18,636 | INFO | evac_sim.simulation.simulation_manager | Progress | frame=3470 | agents=20
2026-03-06 10:14:18,657 | INFO | evac_sim.simulation.simulation_manager | Progress | frame=3480 | agents=20
2026-03-06 10:14:18,676 | INFO | evac_sim.simulation.simulation_manager | Progress | frame=3490 | agents=20
2026-03-06 10:14:18,696 | INFO | evac_sim.simulation.simulation_manager | Progress | frame=3500 | agents=20
2026-03-06 10:14:18,723 | INFO | evac_sim.simulation.simulation_manager | Progress | frame=3510 | agents=20
2026-03-06 10:14:18,741 | INFO | evac_sim.simulation.simulation_manager | Progress | frame=3520 | agents=20
2026-03-06 10:14:18,760 | INFO | evac_sim.simulation.simulation_manager | Progress | frame=3530 | agents=20
2026-03-06 10:14:18,779 | INFO | evac_sim.simulation.simulation_manager | Progress | frame=3540 | agents=20
2026-03-06 10:14:18,799 | INFO | evac_sim.simulation.simulation_manager | Progress | frame=3550 | agents=20
2026-03-06 10:14:18,826 | INFO | evac_sim.simulation.simulation_manager | Progress | frame=3560 | agents=20
2026-03-06 10:14:18,844 | INFO | evac_sim.simulation.simulation_manager | Progress | frame=3570 | agents=20
2026-03-06 10:14:18,864 | INFO | evac_sim.simulation.simulation_manager | Progress | frame=3580 | agents=20
2026-03-06 10:14:18,882 | INFO | evac_sim.simulation.simulation_manager | Progress | frame=3590 | agents=20
2026-03-06 10:14:18,901 | INFO | evac_sim.simulation.simulation_manager | Progress | frame=3600 | agents=20
2026-03-06 10:14:18,928 | INFO | evac_sim.simulation.simulation_manager | Progress | frame=3610 | agents=20
2026-03-06 10:14:18,947 | INFO | evac_sim.simulation.simulation_manager | Progress | frame=3620 | agents=20
2026-03-06 10:14:18,966 | INFO | evac_sim.simulation.simulation_manager | Progress | frame=3630 | agents=20
2026-03-06 10:14:18,984 | INFO | evac_sim.simulation.simulation_manager | Progress | frame=3640 | agents=20
2026-03-06 10:14:19,003 | INFO | evac_sim.simulation.simulation_manager | Progress | frame=3650 | agents=20
2026-03-06 10:14:19,031 | INFO | evac_sim.simulation.simulation_manager | Progress | frame=3660 | agents=20
2026-03-06 10:14:19,049 | INFO | evac_sim.simulation.simulation_manager | Progress | frame=3670 | agents=20
2026-03-06 10:14:19,069 | INFO | evac_sim.simulation.simulation_manager | Progress | frame=3680 | agents=20
2026-03-06 10:14:19,090 | INFO | evac_sim.simulation.simulation_manager | Progress | frame=3690 | agents=20
2026-03-06 10:14:19,110 | INFO | evac_sim.simulation.simulation_manager | Progress | frame=3700 | agents=20
2026-03-06 10:14:19,137 | INFO | evac_sim.simulation.simulation_manager | Progress | frame=3710 | agents=20
2026-03-06 10:14:19,156 | INFO | evac_sim.simulation.simulation_manager | Progress | frame=3720 | agents=20
2026-03-06 10:14:19,175 | INFO | evac_sim.simulation.simulation_manager | Progress | frame=3730 | agents=20
2026-03-06 10:14:19,194 | INFO | evac_sim.simulation.simulation_manager | Progress | frame=3740 | agents=20
2026-03-06 10:14:19,213 | INFO | evac_sim.simulation.simulation_manager | Progress | frame=3750 | agents=20
2026-03-06 10:14:19,241 | INFO | evac_sim.simulation.simulation_manager | Progress | frame=3760 | agents=20
2026-03-06 10:14:19,260 | INFO | evac_sim.simulation.simulation_manager | Progress | frame=3770 | agents=20
2026-03-06 10:14:19,278 | INFO | evac_sim.simulation.simulation_manager | Progress | frame=3780 | agents=20
2026-03-06 10:14:19,298 | INFO | evac_sim.simulation.simulation_manager | Progress | frame=3790 | agents=20
2026-03-06 10:14:19,317 | INFO | evac_sim.simulation.simulation_manager | Progress | frame=3800 | agents=20
2026-03-06 10:14:19,344 | INFO | evac_sim.simulation.simulation_manager | Progress | frame=3810 | agents=20
2026-03-06 10:14:19,363 | INFO | evac_sim.simulation.simulation_manager | Progress | frame=3820 | agents=20
2026-03-06 10:14:19,383 | INFO | evac_sim.simulation.simulation_manager | Progress | frame=3830 | agents=20
2026-03-06 10:14:19,401 | INFO | evac_sim.simulation.simulation_manager | Progress | frame=3840 | agents=20
2026-03-06 10:14:19,420 | INFO | evac_sim.simulation.simulation_manager | Progress | frame=3850 | agents=20
2026-03-06 10:14:19,448 | INFO | evac_sim.simulation.simulation_manager | Progress | frame=3860 | agents=20
2026-03-06 10:14:19,467 | INFO | evac_sim.simulation.simulation_manager | Progress | frame=3870 | agents=20
2026-03-06 10:14:19,486 | INFO | evac_sim.simulation.simulation_manager | Progress | frame=3880 | agents=20
2026-03-06 10:14:19,505 | INFO | evac_sim.simulation.simulation_manager | Progress | frame=3890 | agents=20
2026-03-06 10:14:19,525 | INFO | evac_sim.simulation.simulation_manager | Progress | frame=3900 | agents=20
2026-03-06 10:14:19,552 | INFO | evac_sim.simulation.simulation_manager | Progress | frame=3910 | agents=20
2026-03-06 10:14:19,571 | INFO | evac_sim.simulation.simulation_manager | Progress | frame=3920 | agents=20
2026-03-06 10:14:19,589 | INFO | evac_sim.simulation.simulation_manager | Progress | frame=3930 | agents=20
2026-03-06 10:14:19,610 | INFO | evac_sim.simulation.simulation_manager | Progress | frame=3940 | agents=20
2026-03-06 10:14:19,628 | INFO | evac_sim.simulation.simulation_manager | Progress | frame=3950 | agents=20
2026-03-06 10:14:19,655 | INFO | evac_sim.simulation.simulation_manager | Progress | frame=3960 | agents=20
2026-03-06 10:14:19,676 | INFO | evac_sim.simulation.simulation_manager | Progress | frame=3970 | agents=20
2026-03-06 10:14:19,695 | INFO | evac_sim.simulation.simulation_manager | Progress | frame=3980 | agents=20
2026-03-06 10:14:19,713 | INFO | evac_sim.simulation.simulation_manager | Progress | frame=3990 | agents=20
2026-03-06 10:14:19,732 | INFO | evac_sim.simulation.simulation_manager | Progress | frame=4000 | agents=20
2026-03-06 10:14:19,760 | INFO | evac_sim.simulation.simulation_manager | Progress | frame=4010 | agents=20
2026-03-06 10:14:19,778 | INFO | evac_sim.simulation.simulation_manager | Progress | frame=4020 | agents=19
2026-03-06 10:14:19,797 | INFO | evac_sim.simulation.simulation_manager | Progress | frame=4030 | agents=19
2026-03-06 10:14:19,822 | INFO | evac_sim.simulation.simulation_manager | Progress | frame=4040 | agents=19
2026-03-06 10:14:19,841 | INFO | evac_sim.simulation.simulation_manager | Progress | frame=4050 | agents=19
2026-03-06 10:14:19,869 | INFO | evac_sim.simulation.simulation_manager | Progress | frame=4060 | agents=19
2026-03-06 10:14:19,888 | INFO | evac_sim.simulation.simulation_manager | Progress | frame=4070 | agents=18
2026-03-06 10:14:19,907 | INFO | evac_sim.simulation.simulation_manager | Progress | frame=4080 | agents=18
2026-03-06 10:14:19,926 | INFO | evac_sim.simulation.simulation_manager | Progress | frame=4090 | agents=18
2026-03-06 10:14:19,945 | INFO | evac_sim.simulation.simulation_manager | Progress | frame=4100 | agents=18
2026-03-06 10:14:19,971 | INFO | evac_sim.simulation.simulation_manager | Progress | frame=4110 | agents=17
2026-03-06 10:14:19,991 | INFO | evac_sim.simulation.simulation_manager | Progress | frame=4120 | agents=17
2026-03-06 10:14:20,012 | INFO | evac_sim.simulation.simulation_manager | Progress | frame=4130 | agents=17
2026-03-06 10:14:20,030 | INFO | evac_sim.simulation.simulation_manager | Progress | frame=4140 | agents=17
2026-03-06 10:14:20,049 | INFO | evac_sim.simulation.simulation_manager | Progress | frame=4150 | agents=17
2026-03-06 10:14:20,076 | INFO | evac_sim.simulation.simulation_manager | Progress | frame=4160 | agents=16
2026-03-06 10:14:20,094 | INFO | evac_sim.simulation.simulation_manager | Progress | frame=4170 | agents=16
2026-03-06 10:14:20,114 | INFO | evac_sim.simulation.simulation_manager | Progress | frame=4180 | agents=16
2026-03-06 10:14:20,133 | INFO | evac_sim.simulation.simulation_manager | Progress | frame=4190 | agents=16
2026-03-06 10:14:20,151 | INFO | evac_sim.simulation.simulation_manager | Progress | frame=4200 | agents=16
2026-03-06 10:14:20,178 | INFO | evac_sim.simulation.simulation_manager | Progress | frame=4210 | agents=15
2026-03-06 10:14:20,197 | INFO | evac_sim.simulation.simulation_manager | Progress | frame=4220 | agents=15
2026-03-06 10:14:20,215 | INFO | evac_sim.simulation.simulation_manager | Progress | frame=4230 | agents=15
2026-03-06 10:14:20,234 | INFO | evac_sim.simulation.simulation_manager | Progress | frame=4240 | agents=15
2026-03-06 10:14:20,253 | INFO | evac_sim.simulation.simulation_manager | Progress | frame=4250 | agents=14
2026-03-06 10:14:20,280 | INFO | evac_sim.simulation.simulation_manager | Progress | frame=4260 | agents=14
2026-03-06 10:14:20,301 | INFO | evac_sim.simulation.simulation_manager | Progress | frame=4270 | agents=14
2026-03-06 10:14:20,319 | INFO | evac_sim.simulation.simulation_manager | Progress | frame=4280 | agents=14
2026-03-06 10:14:20,338 | INFO | evac_sim.simulation.simulation_manager | Progress | frame=4290 | agents=14
2026-03-06 10:14:20,356 | INFO | evac_sim.simulation.simulation_manager | Progress | frame=4300 | agents=13
2026-03-06 10:14:20,383 | INFO | evac_sim.simulation.simulation_manager | Progress | frame=4310 | agents=13
2026-03-06 10:14:20,401 | INFO | evac_sim.simulation.simulation_manager | Progress | frame=4320 | agents=13
2026-03-06 10:14:20,420 | INFO | evac_sim.simulation.simulation_manager | Progress | frame=4330 | agents=13
2026-03-06 10:14:20,437 | INFO | evac_sim.simulation.simulation_manager | Progress | frame=4340 | agents=12
2026-03-06 10:14:20,457 | INFO | evac_sim.simulation.simulation_manager | Progress | frame=4350 | agents=12
2026-03-06 10:14:20,482 | INFO | evac_sim.simulation.simulation_manager | Progress | frame=4360 | agents=12
2026-03-06 10:14:20,501 | INFO | evac_sim.simulation.simulation_manager | Progress | frame=4370 | agents=12
2026-03-06 10:14:20,519 | INFO | evac_sim.simulation.simulation_manager | Progress | frame=4380 | agents=12
2026-03-06 10:14:20,537 | INFO | evac_sim.simulation.simulation_manager | Progress | frame=4390 | agents=11
2026-03-06 10:14:20,555 | INFO | evac_sim.simulation.simulation_manager | Progress | frame=4400 | agents=11
2026-03-06 10:14:20,588 | INFO | evac_sim.simulation.simulation_manager | Progress | frame=4410 | agents=11
2026-03-06 10:14:20,611 | INFO | evac_sim.simulation.simulation_manager | Progress | frame=4420 | agents=11
2026-03-06 10:14:20,632 | INFO | evac_sim.simulation.simulation_manager | Progress | frame=4430 | agents=10
2026-03-06 10:14:20,655 | INFO | evac_sim.simulation.simulation_manager | Progress | frame=4440 | agents=10
2026-03-06 10:14:20,677 | INFO | evac_sim.simulation.simulation_manager | Progress | frame=4450 | agents=10
2026-03-06 10:14:20,708 | INFO | evac_sim.simulation.simulation_manager | Progress | frame=4460 | agents=10
2026-03-06 10:14:20,728 | INFO | evac_sim.simulation.simulation_manager | Progress | frame=4470 | agents=10
2026-03-06 10:14:20,749 | INFO | evac_sim.simulation.simulation_manager | Progress | frame=4480 | agents=9
2026-03-06 10:14:20,769 | INFO | evac_sim.simulation.simulation_manager | Progress | frame=4490 | agents=9
2026-03-06 10:14:20,791 | INFO | evac_sim.simulation.simulation_manager | Progress | frame=4500 | agents=9
2026-03-06 10:14:20,823 | INFO | evac_sim.simulation.simulation_manager | Progress | frame=4510 | agents=9
2026-03-06 10:14:20,846 | INFO | evac_sim.simulation.simulation_manager | Progress | frame=4520 | agents=8
2026-03-06 10:14:20,866 | INFO | evac_sim.simulation.simulation_manager | Progress | frame=4530 | agents=8
2026-03-06 10:14:20,889 | INFO | evac_sim.simulation.simulation_manager | Progress | frame=4540 | agents=8
2026-03-06 10:14:20,911 | INFO | evac_sim.simulation.simulation_manager | Progress | frame=4550 | agents=8
2026-03-06 10:14:20,942 | INFO | evac_sim.simulation.simulation_manager | Progress | frame=4560 | agents=8
2026-03-06 10:14:20,964 | INFO | evac_sim.simulation.simulation_manager | Progress | frame=4570 | agents=7
2026-03-06 10:14:20,985 | INFO | evac_sim.simulation.simulation_manager | Progress | frame=4580 | agents=7
2026-03-06 10:14:21,007 | INFO | evac_sim.simulation.simulation_manager | Progress | frame=4590 | agents=7
2026-03-06 10:14:21,028 | INFO | evac_sim.simulation.simulation_manager | Progress | frame=4600 | agents=7
2026-03-06 10:14:21,062 | INFO | evac_sim.simulation.simulation_manager | Progress | frame=4610 | agents=7
2026-03-06 10:14:21,081 | INFO | evac_sim.simulation.simulation_manager | Progress | frame=4620 | agents=6
2026-03-06 10:14:21,104 | INFO | evac_sim.simulation.simulation_manager | Progress | frame=4630 | agents=6
2026-03-06 10:14:21,125 | INFO | evac_sim.simulation.simulation_manager | Progress | frame=4640 | agents=6
2026-03-06 10:14:21,146 | INFO | evac_sim.simulation.simulation_manager | Progress | frame=4650 | agents=6
2026-03-06 10:14:21,176 | INFO | evac_sim.simulation.simulation_manager | Progress | frame=4660 | agents=5
2026-03-06 10:14:21,197 | INFO | evac_sim.simulation.simulation_manager | Progress | frame=4670 | agents=5
2026-03-06 10:14:21,219 | INFO | evac_sim.simulation.simulation_manager | Progress | frame=4680 | agents=5
2026-03-06 10:14:21,240 | INFO | evac_sim.simulation.simulation_manager | Progress | frame=4690 | agents=5
2026-03-06 10:14:21,262 | INFO | evac_sim.simulation.simulation_manager | Progress | frame=4700 | agents=5
2026-03-06 10:14:21,293 | INFO | evac_sim.simulation.simulation_manager | Progress | frame=4710 | agents=4
2026-03-06 10:14:21,316 | INFO | evac_sim.simulation.simulation_manager | Progress | frame=4720 | agents=4
2026-03-06 10:14:21,338 | INFO | evac_sim.simulation.simulation_manager | Progress | frame=4730 | agents=4
2026-03-06 10:14:21,360 | INFO | evac_sim.simulation.simulation_manager | Progress | frame=4740 | agents=4
2026-03-06 10:14:21,383 | INFO | evac_sim.simulation.simulation_manager | Progress | frame=4750 | agents=3
2026-03-06 10:14:21,405 | INFO | evac_sim.simulation.simulation_manager | Progress | frame=4760 | agents=3
2026-03-06 10:14:21,423 | INFO | evac_sim.simulation.simulation_manager | Progress | frame=4770 | agents=3
2026-03-06 10:14:21,440 | INFO | evac_sim.simulation.simulation_manager | Progress | frame=4780 | agents=3
2026-03-06 10:14:21,457 | INFO | evac_sim.simulation.simulation_manager | Progress | frame=4790 | agents=3
2026-03-06 10:14:21,474 | INFO | evac_sim.simulation.simulation_manager | Progress | frame=4800 | agents=2
2026-03-06 10:14:21,494 | INFO | evac_sim.simulation.simulation_manager | Progress | frame=4810 | agents=2
2026-03-06 10:14:21,511 | INFO | evac_sim.simulation.simulation_manager | Progress | frame=4820 | agents=2
2026-03-06 10:14:21,529 | INFO | evac_sim.simulation.simulation_manager | Progress | frame=4830 | agents=2
2026-03-06 10:14:21,546 | INFO | evac_sim.simulation.simulation_manager | Progress | frame=4840 | agents=1
2026-03-06 10:14:21,563 | INFO | evac_sim.simulation.simulation_manager | Progress | frame=4850 | agents=1
2026-03-06 10:14:21,583 | INFO | evac_sim.simulation.simulation_manager | Progress | frame=4860 | agents=1
2026-03-06 10:14:21,601 | INFO | evac_sim.simulation.simulation_manager | Progress | frame=4870 | agents=1
2026-03-06 10:14:21,618 | INFO | evac_sim.simulation.simulation_manager | Progress | frame=4880 | agents=1
2026-03-06 10:14:21,621 | INFO | evac_sim.simulation.simulation_manager | Simulation end | last_frame=4882
2026-03-06 10:14:21,653 | INFO | evac_sim.runner | Metrics preview | mode=1 group=82 agents=5 min=4154.000 avg=4572.800 median=4519.000 p90=4863.600 max=4882.000
2026-03-06 10:14:21,662 | INFO | evac_sim.runner | Metrics preview | mode=1 group=83 agents=5 min=4013.000 avg=4298.800 median=4246.000 p90=4618.800 max=4746.000
2026-03-06 10:14:21,671 | INFO | evac_sim.runner | Metrics preview | mode=1 group=73 agents=6 min=2472.000 avg=2633.333 median=2638.500 p90=2748.500 max=2776.000
2026-03-06 10:14:21,681 | INFO | evac_sim.runner | Metrics preview | mode=1 group=77 agents=6 min=2855.000 avg=2997.000 median=2993.500 p90=3114.500 max=3154.000
2026-03-06 10:14:21,694 | INFO | evac_sim.runner | Metrics preview | mode=1 group=92 agents=10 min=4108.000 avg=4463.800 median=4473.000 p90=4709.100 max=4791.000
2026-03-06 10:14:21,696 | INFO | evac_sim.runner | Finished mode=1
2026-03-06 10:14:21,696 | INFO | evac_sim.runner | Mode start | mode=2 env=Cruise_Ship case=unknown
2026-03-06 10:14:21,753 | INFO | evac_sim.simulation.simulation_manager | Simulation start | agents=32
2026-03-06 10:14:21,790 | INFO | evac_sim.simulation.simulation_manager | Progress | frame=10 | agents=32
2026-03-06 10:14:21,811 | INFO | evac_sim.simulation.simulation_manager | Progress | frame=20 | agents=32
2026-03-06 10:14:21,833 | INFO | evac_sim.simulation.simulation_manager | Progress | frame=30 | agents=32
2026-03-06 10:14:21,854 | INFO | evac_sim.simulation.simulation_manager | Progress | frame=40 | agents=32
2026-03-06 10:14:21,874 | INFO | evac_sim.simulation.simulation_manager | Progress | frame=50 | agents=32
2026-03-06 10:14:21,909 | INFO | evac_sim.simulation.simulation_manager | Progress | frame=60 | agents=32
2026-03-06 10:14:21,930 | INFO | evac_sim.simulation.simulation_manager | Progress | frame=70 | agents=32
2026-03-06 10:14:21,951 | INFO | evac_sim.simulation.simulation_manager | Progress | frame=80 | agents=32
2026-03-06 10:14:21,972 | INFO | evac_sim.simulation.simulation_manager | Progress | frame=90 | agents=32
2026-03-06 10:14:21,993 | INFO | evac_sim.simulation.simulation_manager | Progress | frame=100 | agents=32
2026-03-06 10:14:22,027 | INFO | evac_sim.simulation.simulation_manager | Progress | frame=110 | agents=32
2026-03-06 10:14:22,048 | INFO | evac_sim.simulation.simulation_manager | Progress | frame=120 | agents=32
2026-03-06 10:14:22,070 | INFO | evac_sim.simulation.simulation_manager | Progress | frame=130 | agents=32
2026-03-06 10:14:22,092 | INFO | evac_sim.simulation.simulation_manager | Progress | frame=140 | agents=32
2026-03-06 10:14:22,113 | INFO | evac_sim.simulation.simulation_manager | Progress | frame=150 | agents=32
2026-03-06 10:14:22,150 | INFO | evac_sim.simulation.simulation_manager | Progress | frame=160 | agents=32
2026-03-06 10:14:22,171 | INFO | evac_sim.simulation.simulation_manager | Progress | frame=170 | agents=32
2026-03-06 10:14:22,192 | INFO | evac_sim.simulation.simulation_manager | Progress | frame=180 | agents=32
2026-03-06 10:14:22,214 | INFO | evac_sim.simulation.simulation_manager | Progress | frame=190 | agents=32
2026-03-06 10:14:22,237 | INFO | evac_sim.simulation.simulation_manager | Progress | frame=200 | agents=32
2026-03-06 10:14:22,274 | INFO | evac_sim.simulation.simulation_manager | Progress | frame=210 | agents=32
2026-03-06 10:14:22,296 | INFO | evac_sim.simulation.simulation_manager | Progress | frame=220 | agents=32
2026-03-06 10:14:22,318 | INFO | evac_sim.simulation.simulation_manager | Progress | frame=230 | agents=32
2026-03-06 10:14:22,340 | INFO | evac_sim.simulation.simulation_manager | Progress | frame=240 | agents=32
2026-03-06 10:14:22,362 | INFO | evac_sim.simulation.simulation_manager | Progress | frame=250 | agents=32
2026-03-06 10:14:22,397 | INFO | evac_sim.simulation.simulation_manager | Progress | frame=260 | agents=32
2026-03-06 10:14:22,419 | INFO | evac_sim.simulation.simulation_manager | Progress | frame=270 | agents=32
2026-03-06 10:14:22,441 | INFO | evac_sim.simulation.simulation_manager | Progress | frame=280 | agents=32
2026-03-06 10:14:22,464 | INFO | evac_sim.simulation.simulation_manager | Progress | frame=290 | agents=32
2026-03-06 10:14:22,486 | INFO | evac_sim.simulation.simulation_manager | Progress | frame=300 | agents=32
2026-03-06 10:14:22,521 | INFO | evac_sim.simulation.simulation_manager | Progress | frame=310 | agents=32
2026-03-06 10:14:22,542 | INFO | evac_sim.simulation.simulation_manager | Progress | frame=320 | agents=32
2026-03-06 10:14:22,563 | INFO | evac_sim.simulation.simulation_manager | Progress | frame=330 | agents=32
2026-03-06 10:14:22,586 | INFO | evac_sim.simulation.simulation_manager | Progress | frame=340 | agents=32
2026-03-06 10:14:22,607 | INFO | evac_sim.simulation.simulation_manager | Progress | frame=350 | agents=32
2026-03-06 10:14:22,641 | INFO | evac_sim.simulation.simulation_manager | Progress | frame=360 | agents=32
2026-03-06 10:14:22,663 | INFO | evac_sim.simulation.simulation_manager | Progress | frame=370 | agents=32
2026-03-06 10:14:22,684 | INFO | evac_sim.simulation.simulation_manager | Progress | frame=380 | agents=32
2026-03-06 10:14:22,706 | INFO | evac_sim.simulation.simulation_manager | Progress | frame=390 | agents=32
2026-03-06 10:14:22,726 | INFO | evac_sim.simulation.simulation_manager | Progress | frame=400 | agents=32
2026-03-06 10:14:22,761 | INFO | evac_sim.simulation.simulation_manager | Progress | frame=410 | agents=32
2026-03-06 10:14:22,781 | INFO | evac_sim.simulation.simulation_manager | Progress | frame=420 | agents=32
2026-03-06 10:14:22,801 | INFO | evac_sim.simulation.simulation_manager | Progress | frame=430 | agents=32
2026-03-06 10:14:22,821 | INFO | evac_sim.simulation.simulation_manager | Progress | frame=440 | agents=32
2026-03-06 10:14:22,842 | INFO | evac_sim.simulation.simulation_manager | Progress | frame=450 | agents=32
2026-03-06 10:14:22,875 | INFO | evac_sim.simulation.simulation_manager | Progress | frame=460 | agents=32
2026-03-06 10:14:22,897 | INFO | evac_sim.simulation.simulation_manager | Progress | frame=470 | agents=32
2026-03-06 10:14:22,918 | INFO | evac_sim.simulation.simulation_manager | Progress | frame=480 | agents=32
2026-03-06 10:14:22,938 | INFO | evac_sim.simulation.simulation_manager | Progress | frame=490 | agents=32
2026-03-06 10:14:22,959 | INFO | evac_sim.simulation.simulation_manager | Progress | frame=500 | agents=32
2026-03-06 10:14:22,993 | INFO | evac_sim.simulation.simulation_manager | Progress | frame=510 | agents=32
2026-03-06 10:14:23,016 | INFO | evac_sim.simulation.simulation_manager | Progress | frame=520 | agents=32
2026-03-06 10:14:23,036 | INFO | evac_sim.simulation.simulation_manager | Progress | frame=530 | agents=32
2026-03-06 10:14:23,057 | INFO | evac_sim.simulation.simulation_manager | Progress | frame=540 | agents=32
2026-03-06 10:14:23,078 | INFO | evac_sim.simulation.simulation_manager | Progress | frame=550 | agents=32
2026-03-06 10:14:23,087 | INFO | evac_sim.simulation.simulation_manager | Reroute applied | frame=550 | group=73 | agents=6 | curr=23 next=7 | old_len=44 new_len=50
2026-03-06 10:14:23,116 | INFO | evac_sim.simulation.simulation_manager | Progress | frame=560 | agents=32
2026-03-06 10:14:23,137 | INFO | evac_sim.simulation.simulation_manager | Progress | frame=570 | agents=32
2026-03-06 10:14:23,160 | INFO | evac_sim.simulation.simulation_manager | Progress | frame=580 | agents=32
2026-03-06 10:14:23,182 | INFO | evac_sim.simulation.simulation_manager | Progress | frame=590 | agents=32
2026-03-06 10:14:23,204 | INFO | evac_sim.simulation.simulation_manager | Progress | frame=600 | agents=32
2026-03-06 10:14:23,238 | INFO | evac_sim.simulation.simulation_manager | Progress | frame=610 | agents=32
2026-03-06 10:14:23,260 | INFO | evac_sim.simulation.simulation_manager | Progress | frame=620 | agents=32
2026-03-06 10:14:23,281 | INFO | evac_sim.simulation.simulation_manager | Progress | frame=630 | agents=32
2026-03-06 10:14:23,303 | INFO | evac_sim.simulation.simulation_manager | Progress | frame=640 | agents=32
2026-03-06 10:14:23,325 | INFO | evac_sim.simulation.simulation_manager | Progress | frame=650 | agents=32
2026-03-06 10:14:23,360 | INFO | evac_sim.simulation.simulation_manager | Progress | frame=660 | agents=32
2026-03-06 10:14:23,382 | INFO | evac_sim.simulation.simulation_manager | Progress | frame=670 | agents=32
2026-03-06 10:14:23,402 | INFO | evac_sim.simulation.simulation_manager | Progress | frame=680 | agents=32
2026-03-06 10:14:23,425 | INFO | evac_sim.simulation.simulation_manager | Progress | frame=690 | agents=32
2026-03-06 10:14:23,445 | INFO | evac_sim.simulation.simulation_manager | Progress | frame=700 | agents=32
2026-03-06 10:14:23,481 | INFO | evac_sim.simulation.simulation_manager | Progress | frame=710 | agents=32
2026-03-06 10:14:23,503 | INFO | evac_sim.simulation.simulation_manager | Progress | frame=720 | agents=32
2026-03-06 10:14:23,524 | INFO | evac_sim.simulation.simulation_manager | Progress | frame=730 | agents=32
2026-03-06 10:14:23,551 | INFO | evac_sim.simulation.simulation_manager | Progress | frame=740 | agents=32
2026-03-06 10:14:23,577 | INFO | evac_sim.simulation.simulation_manager | Progress | frame=750 | agents=32
2026-03-06 10:14:23,621 | INFO | evac_sim.simulation.simulation_manager | Progress | frame=760 | agents=32
2026-03-06 10:14:23,646 | INFO | evac_sim.simulation.simulation_manager | Progress | frame=770 | agents=32
2026-03-06 10:14:23,671 | INFO | evac_sim.simulation.simulation_manager | Progress | frame=780 | agents=32
2026-03-06 10:14:23,699 | INFO | evac_sim.simulation.simulation_manager | Progress | frame=790 | agents=32
2026-03-06 10:14:23,726 | INFO | evac_sim.simulation.simulation_manager | Progress | frame=800 | agents=32
2026-03-06 10:14:23,769 | INFO | evac_sim.simulation.simulation_manager | Progress | frame=810 | agents=32
2026-03-06 10:14:23,795 | INFO | evac_sim.simulation.simulation_manager | Progress | frame=820 | agents=32
2026-03-06 10:14:23,819 | INFO | evac_sim.simulation.simulation_manager | Progress | frame=830 | agents=32
2026-03-06 10:14:23,843 | INFO | evac_sim.simulation.simulation_manager | Progress | frame=840 | agents=32
2026-03-06 10:14:23,867 | INFO | evac_sim.simulation.simulation_manager | Progress | frame=850 | agents=32
2026-03-06 10:14:23,885 | INFO | evac_sim.simulation.simulation_manager | Reroute applied | frame=850 | group=92 | agents=10 | curr=23 next=7 | old_len=46 new_len=52
2026-03-06 10:14:23,913 | INFO | evac_sim.simulation.simulation_manager | Progress | frame=860 | agents=32
2026-03-06 10:14:23,939 | INFO | evac_sim.simulation.simulation_manager | Progress | frame=870 | agents=32
2026-03-06 10:14:23,963 | INFO | evac_sim.simulation.simulation_manager | Progress | frame=880 | agents=32
2026-03-06 10:14:23,985 | INFO | evac_sim.simulation.simulation_manager | Progress | frame=890 | agents=32
2026-03-06 10:14:24,005 | INFO | evac_sim.simulation.simulation_manager | Progress | frame=900 | agents=32
2026-03-06 10:14:24,040 | INFO | evac_sim.simulation.simulation_manager | Progress | frame=910 | agents=32
2026-03-06 10:14:24,060 | INFO | evac_sim.simulation.simulation_manager | Progress | frame=920 | agents=32
2026-03-06 10:14:24,081 | INFO | evac_sim.simulation.simulation_manager | Progress | frame=930 | agents=32
2026-03-06 10:14:24,104 | INFO | evac_sim.simulation.simulation_manager | Progress | frame=940 | agents=32
2026-03-06 10:14:24,124 | INFO | evac_sim.simulation.simulation_manager | Progress | frame=950 | agents=32
2026-03-06 10:14:24,158 | INFO | evac_sim.simulation.simulation_manager | Progress | frame=960 | agents=32
2026-03-06 10:14:24,179 | INFO | evac_sim.simulation.simulation_manager | Progress | frame=970 | agents=32
2026-03-06 10:14:24,200 | INFO | evac_sim.simulation.simulation_manager | Progress | frame=980 | agents=32
2026-03-06 10:14:24,222 | INFO | evac_sim.simulation.simulation_manager | Progress | frame=990 | agents=32
2026-03-06 10:14:24,243 | INFO | evac_sim.simulation.simulation_manager | Progress | frame=1000 | agents=32
2026-03-06 10:14:24,278 | INFO | evac_sim.simulation.simulation_manager | Progress | frame=1010 | agents=32
2026-03-06 10:14:24,299 | INFO | evac_sim.simulation.simulation_manager | Progress | frame=1020 | agents=32
2026-03-06 10:14:24,319 | INFO | evac_sim.simulation.simulation_manager | Progress | frame=1030 | agents=32
2026-03-06 10:14:24,341 | INFO | evac_sim.simulation.simulation_manager | Progress | frame=1040 | agents=32
2026-03-06 10:14:24,363 | INFO | evac_sim.simulation.simulation_manager | Progress | frame=1050 | agents=32
2026-03-06 10:14:24,397 | INFO | evac_sim.simulation.simulation_manager | Progress | frame=1060 | agents=32
2026-03-06 10:14:24,418 | INFO | evac_sim.simulation.simulation_manager | Progress | frame=1070 | agents=32
2026-03-06 10:14:24,440 | INFO | evac_sim.simulation.simulation_manager | Progress | frame=1080 | agents=32
2026-03-06 10:14:24,459 | INFO | evac_sim.simulation.simulation_manager | Progress | frame=1090 | agents=32
2026-03-06 10:14:24,481 | INFO | evac_sim.simulation.simulation_manager | Progress | frame=1100 | agents=32
2026-03-06 10:14:24,516 | INFO | evac_sim.simulation.simulation_manager | Progress | frame=1110 | agents=32
2026-03-06 10:14:24,536 | INFO | evac_sim.simulation.simulation_manager | Progress | frame=1120 | agents=32
2026-03-06 10:14:24,557 | INFO | evac_sim.simulation.simulation_manager | Progress | frame=1130 | agents=32
2026-03-06 10:14:24,578 | INFO | evac_sim.simulation.simulation_manager | Progress | frame=1140 | agents=32
2026-03-06 10:14:24,599 | INFO | evac_sim.simulation.simulation_manager | Progress | frame=1150 | agents=32
2026-03-06 10:14:24,633 | INFO | evac_sim.simulation.simulation_manager | Progress | frame=1160 | agents=32
2026-03-06 10:14:24,655 | INFO | evac_sim.simulation.simulation_manager | Progress | frame=1170 | agents=32
2026-03-06 10:14:24,675 | INFO | evac_sim.simulation.simulation_manager | Progress | frame=1180 | agents=32
2026-03-06 10:14:24,696 | INFO | evac_sim.simulation.simulation_manager | Progress | frame=1190 | agents=32
2026-03-06 10:14:24,717 | INFO | evac_sim.simulation.simulation_manager | Progress | frame=1200 | agents=32
2026-03-06 10:14:24,757 | INFO | evac_sim.simulation.simulation_manager | Progress | frame=1210 | agents=32
2026-03-06 10:14:24,779 | INFO | evac_sim.simulation.simulation_manager | Progress | frame=1220 | agents=32
2026-03-06 10:14:24,801 | INFO | evac_sim.simulation.simulation_manager | Progress | frame=1230 | agents=32
2026-03-06 10:14:24,822 | INFO | evac_sim.simulation.simulation_manager | Progress | frame=1240 | agents=32
2026-03-06 10:14:24,843 | INFO | evac_sim.simulation.simulation_manager | Progress | frame=1250 | agents=32
2026-03-06 10:14:24,850 | INFO | evac_sim.simulation.simulation_manager | Reroute applied | frame=1250 | group=83 | agents=5 | curr=23 next=7 | old_len=49 new_len=55
2026-03-06 10:14:24,881 | INFO | evac_sim.simulation.simulation_manager | Progress | frame=1260 | agents=32
2026-03-06 10:14:24,903 | INFO | evac_sim.simulation.simulation_manager | Progress | frame=1270 | agents=32
2026-03-06 10:14:24,924 | INFO | evac_sim.simulation.simulation_manager | Progress | frame=1280 | agents=32
2026-03-06 10:14:24,945 | INFO | evac_sim.simulation.simulation_manager | Progress | frame=1290 | agents=32
2026-03-06 10:14:24,967 | INFO | evac_sim.simulation.simulation_manager | Progress | frame=1300 | agents=32
2026-03-06 10:14:25,002 | INFO | evac_sim.simulation.simulation_manager | Progress | frame=1310 | agents=32
2026-03-06 10:14:25,024 | INFO | evac_sim.simulation.simulation_manager | Progress | frame=1320 | agents=32
2026-03-06 10:14:25,046 | INFO | evac_sim.simulation.simulation_manager | Progress | frame=1330 | agents=32
2026-03-06 10:14:25,068 | INFO | evac_sim.simulation.simulation_manager | Progress | frame=1340 | agents=32
2026-03-06 10:14:25,091 | INFO | evac_sim.simulation.simulation_manager | Progress | frame=1350 | agents=32
2026-03-06 10:14:25,126 | INFO | evac_sim.simulation.simulation_manager | Progress | frame=1360 | agents=32
2026-03-06 10:14:25,147 | INFO | evac_sim.simulation.simulation_manager | Progress | frame=1370 | agents=32
2026-03-06 10:14:25,169 | INFO | evac_sim.simulation.simulation_manager | Progress | frame=1380 | agents=32
2026-03-06 10:14:25,190 | INFO | evac_sim.simulation.simulation_manager | Progress | frame=1390 | agents=32
2026-03-06 10:14:25,211 | INFO | evac_sim.simulation.simulation_manager | Progress | frame=1400 | agents=32
2026-03-06 10:14:25,248 | INFO | evac_sim.simulation.simulation_manager | Progress | frame=1410 | agents=32
2026-03-06 10:14:25,269 | INFO | evac_sim.simulation.simulation_manager | Progress | frame=1420 | agents=32
2026-03-06 10:14:25,291 | INFO | evac_sim.simulation.simulation_manager | Progress | frame=1430 | agents=32
2026-03-06 10:14:25,312 | INFO | evac_sim.simulation.simulation_manager | Progress | frame=1440 | agents=32
2026-03-06 10:14:25,335 | INFO | evac_sim.simulation.simulation_manager | Progress | frame=1450 | agents=32
2026-03-06 10:14:25,371 | INFO | evac_sim.simulation.simulation_manager | Progress | frame=1460 | agents=32
2026-03-06 10:14:25,392 | INFO | evac_sim.simulation.simulation_manager | Progress | frame=1470 | agents=32
2026-03-06 10:14:25,414 | INFO | evac_sim.simulation.simulation_manager | Progress | frame=1480 | agents=32
2026-03-06 10:14:25,435 | INFO | evac_sim.simulation.simulation_manager | Progress | frame=1490 | agents=32
2026-03-06 10:14:25,457 | INFO | evac_sim.simulation.simulation_manager | Progress | frame=1500 | agents=32
2026-03-06 10:14:25,495 | INFO | evac_sim.simulation.simulation_manager | Progress | frame=1510 | agents=32
2026-03-06 10:14:25,517 | INFO | evac_sim.simulation.simulation_manager | Progress | frame=1520 | agents=32
2026-03-06 10:14:25,539 | INFO | evac_sim.simulation.simulation_manager | Progress | frame=1530 | agents=32
2026-03-06 10:14:25,561 | INFO | evac_sim.simulation.simulation_manager | Progress | frame=1540 | agents=32
2026-03-06 10:14:25,582 | INFO | evac_sim.simulation.simulation_manager | Progress | frame=1550 | agents=32
2026-03-06 10:14:25,618 | INFO | evac_sim.simulation.simulation_manager | Progress | frame=1560 | agents=32
2026-03-06 10:14:25,640 | INFO | evac_sim.simulation.simulation_manager | Progress | frame=1570 | agents=32
2026-03-06 10:14:25,662 | INFO | evac_sim.simulation.simulation_manager | Progress | frame=1580 | agents=32
2026-03-06 10:14:25,685 | INFO | evac_sim.simulation.simulation_manager | Progress | frame=1590 | agents=32
2026-03-06 10:14:25,706 | INFO | evac_sim.simulation.simulation_manager | Progress | frame=1600 | agents=32
2026-03-06 10:14:25,742 | INFO | evac_sim.simulation.simulation_manager | Progress | frame=1610 | agents=32
2026-03-06 10:14:25,765 | INFO | evac_sim.simulation.simulation_manager | Progress | frame=1620 | agents=32
2026-03-06 10:14:25,786 | INFO | evac_sim.simulation.simulation_manager | Progress | frame=1630 | agents=32
2026-03-06 10:14:25,809 | INFO | evac_sim.simulation.simulation_manager | Progress | frame=1640 | agents=32
2026-03-06 10:14:25,829 | INFO | evac_sim.simulation.simulation_manager | Progress | frame=1650 | agents=32
2026-03-06 10:14:25,866 | INFO | evac_sim.simulation.simulation_manager | Progress | frame=1660 | agents=32
2026-03-06 10:14:25,888 | INFO | evac_sim.simulation.simulation_manager | Progress | frame=1670 | agents=32
2026-03-06 10:14:25,911 | INFO | evac_sim.simulation.simulation_manager | Progress | frame=1680 | agents=32
2026-03-06 10:14:25,933 | INFO | evac_sim.simulation.simulation_manager | Progress | frame=1690 | agents=32
2026-03-06 10:14:25,955 | INFO | evac_sim.simulation.simulation_manager | Progress | frame=1700 | agents=32
2026-03-06 10:14:25,991 | INFO | evac_sim.simulation.simulation_manager | Progress | frame=1710 | agents=32
2026-03-06 10:14:26,013 | INFO | evac_sim.simulation.simulation_manager | Progress | frame=1720 | agents=32
2026-03-06 10:14:26,036 | INFO | evac_sim.simulation.simulation_manager | Progress | frame=1730 | agents=32
2026-03-06 10:14:26,058 | INFO | evac_sim.simulation.simulation_manager | Progress | frame=1740 | agents=32
2026-03-06 10:14:26,080 | INFO | evac_sim.simulation.simulation_manager | Progress | frame=1750 | agents=32
2026-03-06 10:14:26,117 | INFO | evac_sim.simulation.simulation_manager | Progress | frame=1760 | agents=32
2026-03-06 10:14:26,138 | INFO | evac_sim.simulation.simulation_manager | Progress | frame=1770 | agents=32
2026-03-06 10:14:26,159 | INFO | evac_sim.simulation.simulation_manager | Progress | frame=1780 | agents=32
2026-03-06 10:14:26,186 | INFO | evac_sim.simulation.simulation_manager | Progress | frame=1790 | agents=32
2026-03-06 10:14:26,211 | INFO | evac_sim.simulation.simulation_manager | Progress | frame=1800 | agents=32
2026-03-06 10:14:26,254 | INFO | evac_sim.simulation.simulation_manager | Progress | frame=1810 | agents=32
2026-03-06 10:14:26,279 | INFO | evac_sim.simulation.simulation_manager | Progress | frame=1820 | agents=32
2026-03-06 10:14:26,307 | INFO | evac_sim.simulation.simulation_manager | Progress | frame=1830 | agents=32
2026-03-06 10:14:26,332 | INFO | evac_sim.simulation.simulation_manager | Progress | frame=1840 | agents=32
2026-03-06 10:14:26,358 | INFO | evac_sim.simulation.simulation_manager | Progress | frame=1850 | agents=32
2026-03-06 10:14:26,401 | INFO | evac_sim.simulation.simulation_manager | Progress | frame=1860 | agents=32
2026-03-06 10:14:26,425 | INFO | evac_sim.simulation.simulation_manager | Progress | frame=1870 | agents=32
2026-03-06 10:14:26,453 | INFO | evac_sim.simulation.simulation_manager | Progress | frame=1880 | agents=32
2026-03-06 10:14:26,478 | INFO | evac_sim.simulation.simulation_manager | Progress | frame=1890 | agents=32
2026-03-06 10:14:26,504 | INFO | evac_sim.simulation.simulation_manager | Progress | frame=1900 | agents=32
2026-03-06 10:14:26,544 | INFO | evac_sim.simulation.simulation_manager | Progress | frame=1910 | agents=32
2026-03-06 10:14:26,565 | INFO | evac_sim.simulation.simulation_manager | Progress | frame=1920 | agents=32
2026-03-06 10:14:26,587 | INFO | evac_sim.simulation.simulation_manager | Progress | frame=1930 | agents=32
2026-03-06 10:14:26,609 | INFO | evac_sim.simulation.simulation_manager | Progress | frame=1940 | agents=32
2026-03-06 10:14:26,631 | INFO | evac_sim.simulation.simulation_manager | Progress | frame=1950 | agents=32
2026-03-06 10:14:26,668 | INFO | evac_sim.simulation.simulation_manager | Progress | frame=1960 | agents=32
2026-03-06 10:14:26,689 | INFO | evac_sim.simulation.simulation_manager | Progress | frame=1970 | agents=32
2026-03-06 10:14:26,712 | INFO | evac_sim.simulation.simulation_manager | Progress | frame=1980 | agents=32
2026-03-06 10:14:26,733 | INFO | evac_sim.simulation.simulation_manager | Progress | frame=1990 | agents=32
2026-03-06 10:14:26,755 | INFO | evac_sim.simulation.simulation_manager | Progress | frame=2000 | agents=32
2026-03-06 10:14:26,790 | INFO | evac_sim.simulation.simulation_manager | Progress | frame=2010 | agents=32
2026-03-06 10:14:26,811 | INFO | evac_sim.simulation.simulation_manager | Progress | frame=2020 | agents=32
2026-03-06 10:14:26,835 | INFO | evac_sim.simulation.simulation_manager | Progress | frame=2030 | agents=32
2026-03-06 10:14:26,856 | INFO | evac_sim.simulation.simulation_manager | Progress | frame=2040 | agents=32
2026-03-06 10:14:26,878 | INFO | evac_sim.simulation.simulation_manager | Progress | frame=2050 | agents=32
2026-03-06 10:14:26,914 | INFO | evac_sim.simulation.simulation_manager | Progress | frame=2060 | agents=32
2026-03-06 10:14:26,936 | INFO | evac_sim.simulation.simulation_manager | Progress | frame=2070 | agents=32
2026-03-06 10:14:26,957 | INFO | evac_sim.simulation.simulation_manager | Progress | frame=2080 | agents=32
2026-03-06 10:14:26,979 | INFO | evac_sim.simulation.simulation_manager | Progress | frame=2090 | agents=32
2026-03-06 10:14:27,002 | INFO | evac_sim.simulation.simulation_manager | Progress | frame=2100 | agents=32
2026-03-06 10:14:27,038 | INFO | evac_sim.simulation.simulation_manager | Progress | frame=2110 | agents=32
2026-03-06 10:14:27,058 | INFO | evac_sim.simulation.simulation_manager | Progress | frame=2120 | agents=32
2026-03-06 10:14:27,081 | INFO | evac_sim.simulation.simulation_manager | Progress | frame=2130 | agents=32
2026-03-06 10:14:27,101 | INFO | evac_sim.simulation.simulation_manager | Progress | frame=2140 | agents=32
2026-03-06 10:14:27,123 | INFO | evac_sim.simulation.simulation_manager | Progress | frame=2150 | agents=32
2026-03-06 10:14:27,160 | INFO | evac_sim.simulation.simulation_manager | Progress | frame=2160 | agents=32
2026-03-06 10:14:27,182 | INFO | evac_sim.simulation.simulation_manager | Progress | frame=2170 | agents=32
2026-03-06 10:14:27,204 | INFO | evac_sim.simulation.simulation_manager | Progress | frame=2180 | agents=32
2026-03-06 10:14:27,225 | INFO | evac_sim.simulation.simulation_manager | Progress | frame=2190 | agents=32
2026-03-06 10:14:27,246 | INFO | evac_sim.simulation.simulation_manager | Progress | frame=2200 | agents=32
2026-03-06 10:14:27,283 | INFO | evac_sim.simulation.simulation_manager | Progress | frame=2210 | agents=32
2026-03-06 10:14:27,304 | INFO | evac_sim.simulation.simulation_manager | Progress | frame=2220 | agents=32
2026-03-06 10:14:27,325 | INFO | evac_sim.simulation.simulation_manager | Progress | frame=2230 | agents=32
2026-03-06 10:14:27,347 | INFO | evac_sim.simulation.simulation_manager | Progress | frame=2240 | agents=32
2026-03-06 10:14:27,369 | INFO | evac_sim.simulation.simulation_manager | Progress | frame=2250 | agents=32
2026-03-06 10:14:27,380 | INFO | evac_sim.simulation.simulation_manager | Reroute applied | frame=2250 | group=73 | agents=6 | curr=202 next=201 | old_len=50 new_len=60
2026-03-06 10:14:27,409 | INFO | evac_sim.simulation.simulation_manager | Progress | frame=2260 | agents=32
2026-03-06 10:14:27,430 | INFO | evac_sim.simulation.simulation_manager | Progress | frame=2270 | agents=32
2026-03-06 10:14:27,452 | INFO | evac_sim.simulation.simulation_manager | Progress | frame=2280 | agents=32
2026-03-06 10:14:27,474 | INFO | evac_sim.simulation.simulation_manager | Progress | frame=2290 | agents=32
2026-03-06 10:14:27,495 | INFO | evac_sim.simulation.simulation_manager | Progress | frame=2300 | agents=32
2026-03-06 10:14:27,530 | INFO | evac_sim.simulation.simulation_manager | Progress | frame=2310 | agents=32
2026-03-06 10:14:27,551 | INFO | evac_sim.simulation.simulation_manager | Progress | frame=2320 | agents=32
2026-03-06 10:14:27,573 | INFO | evac_sim.simulation.simulation_manager | Progress | frame=2330 | agents=32
2026-03-06 10:14:27,594 | INFO | evac_sim.simulation.simulation_manager | Progress | frame=2340 | agents=32
2026-03-06 10:14:27,616 | INFO | evac_sim.simulation.simulation_manager | Progress | frame=2350 | agents=32
2026-03-06 10:14:27,652 | INFO | evac_sim.simulation.simulation_manager | Progress | frame=2360 | agents=32
2026-03-06 10:14:27,674 | INFO | evac_sim.simulation.simulation_manager | Progress | frame=2370 | agents=32
2026-03-06 10:14:27,695 | INFO | evac_sim.simulation.simulation_manager | Progress | frame=2380 | agents=32
2026-03-06 10:14:27,717 | INFO | evac_sim.simulation.simulation_manager | Progress | frame=2390 | agents=32
2026-03-06 10:14:27,738 | INFO | evac_sim.simulation.simulation_manager | Progress | frame=2400 | agents=32
2026-03-06 10:14:27,774 | INFO | evac_sim.simulation.simulation_manager | Progress | frame=2410 | agents=32
2026-03-06 10:14:27,796 | INFO | evac_sim.simulation.simulation_manager | Progress | frame=2420 | agents=32
2026-03-06 10:14:27,817 | INFO | evac_sim.simulation.simulation_manager | Progress | frame=2430 | agents=32
2026-03-06 10:14:27,838 | INFO | evac_sim.simulation.simulation_manager | Progress | frame=2440 | agents=32
2026-03-06 10:14:27,859 | INFO | evac_sim.simulation.simulation_manager | Progress | frame=2450 | agents=32
2026-03-06 10:14:27,895 | INFO | evac_sim.simulation.simulation_manager | Progress | frame=2460 | agents=32
2026-03-06 10:14:27,916 | INFO | evac_sim.simulation.simulation_manager | Progress | frame=2470 | agents=32
2026-03-06 10:14:27,938 | INFO | evac_sim.simulation.simulation_manager | Progress | frame=2480 | agents=32
2026-03-06 10:14:27,958 | INFO | evac_sim.simulation.simulation_manager | Progress | frame=2490 | agents=32
2026-03-06 10:14:27,979 | INFO | evac_sim.simulation.simulation_manager | Progress | frame=2500 | agents=32
2026-03-06 10:14:28,015 | INFO | evac_sim.simulation.simulation_manager | Progress | frame=2510 | agents=32
2026-03-06 10:14:28,036 | INFO | evac_sim.simulation.simulation_manager | Progress | frame=2520 | agents=32
2026-03-06 10:14:28,057 | INFO | evac_sim.simulation.simulation_manager | Progress | frame=2530 | agents=32
2026-03-06 10:14:28,078 | INFO | evac_sim.simulation.simulation_manager | Progress | frame=2540 | agents=32
2026-03-06 10:14:28,101 | INFO | evac_sim.simulation.simulation_manager | Progress | frame=2550 | agents=32
2026-03-06 10:14:28,137 | INFO | evac_sim.simulation.simulation_manager | Progress | frame=2560 | agents=32
2026-03-06 10:14:28,157 | INFO | evac_sim.simulation.simulation_manager | Progress | frame=2570 | agents=32
2026-03-06 10:14:28,178 | INFO | evac_sim.simulation.simulation_manager | Progress | frame=2580 | agents=32
2026-03-06 10:14:28,202 | INFO | evac_sim.simulation.simulation_manager | Progress | frame=2590 | agents=32
2026-03-06 10:14:28,222 | INFO | evac_sim.simulation.simulation_manager | Progress | frame=2600 | agents=32
2026-03-06 10:14:28,238 | INFO | evac_sim.simulation.simulation_manager | Reroute applied | frame=2600 | group=92 | agents=10 | curr=202 next=201 | old_len=52 new_len=62
2026-03-06 10:14:28,260 | INFO | evac_sim.simulation.simulation_manager | Progress | frame=2610 | agents=32
2026-03-06 10:14:28,282 | INFO | evac_sim.simulation.simulation_manager | Progress | frame=2620 | agents=32
2026-03-06 10:14:28,302 | INFO | evac_sim.simulation.simulation_manager | Progress | frame=2630 | agents=32
2026-03-06 10:14:28,323 | INFO | evac_sim.simulation.simulation_manager | Progress | frame=2640 | agents=32
2026-03-06 10:14:28,345 | INFO | evac_sim.simulation.simulation_manager | Progress | frame=2650 | agents=32
2026-03-06 10:14:28,379 | INFO | evac_sim.simulation.simulation_manager | Progress | frame=2660 | agents=32
2026-03-06 10:14:28,401 | INFO | evac_sim.simulation.simulation_manager | Progress | frame=2670 | agents=32
2026-03-06 10:14:28,422 | INFO | evac_sim.simulation.simulation_manager | Progress | frame=2680 | agents=32
2026-03-06 10:14:28,443 | INFO | evac_sim.simulation.simulation_manager | Progress | frame=2690 | agents=32
2026-03-06 10:14:28,463 | INFO | evac_sim.simulation.simulation_manager | Progress | frame=2700 | agents=32
2026-03-06 10:14:28,497 | INFO | evac_sim.simulation.simulation_manager | Progress | frame=2710 | agents=32
2026-03-06 10:14:28,517 | INFO | evac_sim.simulation.simulation_manager | Progress | frame=2720 | agents=32
2026-03-06 10:14:28,538 | INFO | evac_sim.simulation.simulation_manager | Progress | frame=2730 | agents=32
2026-03-06 10:14:28,558 | INFO | evac_sim.simulation.simulation_manager | Progress | frame=2740 | agents=32
2026-03-06 10:14:28,579 | INFO | evac_sim.simulation.simulation_manager | Progress | frame=2750 | agents=32
2026-03-06 10:14:28,613 | INFO | evac_sim.simulation.simulation_manager | Progress | frame=2760 | agents=32
2026-03-06 10:14:28,633 | INFO | evac_sim.simulation.simulation_manager | Progress | frame=2770 | agents=32
2026-03-06 10:14:28,653 | INFO | evac_sim.simulation.simulation_manager | Progress | frame=2780 | agents=32
2026-03-06 10:14:28,674 | INFO | evac_sim.simulation.simulation_manager | Progress | frame=2790 | agents=32
2026-03-06 10:14:28,696 | INFO | evac_sim.simulation.simulation_manager | Progress | frame=2800 | agents=32
2026-03-06 10:14:28,702 | INFO | evac_sim.simulation.simulation_manager | Reroute applied | frame=2800 | group=82 | agents=5 | curr=202 next=201 | old_len=49 new_len=59
2026-03-06 10:14:28,734 | INFO | evac_sim.simulation.simulation_manager | Progress | frame=2810 | agents=32
2026-03-06 10:14:28,755 | INFO | evac_sim.simulation.simulation_manager | Progress | frame=2820 | agents=32
2026-03-06 10:14:28,775 | INFO | evac_sim.simulation.simulation_manager | Progress | frame=2830 | agents=31
2026-03-06 10:14:28,795 | INFO | evac_sim.simulation.simulation_manager | Progress | frame=2840 | agents=31
2026-03-06 10:14:28,816 | INFO | evac_sim.simulation.simulation_manager | Progress | frame=2850 | agents=31
2026-03-06 10:14:28,851 | INFO | evac_sim.simulation.simulation_manager | Progress | frame=2860 | agents=31
2026-03-06 10:14:28,871 | INFO | evac_sim.simulation.simulation_manager | Progress | frame=2870 | agents=31
2026-03-06 10:14:28,891 | INFO | evac_sim.simulation.simulation_manager | Progress | frame=2880 | agents=31
2026-03-06 10:14:28,912 | INFO | evac_sim.simulation.simulation_manager | Progress | frame=2890 | agents=31
2026-03-06 10:14:28,934 | INFO | evac_sim.simulation.simulation_manager | Progress | frame=2900 | agents=31
2026-03-06 10:14:28,967 | INFO | evac_sim.simulation.simulation_manager | Progress | frame=2910 | agents=30
2026-03-06 10:14:28,987 | INFO | evac_sim.simulation.simulation_manager | Progress | frame=2920 | agents=30
2026-03-06 10:14:29,008 | INFO | evac_sim.simulation.simulation_manager | Progress | frame=2930 | agents=30
2026-03-06 10:14:29,028 | INFO | evac_sim.simulation.simulation_manager | Progress | frame=2940 | agents=30
2026-03-06 10:14:29,049 | INFO | evac_sim.simulation.simulation_manager | Progress | frame=2950 | agents=30
2026-03-06 10:14:29,083 | INFO | evac_sim.simulation.simulation_manager | Progress | frame=2960 | agents=30
2026-03-06 10:14:29,103 | INFO | evac_sim.simulation.simulation_manager | Progress | frame=2970 | agents=29
2026-03-06 10:14:29,122 | INFO | evac_sim.simulation.simulation_manager | Progress | frame=2980 | agents=29
2026-03-06 10:14:29,143 | INFO | evac_sim.simulation.simulation_manager | Progress | frame=2990 | agents=29
2026-03-06 10:14:29,163 | INFO | evac_sim.simulation.simulation_manager | Progress | frame=3000 | agents=29
2026-03-06 10:14:29,196 | INFO | evac_sim.simulation.simulation_manager | Progress | frame=3010 | agents=29
2026-03-06 10:14:29,216 | INFO | evac_sim.simulation.simulation_manager | Progress | frame=3020 | agents=29
2026-03-06 10:14:29,236 | INFO | evac_sim.simulation.simulation_manager | Progress | frame=3030 | agents=28
2026-03-06 10:14:29,255 | INFO | evac_sim.simulation.simulation_manager | Progress | frame=3040 | agents=28
2026-03-06 10:14:29,275 | INFO | evac_sim.simulation.simulation_manager | Progress | frame=3050 | agents=28
2026-03-06 10:14:29,308 | INFO | evac_sim.simulation.simulation_manager | Progress | frame=3060 | agents=28
2026-03-06 10:14:29,328 | INFO | evac_sim.simulation.simulation_manager | Progress | frame=3070 | agents=28
2026-03-06 10:14:29,348 | INFO | evac_sim.simulation.simulation_manager | Progress | frame=3080 | agents=27
2026-03-06 10:14:29,368 | INFO | evac_sim.simulation.simulation_manager | Progress | frame=3090 | agents=27
2026-03-06 10:14:29,387 | INFO | evac_sim.simulation.simulation_manager | Progress | frame=3100 | agents=27
2026-03-06 10:14:29,420 | INFO | evac_sim.simulation.simulation_manager | Progress | frame=3110 | agents=27
2026-03-06 10:14:29,441 | INFO | evac_sim.simulation.simulation_manager | Progress | frame=3120 | agents=27
2026-03-06 10:14:29,460 | INFO | evac_sim.simulation.simulation_manager | Progress | frame=3130 | agents=27
2026-03-06 10:14:29,480 | INFO | evac_sim.simulation.simulation_manager | Progress | frame=3140 | agents=26
2026-03-06 10:14:29,498 | INFO | evac_sim.simulation.simulation_manager | Progress | frame=3150 | agents=26
2026-03-06 10:14:29,529 | INFO | evac_sim.simulation.simulation_manager | Progress | frame=3160 | agents=26
2026-03-06 10:14:29,549 | INFO | evac_sim.simulation.simulation_manager | Progress | frame=3170 | agents=26
2026-03-06 10:14:29,569 | INFO | evac_sim.simulation.simulation_manager | Progress | frame=3180 | agents=26
2026-03-06 10:14:29,588 | INFO | evac_sim.simulation.simulation_manager | Progress | frame=3190 | agents=26
2026-03-06 10:14:29,607 | INFO | evac_sim.simulation.simulation_manager | Progress | frame=3200 | agents=26
2026-03-06 10:14:29,638 | INFO | evac_sim.simulation.simulation_manager | Progress | frame=3210 | agents=26
2026-03-06 10:14:29,657 | INFO | evac_sim.simulation.simulation_manager | Progress | frame=3220 | agents=26
2026-03-06 10:14:29,676 | INFO | evac_sim.simulation.simulation_manager | Progress | frame=3230 | agents=26
2026-03-06 10:14:29,701 | INFO | evac_sim.simulation.simulation_manager | Progress | frame=3240 | agents=26
2026-03-06 10:14:29,721 | INFO | evac_sim.simulation.simulation_manager | Progress | frame=3250 | agents=26
2026-03-06 10:14:29,751 | INFO | evac_sim.simulation.simulation_manager | Progress | frame=3260 | agents=26
2026-03-06 10:14:29,771 | INFO | evac_sim.simulation.simulation_manager | Progress | frame=3270 | agents=26
2026-03-06 10:14:29,792 | INFO | evac_sim.simulation.simulation_manager | Progress | frame=3280 | agents=26
2026-03-06 10:14:29,812 | INFO | evac_sim.simulation.simulation_manager | Progress | frame=3290 | agents=26
2026-03-06 10:14:29,832 | INFO | evac_sim.simulation.simulation_manager | Progress | frame=3300 | agents=26
2026-03-06 10:14:29,861 | INFO | evac_sim.simulation.simulation_manager | Progress | frame=3310 | agents=26
2026-03-06 10:14:29,881 | INFO | evac_sim.simulation.simulation_manager | Progress | frame=3320 | agents=26
2026-03-06 10:14:29,901 | INFO | evac_sim.simulation.simulation_manager | Progress | frame=3330 | agents=26
2026-03-06 10:14:29,920 | INFO | evac_sim.simulation.simulation_manager | Progress | frame=3340 | agents=26
2026-03-06 10:14:29,941 | INFO | evac_sim.simulation.simulation_manager | Progress | frame=3350 | agents=26
2026-03-06 10:14:29,971 | INFO | evac_sim.simulation.simulation_manager | Progress | frame=3360 | agents=26
2026-03-06 10:14:29,990 | INFO | evac_sim.simulation.simulation_manager | Progress | frame=3370 | agents=26
2026-03-06 10:14:30,010 | INFO | evac_sim.simulation.simulation_manager | Progress | frame=3380 | agents=26
2026-03-06 10:14:30,030 | INFO | evac_sim.simulation.simulation_manager | Progress | frame=3390 | agents=26
2026-03-06 10:14:30,049 | INFO | evac_sim.simulation.simulation_manager | Progress | frame=3400 | agents=26
2026-03-06 10:14:30,057 | INFO | evac_sim.simulation.simulation_manager | Reroute applied | frame=3400 | group=83 | agents=5 | curr=202 next=201 | old_len=55 new_len=65
2026-03-06 10:14:30,083 | INFO | evac_sim.simulation.simulation_manager | Progress | frame=3410 | agents=26
2026-03-06 10:14:30,103 | INFO | evac_sim.simulation.simulation_manager | Progress | frame=3420 | agents=26
2026-03-06 10:14:30,123 | INFO | evac_sim.simulation.simulation_manager | Progress | frame=3430 | agents=26
2026-03-06 10:14:30,143 | INFO | evac_sim.simulation.simulation_manager | Progress | frame=3440 | agents=26
2026-03-06 10:14:30,163 | INFO | evac_sim.simulation.simulation_manager | Progress | frame=3450 | agents=26
2026-03-06 10:14:30,194 | INFO | evac_sim.simulation.simulation_manager | Progress | frame=3460 | agents=26
2026-03-06 10:14:30,214 | INFO | evac_sim.simulation.simulation_manager | Progress | frame=3470 | agents=26
2026-03-06 10:14:30,234 | INFO | evac_sim.simulation.simulation_manager | Progress | frame=3480 | agents=26
2026-03-06 10:14:30,254 | INFO | evac_sim.simulation.simulation_manager | Progress | frame=3490 | agents=26
2026-03-06 10:14:30,274 | INFO | evac_sim.simulation.simulation_manager | Progress | frame=3500 | agents=26
2026-03-06 10:14:30,304 | INFO | evac_sim.simulation.simulation_manager | Progress | frame=3510 | agents=26
2026-03-06 10:14:30,322 | INFO | evac_sim.simulation.simulation_manager | Progress | frame=3520 | agents=26
2026-03-06 10:14:30,342 | INFO | evac_sim.simulation.simulation_manager | Progress | frame=3530 | agents=26
2026-03-06 10:14:30,362 | INFO | evac_sim.simulation.simulation_manager | Progress | frame=3540 | agents=26
2026-03-06 10:14:30,381 | INFO | evac_sim.simulation.simulation_manager | Progress | frame=3550 | agents=26
2026-03-06 10:14:30,413 | INFO | evac_sim.simulation.simulation_manager | Progress | frame=3560 | agents=26
2026-03-06 10:14:30,431 | INFO | evac_sim.simulation.simulation_manager | Progress | frame=3570 | agents=26
2026-03-06 10:14:30,452 | INFO | evac_sim.simulation.simulation_manager | Progress | frame=3580 | agents=26
2026-03-06 10:14:30,472 | INFO | evac_sim.simulation.simulation_manager | Progress | frame=3590 | agents=26
2026-03-06 10:14:30,492 | INFO | evac_sim.simulation.simulation_manager | Progress | frame=3600 | agents=26
2026-03-06 10:14:30,524 | INFO | evac_sim.simulation.simulation_manager | Progress | frame=3610 | agents=26
2026-03-06 10:14:30,543 | INFO | evac_sim.simulation.simulation_manager | Progress | frame=3620 | agents=26
2026-03-06 10:14:30,562 | INFO | evac_sim.simulation.simulation_manager | Progress | frame=3630 | agents=26
2026-03-06 10:14:30,582 | INFO | evac_sim.simulation.simulation_manager | Progress | frame=3640 | agents=26
2026-03-06 10:14:30,602 | INFO | evac_sim.simulation.simulation_manager | Progress | frame=3650 | agents=26
2026-03-06 10:14:30,632 | INFO | evac_sim.simulation.simulation_manager | Progress | frame=3660 | agents=26
2026-03-06 10:14:30,652 | INFO | evac_sim.simulation.simulation_manager | Progress | frame=3670 | agents=26
2026-03-06 10:14:30,671 | INFO | evac_sim.simulation.simulation_manager | Progress | frame=3680 | agents=26
2026-03-06 10:14:30,697 | INFO | evac_sim.simulation.simulation_manager | Progress | frame=3690 | agents=26
2026-03-06 10:14:30,717 | INFO | evac_sim.simulation.simulation_manager | Progress | frame=3700 | agents=26
2026-03-06 10:14:30,754 | INFO | evac_sim.simulation.simulation_manager | Progress | frame=3710 | agents=26
2026-03-06 10:14:30,779 | INFO | evac_sim.simulation.simulation_manager | Progress | frame=3720 | agents=26
2026-03-06 10:14:30,803 | INFO | evac_sim.simulation.simulation_manager | Progress | frame=3730 | agents=25
2026-03-06 10:14:30,826 | INFO | evac_sim.simulation.simulation_manager | Progress | frame=3740 | agents=25
2026-03-06 10:14:30,848 | INFO | evac_sim.simulation.simulation_manager | Progress | frame=3750 | agents=25
2026-03-06 10:14:30,886 | INFO | evac_sim.simulation.simulation_manager | Progress | frame=3760 | agents=25
2026-03-06 10:14:30,909 | INFO | evac_sim.simulation.simulation_manager | Progress | frame=3770 | agents=25
2026-03-06 10:14:30,936 | INFO | evac_sim.simulation.simulation_manager | Progress | frame=3780 | agents=25
2026-03-06 10:14:30,959 | INFO | evac_sim.simulation.simulation_manager | Progress | frame=3790 | agents=25
2026-03-06 10:14:30,982 | INFO | evac_sim.simulation.simulation_manager | Progress | frame=3800 | agents=24
2026-03-06 10:14:31,021 | INFO | evac_sim.simulation.simulation_manager | Progress | frame=3810 | agents=24
2026-03-06 10:14:31,044 | INFO | evac_sim.simulation.simulation_manager | Progress | frame=3820 | agents=24
2026-03-06 10:14:31,066 | INFO | evac_sim.simulation.simulation_manager | Progress | frame=3830 | agents=24
2026-03-06 10:14:31,096 | INFO | evac_sim.simulation.simulation_manager | Progress | frame=3840 | agents=24
2026-03-06 10:14:31,119 | INFO | evac_sim.simulation.simulation_manager | Progress | frame=3850 | agents=23
2026-03-06 10:14:31,155 | INFO | evac_sim.simulation.simulation_manager | Progress | frame=3860 | agents=23
2026-03-06 10:14:31,179 | INFO | evac_sim.simulation.simulation_manager | Progress | frame=3870 | agents=23
2026-03-06 10:14:31,201 | INFO | evac_sim.simulation.simulation_manager | Progress | frame=3880 | agents=23
2026-03-06 10:14:31,224 | INFO | evac_sim.simulation.simulation_manager | Progress | frame=3890 | agents=22
2026-03-06 10:14:31,247 | INFO | evac_sim.simulation.simulation_manager | Progress | frame=3900 | agents=22
2026-03-06 10:14:31,282 | INFO | evac_sim.simulation.simulation_manager | Progress | frame=3910 | agents=22
2026-03-06 10:14:31,306 | INFO | evac_sim.simulation.simulation_manager | Progress | frame=3920 | agents=22
2026-03-06 10:14:31,328 | INFO | evac_sim.simulation.simulation_manager | Progress | frame=3930 | agents=22
2026-03-06 10:14:31,353 | INFO | evac_sim.simulation.simulation_manager | Progress | frame=3940 | agents=21
2026-03-06 10:14:31,372 | INFO | evac_sim.simulation.simulation_manager | Progress | frame=3950 | agents=21
2026-03-06 10:14:31,402 | INFO | evac_sim.simulation.simulation_manager | Progress | frame=3960 | agents=21
2026-03-06 10:14:31,421 | INFO | evac_sim.simulation.simulation_manager | Progress | frame=3970 | agents=21
2026-03-06 10:14:31,440 | INFO | evac_sim.simulation.simulation_manager | Progress | frame=3980 | agents=20
2026-03-06 10:14:31,459 | INFO | evac_sim.simulation.simulation_manager | Progress | frame=3990 | agents=20
2026-03-06 10:14:31,478 | INFO | evac_sim.simulation.simulation_manager | Progress | frame=4000 | agents=20
2026-03-06 10:14:31,505 | INFO | evac_sim.simulation.simulation_manager | Progress | frame=4010 | agents=20
2026-03-06 10:14:31,524 | INFO | evac_sim.simulation.simulation_manager | Progress | frame=4020 | agents=20
2026-03-06 10:14:31,544 | INFO | evac_sim.simulation.simulation_manager | Progress | frame=4030 | agents=20
2026-03-06 10:14:31,563 | INFO | evac_sim.simulation.simulation_manager | Progress | frame=4040 | agents=20
2026-03-06 10:14:31,583 | INFO | evac_sim.simulation.simulation_manager | Progress | frame=4050 | agents=20
2026-03-06 10:14:31,610 | INFO | evac_sim.simulation.simulation_manager | Progress | frame=4060 | agents=20
2026-03-06 10:14:31,629 | INFO | evac_sim.simulation.simulation_manager | Progress | frame=4070 | agents=20
2026-03-06 10:14:31,647 | INFO | evac_sim.simulation.simulation_manager | Progress | frame=4080 | agents=20
2026-03-06 10:14:31,667 | INFO | evac_sim.simulation.simulation_manager | Progress | frame=4090 | agents=19
2026-03-06 10:14:31,686 | INFO | evac_sim.simulation.simulation_manager | Progress | frame=4100 | agents=19
2026-03-06 10:14:31,713 | INFO | evac_sim.simulation.simulation_manager | Progress | frame=4110 | agents=19
2026-03-06 10:14:31,732 | INFO | evac_sim.simulation.simulation_manager | Progress | frame=4120 | agents=19
2026-03-06 10:14:31,754 | INFO | evac_sim.simulation.simulation_manager | Progress | frame=4130 | agents=19
2026-03-06 10:14:31,776 | INFO | evac_sim.simulation.simulation_manager | Progress | frame=4140 | agents=18
2026-03-06 10:14:31,801 | INFO | evac_sim.simulation.simulation_manager | Progress | frame=4150 | agents=18
2026-03-06 10:14:31,832 | INFO | evac_sim.simulation.simulation_manager | Progress | frame=4160 | agents=18
2026-03-06 10:14:31,855 | INFO | evac_sim.simulation.simulation_manager | Progress | frame=4170 | agents=18
2026-03-06 10:14:31,877 | INFO | evac_sim.simulation.simulation_manager | Progress | frame=4180 | agents=18
2026-03-06 10:14:31,900 | INFO | evac_sim.simulation.simulation_manager | Progress | frame=4190 | agents=17
2026-03-06 10:14:31,922 | INFO | evac_sim.simulation.simulation_manager | Progress | frame=4200 | agents=17
2026-03-06 10:14:31,949 | INFO | evac_sim.simulation.simulation_manager | Progress | frame=4210 | agents=17
2026-03-06 10:14:31,970 | INFO | evac_sim.simulation.simulation_manager | Progress | frame=4220 | agents=17
2026-03-06 10:14:31,988 | INFO | evac_sim.simulation.simulation_manager | Progress | frame=4230 | agents=17
2026-03-06 10:14:32,007 | INFO | evac_sim.simulation.simulation_manager | Progress | frame=4240 | agents=17
2026-03-06 10:14:32,025 | INFO | evac_sim.simulation.simulation_manager | Progress | frame=4250 | agents=17
2026-03-06 10:14:32,052 | INFO | evac_sim.simulation.simulation_manager | Progress | frame=4260 | agents=16
2026-03-06 10:14:32,072 | INFO | evac_sim.simulation.simulation_manager | Progress | frame=4270 | agents=16
2026-03-06 10:14:32,090 | INFO | evac_sim.simulation.simulation_manager | Progress | frame=4280 | agents=16
2026-03-06 10:14:32,108 | INFO | evac_sim.simulation.simulation_manager | Progress | frame=4290 | agents=16
2026-03-06 10:14:32,128 | INFO | evac_sim.simulation.simulation_manager | Progress | frame=4300 | agents=16
2026-03-06 10:14:32,154 | INFO | evac_sim.simulation.simulation_manager | Progress | frame=4310 | agents=15
2026-03-06 10:14:32,174 | INFO | evac_sim.simulation.simulation_manager | Progress | frame=4320 | agents=15
2026-03-06 10:14:32,192 | INFO | evac_sim.simulation.simulation_manager | Progress | frame=4330 | agents=15
2026-03-06 10:14:32,211 | INFO | evac_sim.simulation.simulation_manager | Progress | frame=4340 | agents=15
2026-03-06 10:14:32,229 | INFO | evac_sim.simulation.simulation_manager | Progress | frame=4350 | agents=15
2026-03-06 10:14:32,256 | INFO | evac_sim.simulation.simulation_manager | Progress | frame=4360 | agents=14
2026-03-06 10:14:32,274 | INFO | evac_sim.simulation.simulation_manager | Progress | frame=4370 | agents=14
2026-03-06 10:14:32,294 | INFO | evac_sim.simulation.simulation_manager | Progress | frame=4380 | agents=14
2026-03-06 10:14:32,313 | INFO | evac_sim.simulation.simulation_manager | Progress | frame=4390 | agents=14
2026-03-06 10:14:32,332 | INFO | evac_sim.simulation.simulation_manager | Progress | frame=4400 | agents=14
2026-03-06 10:14:32,358 | INFO | evac_sim.simulation.simulation_manager | Progress | frame=4410 | agents=13
2026-03-06 10:14:32,377 | INFO | evac_sim.simulation.simulation_manager | Progress | frame=4420 | agents=13
2026-03-06 10:14:32,395 | INFO | evac_sim.simulation.simulation_manager | Progress | frame=4430 | agents=13
2026-03-06 10:14:32,414 | INFO | evac_sim.simulation.simulation_manager | Progress | frame=4440 | agents=13
2026-03-06 10:14:32,432 | INFO | evac_sim.simulation.simulation_manager | Progress | frame=4450 | agents=13
2026-03-06 10:14:32,460 | INFO | evac_sim.simulation.simulation_manager | Progress | frame=4460 | agents=12
2026-03-06 10:14:32,478 | INFO | evac_sim.simulation.simulation_manager | Progress | frame=4470 | agents=12
2026-03-06 10:14:32,496 | INFO | evac_sim.simulation.simulation_manager | Progress | frame=4480 | agents=12
2026-03-06 10:14:32,515 | INFO | evac_sim.simulation.simulation_manager | Progress | frame=4490 | agents=12
2026-03-06 10:14:32,533 | INFO | evac_sim.simulation.simulation_manager | Progress | frame=4500 | agents=11
2026-03-06 10:14:32,559 | INFO | evac_sim.simulation.simulation_manager | Progress | frame=4510 | agents=11
2026-03-06 10:14:32,578 | INFO | evac_sim.simulation.simulation_manager | Progress | frame=4520 | agents=11
2026-03-06 10:14:32,595 | INFO | evac_sim.simulation.simulation_manager | Progress | frame=4530 | agents=11
2026-03-06 10:14:32,614 | INFO | evac_sim.simulation.simulation_manager | Progress | frame=4540 | agents=11
2026-03-06 10:14:32,632 | INFO | evac_sim.simulation.simulation_manager | Progress | frame=4550 | agents=10
2026-03-06 10:14:32,658 | INFO | evac_sim.simulation.simulation_manager | Progress | frame=4560 | agents=10
2026-03-06 10:14:32,677 | INFO | evac_sim.simulation.simulation_manager | Progress | frame=4570 | agents=10
2026-03-06 10:14:32,694 | INFO | evac_sim.simulation.simulation_manager | Progress | frame=4580 | agents=10
2026-03-06 10:14:32,712 | INFO | evac_sim.simulation.simulation_manager | Progress | frame=4590 | agents=9
2026-03-06 10:14:32,730 | INFO | evac_sim.simulation.simulation_manager | Progress | frame=4600 | agents=9
2026-03-06 10:14:32,755 | INFO | evac_sim.simulation.simulation_manager | Progress | frame=4610 | agents=9
2026-03-06 10:14:32,774 | INFO | evac_sim.simulation.simulation_manager | Progress | frame=4620 | agents=9
2026-03-06 10:14:32,792 | INFO | evac_sim.simulation.simulation_manager | Progress | frame=4630 | agents=9
2026-03-06 10:14:32,811 | INFO | evac_sim.simulation.simulation_manager | Progress | frame=4640 | agents=8
2026-03-06 10:14:32,828 | INFO | evac_sim.simulation.simulation_manager | Progress | frame=4650 | agents=8
2026-03-06 10:14:32,854 | INFO | evac_sim.simulation.simulation_manager | Progress | frame=4660 | agents=8
2026-03-06 10:14:32,872 | INFO | evac_sim.simulation.simulation_manager | Progress | frame=4670 | agents=8
2026-03-06 10:14:32,891 | INFO | evac_sim.simulation.simulation_manager | Progress | frame=4680 | agents=7
2026-03-06 10:14:32,909 | INFO | evac_sim.simulation.simulation_manager | Progress | frame=4690 | agents=7
2026-03-06 10:14:32,927 | INFO | evac_sim.simulation.simulation_manager | Progress | frame=4700 | agents=7
2026-03-06 10:14:32,953 | INFO | evac_sim.simulation.simulation_manager | Progress | frame=4710 | agents=7
2026-03-06 10:14:32,971 | INFO | evac_sim.simulation.simulation_manager | Progress | frame=4720 | agents=7
2026-03-06 10:14:32,989 | INFO | evac_sim.simulation.simulation_manager | Progress | frame=4730 | agents=6
2026-03-06 10:14:33,006 | INFO | evac_sim.simulation.simulation_manager | Progress | frame=4740 | agents=6
2026-03-06 10:14:33,024 | INFO | evac_sim.simulation.simulation_manager | Progress | frame=4750 | agents=6
2026-03-06 10:14:33,047 | INFO | evac_sim.simulation.simulation_manager | Progress | frame=4760 | agents=6
2026-03-06 10:14:33,065 | INFO | evac_sim.simulation.simulation_manager | Progress | frame=4770 | agents=6
2026-03-06 10:14:33,083 | INFO | evac_sim.simulation.simulation_manager | Progress | frame=4780 | agents=5
2026-03-06 10:14:33,101 | INFO | evac_sim.simulation.simulation_manager | Progress | frame=4790 | agents=5
2026-03-06 10:14:33,118 | INFO | evac_sim.simulation.simulation_manager | Progress | frame=4800 | agents=5
2026-03-06 10:14:33,139 | INFO | evac_sim.simulation.simulation_manager | Progress | frame=4810 | agents=5
2026-03-06 10:14:33,157 | INFO | evac_sim.simulation.simulation_manager | Progress | frame=4820 | agents=5
2026-03-06 10:14:33,175 | INFO | evac_sim.simulation.simulation_manager | Progress | frame=4830 | agents=5
2026-03-06 10:14:33,193 | INFO | evac_sim.simulation.simulation_manager | Progress | frame=4840 | agents=5
2026-03-06 10:14:33,211 | INFO | evac_sim.simulation.simulation_manager | Progress | frame=4850 | agents=5
2026-03-06 10:14:33,233 | INFO | evac_sim.simulation.simulation_manager | Progress | frame=4860 | agents=4
2026-03-06 10:14:33,250 | INFO | evac_sim.simulation.simulation_manager | Progress | frame=4870 | agents=4
2026-03-06 10:14:33,268 | INFO | evac_sim.simulation.simulation_manager | Progress | frame=4880 | agents=4
2026-03-06 10:14:33,287 | INFO | evac_sim.simulation.simulation_manager | Progress | frame=4890 | agents=4
2026-03-06 10:14:33,304 | INFO | evac_sim.simulation.simulation_manager | Progress | frame=4900 | agents=4
2026-03-06 10:14:33,324 | INFO | evac_sim.simulation.simulation_manager | Progress | frame=4910 | agents=3
2026-03-06 10:14:33,342 | INFO | evac_sim.simulation.simulation_manager | Progress | frame=4920 | agents=3
2026-03-06 10:14:33,359 | INFO | evac_sim.simulation.simulation_manager | Progress | frame=4930 | agents=3
2026-03-06 10:14:33,377 | INFO | evac_sim.simulation.simulation_manager | Progress | frame=4940 | agents=3
2026-03-06 10:14:33,394 | INFO | evac_sim.simulation.simulation_manager | Progress | frame=4950 | agents=3
2026-03-06 10:14:33,414 | INFO | evac_sim.simulation.simulation_manager | Progress | frame=4960 | agents=2
2026-03-06 10:14:33,432 | INFO | evac_sim.simulation.simulation_manager | Progress | frame=4970 | agents=2
2026-03-06 10:14:33,450 | INFO | evac_sim.simulation.simulation_manager | Progress | frame=4980 | agents=2
2026-03-06 10:14:33,468 | INFO | evac_sim.simulation.simulation_manager | Progress | frame=4990 | agents=2
2026-03-06 10:14:33,485 | INFO | evac_sim.simulation.simulation_manager | Progress | frame=5000 | agents=2
2026-03-06 10:14:33,506 | INFO | evac_sim.simulation.simulation_manager | Progress | frame=5010 | agents=1
2026-03-06 10:14:33,522 | INFO | evac_sim.simulation.simulation_manager | Progress | frame=5020 | agents=1
2026-03-06 10:14:33,539 | INFO | evac_sim.simulation.simulation_manager | Progress | frame=5030 | agents=1
2026-03-06 10:14:33,556 | INFO | evac_sim.simulation.simulation_manager | Progress | frame=5040 | agents=1
2026-03-06 10:14:33,573 | INFO | evac_sim.simulation.simulation_manager | Progress | frame=5050 | agents=1
2026-03-06 10:14:33,581 | INFO | evac_sim.simulation.simulation_manager | Simulation end | last_frame=5053
2026-03-06 10:14:33,612 | INFO | evac_sim.runner | Metrics preview | mode=2 group=82 agents=5 min=4356.000 avg=4504.000 median=4450.000 p90=4669.200 max=4724.000
2026-03-06 10:14:33,623 | INFO | evac_sim.runner | Metrics preview | mode=2 group=83 agents=5 min=4858.000 avg=4956.000 median=4958.000 p90=5034.200 max=5053.000
2026-03-06 10:14:33,634 | INFO | evac_sim.runner | Metrics preview | mode=2 group=73 agents=6 min=3729.000 avg=3860.500 median=3864.000 p90=3956.500 max=3979.000
2026-03-06 10:14:33,645 | INFO | evac_sim.runner | Metrics preview | mode=2 group=77 agents=6 min=2824.000 avg=2986.667 median=2992.000 p90=3102.500 max=3130.000
2026-03-06 10:14:33,659 | INFO | evac_sim.runner | Metrics preview | mode=2 group=92 agents=10 min=4087.000 avg=4410.000 median=4401.500 p90=4688.100 max=4770.000
2026-03-06 10:14:33,660 | INFO | evac_sim.runner | Finished mode=2
2026-03-06 10:14:33,660 | INFO | evac_sim.runner | Mode start | mode=3 env=Cruise_Ship case=unknown
2026-03-06 10:14:33,718 | INFO | evac_sim.simulation.simulation_manager | Simulation start | agents=32
2026-03-06 10:14:33,755 | INFO | evac_sim.simulation.simulation_manager | Progress | frame=10 | agents=32
2026-03-06 10:14:33,776 | INFO | evac_sim.simulation.simulation_manager | Progress | frame=20 | agents=32
2026-03-06 10:14:33,796 | INFO | evac_sim.simulation.simulation_manager | Progress | frame=30 | agents=32
2026-03-06 10:14:33,817 | INFO | evac_sim.simulation.simulation_manager | Progress | frame=40 | agents=32
2026-03-06 10:14:33,838 | INFO | evac_sim.simulation.simulation_manager | Progress | frame=50 | agents=32
2026-03-06 10:14:33,872 | INFO | evac_sim.simulation.simulation_manager | Progress | frame=60 | agents=32
2026-03-06 10:14:33,892 | INFO | evac_sim.simulation.simulation_manager | Progress | frame=70 | agents=32
2026-03-06 10:14:33,914 | INFO | evac_sim.simulation.simulation_manager | Progress | frame=80 | agents=32
2026-03-06 10:14:33,935 | INFO | evac_sim.simulation.simulation_manager | Progress | frame=90 | agents=32
2026-03-06 10:14:33,956 | INFO | evac_sim.simulation.simulation_manager | Progress | frame=100 | agents=32
2026-03-06 10:14:33,990 | INFO | evac_sim.simulation.simulation_manager | Progress | frame=110 | agents=32
2026-03-06 10:14:34,011 | INFO | evac_sim.simulation.simulation_manager | Progress | frame=120 | agents=32
2026-03-06 10:14:34,032 | INFO | evac_sim.simulation.simulation_manager | Progress | frame=130 | agents=32
2026-03-06 10:14:34,054 | INFO | evac_sim.simulation.simulation_manager | Progress | frame=140 | agents=32
2026-03-06 10:14:34,075 | INFO | evac_sim.simulation.simulation_manager | Progress | frame=150 | agents=32
2026-03-06 10:14:34,112 | INFO | evac_sim.simulation.simulation_manager | Progress | frame=160 | agents=32
2026-03-06 10:14:34,134 | INFO | evac_sim.simulation.simulation_manager | Progress | frame=170 | agents=32
2026-03-06 10:14:34,155 | INFO | evac_sim.simulation.simulation_manager | Progress | frame=180 | agents=32
2026-03-06 10:14:34,179 | INFO | evac_sim.simulation.simulation_manager | Progress | frame=190 | agents=32
2026-03-06 10:14:34,200 | INFO | evac_sim.simulation.simulation_manager | Progress | frame=200 | agents=32
2026-03-06 10:14:34,237 | INFO | evac_sim.simulation.simulation_manager | Progress | frame=210 | agents=32
2026-03-06 10:14:34,261 | INFO | evac_sim.simulation.simulation_manager | Progress | frame=220 | agents=32
2026-03-06 10:14:34,290 | INFO | evac_sim.simulation.simulation_manager | Progress | frame=230 | agents=32
2026-03-06 10:14:34,315 | INFO | evac_sim.simulation.simulation_manager | Progress | frame=240 | agents=32
2026-03-06 10:14:34,342 | INFO | evac_sim.simulation.simulation_manager | Progress | frame=250 | agents=32
2026-03-06 10:14:34,386 | INFO | evac_sim.simulation.simulation_manager | Progress | frame=260 | agents=32
2026-03-06 10:14:34,410 | INFO | evac_sim.simulation.simulation_manager | Progress | frame=270 | agents=32
2026-03-06 10:14:34,435 | INFO | evac_sim.simulation.simulation_manager | Progress | frame=280 | agents=32
2026-03-06 10:14:34,467 | INFO | evac_sim.simulation.simulation_manager | Progress | frame=290 | agents=32
2026-03-06 10:14:34,492 | INFO | evac_sim.simulation.simulation_manager | Progress | frame=300 | agents=32
2026-03-06 10:14:34,535 | INFO | evac_sim.simulation.simulation_manager | Progress | frame=310 | agents=32
2026-03-06 10:14:34,562 | INFO | evac_sim.simulation.simulation_manager | Progress | frame=320 | agents=32
2026-03-06 10:14:34,586 | INFO | evac_sim.simulation.simulation_manager | Progress | frame=330 | agents=32
2026-03-06 10:14:34,606 | INFO | evac_sim.simulation.simulation_manager | Progress | frame=340 | agents=32
2026-03-06 10:14:34,628 | INFO | evac_sim.simulation.simulation_manager | Progress | frame=350 | agents=32
2026-03-06 10:14:34,662 | INFO | evac_sim.simulation.simulation_manager | Progress | frame=360 | agents=32
2026-03-06 10:14:34,683 | INFO | evac_sim.simulation.simulation_manager | Progress | frame=370 | agents=32
2026-03-06 10:14:34,705 | INFO | evac_sim.simulation.simulation_manager | Progress | frame=380 | agents=32
2026-03-06 10:14:34,726 | INFO | evac_sim.simulation.simulation_manager | Progress | frame=390 | agents=32
2026-03-06 10:14:34,746 | INFO | evac_sim.simulation.simulation_manager | Progress | frame=400 | agents=32
2026-03-06 10:14:34,754 | INFO | evac_sim.simulation.simulation_manager | Reroute applied | frame=400 | group=83 | agents=5 | curr=92 next=91 | old_len=49 new_len=49
2026-03-06 10:14:34,988 | INFO | evac_sim.simulation.simulation_manager | Reroute applied | frame=400 | group=73 | agents=6 | curr=57 next=56 | old_len=44 new_len=47
2026-03-06 10:14:34,996 | INFO | evac_sim.simulation.simulation_manager | Reroute applied | frame=400 | group=92 | agents=10 | curr=61 next=60 | old_len=46 new_len=49
2026-03-06 10:14:35,019 | INFO | evac_sim.simulation.simulation_manager | Progress | frame=410 | agents=32
2026-03-06 10:14:35,039 | INFO | evac_sim.simulation.simulation_manager | Progress | frame=420 | agents=32
2026-03-06 10:14:35,059 | INFO | evac_sim.simulation.simulation_manager | Progress | frame=430 | agents=32
2026-03-06 10:14:35,079 | INFO | evac_sim.simulation.simulation_manager | Progress | frame=440 | agents=32
2026-03-06 10:14:35,099 | INFO | evac_sim.simulation.simulation_manager | Progress | frame=450 | agents=32
2026-03-06 10:14:35,134 | INFO | evac_sim.simulation.simulation_manager | Progress | frame=460 | agents=32
2026-03-06 10:14:35,154 | INFO | evac_sim.simulation.simulation_manager | Progress | frame=470 | agents=32
2026-03-06 10:14:35,174 | INFO | evac_sim.simulation.simulation_manager | Progress | frame=480 | agents=32
2026-03-06 10:14:35,195 | INFO | evac_sim.simulation.simulation_manager | Progress | frame=490 | agents=32
2026-03-06 10:14:35,215 | INFO | evac_sim.simulation.simulation_manager | Progress | frame=500 | agents=32
2026-03-06 10:14:35,250 | INFO | evac_sim.simulation.simulation_manager | Progress | frame=510 | agents=32
2026-03-06 10:14:35,270 | INFO | evac_sim.simulation.simulation_manager | Progress | frame=520 | agents=32
2026-03-06 10:14:35,291 | INFO | evac_sim.simulation.simulation_manager | Progress | frame=530 | agents=32
2026-03-06 10:14:35,313 | INFO | evac_sim.simulation.simulation_manager | Progress | frame=540 | agents=32
2026-03-06 10:14:35,334 | INFO | evac_sim.simulation.simulation_manager | Progress | frame=550 | agents=32
2026-03-06 10:14:35,368 | INFO | evac_sim.simulation.simulation_manager | Progress | frame=560 | agents=32
2026-03-06 10:14:35,388 | INFO | evac_sim.simulation.simulation_manager | Progress | frame=570 | agents=32
2026-03-06 10:14:35,409 | INFO | evac_sim.simulation.simulation_manager | Progress | frame=580 | agents=32
2026-03-06 10:14:35,430 | INFO | evac_sim.simulation.simulation_manager | Progress | frame=590 | agents=32
2026-03-06 10:14:35,452 | INFO | evac_sim.simulation.simulation_manager | Progress | frame=600 | agents=32
2026-03-06 10:14:35,486 | INFO | evac_sim.simulation.simulation_manager | Progress | frame=610 | agents=32
2026-03-06 10:14:35,507 | INFO | evac_sim.simulation.simulation_manager | Progress | frame=620 | agents=32
2026-03-06 10:14:35,529 | INFO | evac_sim.simulation.simulation_manager | Progress | frame=630 | agents=32
2026-03-06 10:14:35,549 | INFO | evac_sim.simulation.simulation_manager | Progress | frame=640 | agents=32
2026-03-06 10:14:35,570 | INFO | evac_sim.simulation.simulation_manager | Progress | frame=650 | agents=32
2026-03-06 10:14:35,605 | INFO | evac_sim.simulation.simulation_manager | Progress | frame=660 | agents=32
2026-03-06 10:14:35,625 | INFO | evac_sim.simulation.simulation_manager | Progress | frame=670 | agents=32
2026-03-06 10:14:35,647 | INFO | evac_sim.simulation.simulation_manager | Progress | frame=680 | agents=32
2026-03-06 10:14:35,668 | INFO | evac_sim.simulation.simulation_manager | Progress | frame=690 | agents=32
2026-03-06 10:14:35,689 | INFO | evac_sim.simulation.simulation_manager | Progress | frame=700 | agents=32
2026-03-06 10:14:35,723 | INFO | evac_sim.simulation.simulation_manager | Progress | frame=710 | agents=32
2026-03-06 10:14:35,744 | INFO | evac_sim.simulation.simulation_manager | Progress | frame=720 | agents=32
2026-03-06 10:14:35,766 | INFO | evac_sim.simulation.simulation_manager | Progress | frame=730 | agents=32
2026-03-06 10:14:35,788 | INFO | evac_sim.simulation.simulation_manager | Progress | frame=740 | agents=32
2026-03-06 10:14:35,808 | INFO | evac_sim.simulation.simulation_manager | Progress | frame=750 | agents=32
2026-03-06 10:14:35,843 | INFO | evac_sim.simulation.simulation_manager | Progress | frame=760 | agents=32
2026-03-06 10:14:35,864 | INFO | evac_sim.simulation.simulation_manager | Progress | frame=770 | agents=32
2026-03-06 10:14:35,886 | INFO | evac_sim.simulation.simulation_manager | Progress | frame=780 | agents=32
2026-03-06 10:14:35,907 | INFO | evac_sim.simulation.simulation_manager | Progress | frame=790 | agents=32
2026-03-06 10:14:35,928 | INFO | evac_sim.simulation.simulation_manager | Progress | frame=800 | agents=32
2026-03-06 10:14:35,963 | INFO | evac_sim.simulation.simulation_manager | Progress | frame=810 | agents=32
2026-03-06 10:14:35,984 | INFO | evac_sim.simulation.simulation_manager | Progress | frame=820 | agents=32
2026-03-06 10:14:36,005 | INFO | evac_sim.simulation.simulation_manager | Progress | frame=830 | agents=32
2026-03-06 10:14:36,026 | INFO | evac_sim.simulation.simulation_manager | Progress | frame=840 | agents=32
2026-03-06 10:14:36,047 | INFO | evac_sim.simulation.simulation_manager | Progress | frame=850 | agents=32
2026-03-06 10:14:36,081 | INFO | evac_sim.simulation.simulation_manager | Progress | frame=860 | agents=32
2026-03-06 10:14:36,104 | INFO | evac_sim.simulation.simulation_manager | Progress | frame=870 | agents=32
2026-03-06 10:14:36,124 | INFO | evac_sim.simulation.simulation_manager | Progress | frame=880 | agents=32
2026-03-06 10:14:36,145 | INFO | evac_sim.simulation.simulation_manager | Progress | frame=890 | agents=32
2026-03-06 10:14:36,167 | INFO | evac_sim.simulation.simulation_manager | Progress | frame=900 | agents=32
2026-03-06 10:14:36,200 | INFO | evac_sim.simulation.simulation_manager | Progress | frame=910 | agents=32
2026-03-06 10:14:36,221 | INFO | evac_sim.simulation.simulation_manager | Progress | frame=920 | agents=32
2026-03-06 10:14:36,242 | INFO | evac_sim.simulation.simulation_manager | Progress | frame=930 | agents=32
2026-03-06 10:14:36,263 | INFO | evac_sim.simulation.simulation_manager | Progress | frame=940 | agents=32
2026-03-06 10:14:36,284 | INFO | evac_sim.simulation.simulation_manager | Progress | frame=950 | agents=32
2026-03-06 10:14:36,319 | INFO | evac_sim.simulation.simulation_manager | Progress | frame=960 | agents=32
2026-03-06 10:14:36,340 | INFO | evac_sim.simulation.simulation_manager | Progress | frame=970 | agents=32
2026-03-06 10:14:36,362 | INFO | evac_sim.simulation.simulation_manager | Progress | frame=980 | agents=32
2026-03-06 10:14:36,385 | INFO | evac_sim.simulation.simulation_manager | Progress | frame=990 | agents=32
2026-03-06 10:14:36,405 | INFO | evac_sim.simulation.simulation_manager | Progress | frame=1000 | agents=32
2026-03-06 10:14:36,440 | INFO | evac_sim.simulation.simulation_manager | Progress | frame=1010 | agents=32
2026-03-06 10:14:36,461 | INFO | evac_sim.simulation.simulation_manager | Progress | frame=1020 | agents=32
2026-03-06 10:14:36,482 | INFO | evac_sim.simulation.simulation_manager | Progress | frame=1030 | agents=32
2026-03-06 10:14:36,504 | INFO | evac_sim.simulation.simulation_manager | Progress | frame=1040 | agents=32
2026-03-06 10:14:36,526 | INFO | evac_sim.simulation.simulation_manager | Progress | frame=1050 | agents=32
2026-03-06 10:14:36,561 | INFO | evac_sim.simulation.simulation_manager | Progress | frame=1060 | agents=32
2026-03-06 10:14:36,582 | INFO | evac_sim.simulation.simulation_manager | Progress | frame=1070 | agents=32
2026-03-06 10:14:36,603 | INFO | evac_sim.simulation.simulation_manager | Progress | frame=1080 | agents=32
2026-03-06 10:14:36,624 | INFO | evac_sim.simulation.simulation_manager | Progress | frame=1090 | agents=32
2026-03-06 10:14:36,645 | INFO | evac_sim.simulation.simulation_manager | Progress | frame=1100 | agents=32
2026-03-06 10:14:36,680 | INFO | evac_sim.simulation.simulation_manager | Progress | frame=1110 | agents=32
2026-03-06 10:14:36,701 | INFO | evac_sim.simulation.simulation_manager | Progress | frame=1120 | agents=32
2026-03-06 10:14:36,723 | INFO | evac_sim.simulation.simulation_manager | Progress | frame=1130 | agents=32
2026-03-06 10:14:36,744 | INFO | evac_sim.simulation.simulation_manager | Progress | frame=1140 | agents=32
2026-03-06 10:14:36,766 | INFO | evac_sim.simulation.simulation_manager | Progress | frame=1150 | agents=32
2026-03-06 10:14:36,801 | INFO | evac_sim.simulation.simulation_manager | Progress | frame=1160 | agents=32
2026-03-06 10:14:36,822 | INFO | evac_sim.simulation.simulation_manager | Progress | frame=1170 | agents=32
2026-03-06 10:14:36,843 | INFO | evac_sim.simulation.simulation_manager | Progress | frame=1180 | agents=32
2026-03-06 10:14:36,864 | INFO | evac_sim.simulation.simulation_manager | Progress | frame=1190 | agents=32
2026-03-06 10:14:36,885 | INFO | evac_sim.simulation.simulation_manager | Progress | frame=1200 | agents=32
2026-03-06 10:14:36,920 | INFO | evac_sim.simulation.simulation_manager | Progress | frame=1210 | agents=32
2026-03-06 10:14:36,941 | INFO | evac_sim.simulation.simulation_manager | Progress | frame=1220 | agents=32
2026-03-06 10:14:36,962 | INFO | evac_sim.simulation.simulation_manager | Progress | frame=1230 | agents=32
2026-03-06 10:14:36,984 | INFO | evac_sim.simulation.simulation_manager | Progress | frame=1240 | agents=32
2026-03-06 10:14:37,005 | INFO | evac_sim.simulation.simulation_manager | Progress | frame=1250 | agents=32
2026-03-06 10:14:37,040 | INFO | evac_sim.simulation.simulation_manager | Progress | frame=1260 | agents=32
2026-03-06 10:14:37,061 | INFO | evac_sim.simulation.simulation_manager | Progress | frame=1270 | agents=32
2026-03-06 10:14:37,083 | INFO | evac_sim.simulation.simulation_manager | Progress | frame=1280 | agents=32
2026-03-06 10:14:37,105 | INFO | evac_sim.simulation.simulation_manager | Progress | frame=1290 | agents=32
2026-03-06 10:14:37,126 | INFO | evac_sim.simulation.simulation_manager | Progress | frame=1300 | agents=32
2026-03-06 10:14:37,162 | INFO | evac_sim.simulation.simulation_manager | Progress | frame=1310 | agents=32
2026-03-06 10:14:37,183 | INFO | evac_sim.simulation.simulation_manager | Progress | frame=1320 | agents=32
2026-03-06 10:14:37,205 | INFO | evac_sim.simulation.simulation_manager | Progress | frame=1330 | agents=32
2026-03-06 10:14:37,226 | INFO | evac_sim.simulation.simulation_manager | Progress | frame=1340 | agents=32
2026-03-06 10:14:37,247 | INFO | evac_sim.simulation.simulation_manager | Progress | frame=1350 | agents=32
2026-03-06 10:14:37,283 | INFO | evac_sim.simulation.simulation_manager | Progress | frame=1360 | agents=32
2026-03-06 10:14:37,305 | INFO | evac_sim.simulation.simulation_manager | Progress | frame=1370 | agents=32
2026-03-06 10:14:37,326 | INFO | evac_sim.simulation.simulation_manager | Progress | frame=1380 | agents=32
2026-03-06 10:14:37,348 | INFO | evac_sim.simulation.simulation_manager | Progress | frame=1390 | agents=32
2026-03-06 10:14:37,372 | INFO | evac_sim.simulation.simulation_manager | Progress | frame=1400 | agents=32
2026-03-06 10:14:37,413 | INFO | evac_sim.simulation.simulation_manager | Progress | frame=1410 | agents=32
2026-03-06 10:14:37,439 | INFO | evac_sim.simulation.simulation_manager | Progress | frame=1420 | agents=32
2026-03-06 10:14:37,464 | INFO | evac_sim.simulation.simulation_manager | Progress | frame=1430 | agents=32
2026-03-06 10:14:37,494 | INFO | evac_sim.simulation.simulation_manager | Progress | frame=1440 | agents=32
2026-03-06 10:14:37,518 | INFO | evac_sim.simulation.simulation_manager | Progress | frame=1450 | agents=32
2026-03-06 10:14:37,563 | INFO | evac_sim.simulation.simulation_manager | Progress | frame=1460 | agents=32
2026-03-06 10:14:37,589 | INFO | evac_sim.simulation.simulation_manager | Progress | frame=1470 | agents=32
2026-03-06 10:14:37,614 | INFO | evac_sim.simulation.simulation_manager | Progress | frame=1480 | agents=32
2026-03-06 10:14:37,639 | INFO | evac_sim.simulation.simulation_manager | Progress | frame=1490 | agents=32
2026-03-06 10:14:37,667 | INFO | evac_sim.simulation.simulation_manager | Progress | frame=1500 | agents=32
2026-03-06 10:14:37,709 | INFO | evac_sim.simulation.simulation_manager | Progress | frame=1510 | agents=32
2026-03-06 10:14:37,737 | INFO | evac_sim.simulation.simulation_manager | Progress | frame=1520 | agents=32
2026-03-06 10:14:37,761 | INFO | evac_sim.simulation.simulation_manager | Progress | frame=1530 | agents=32
2026-03-06 10:14:37,788 | INFO | evac_sim.simulation.simulation_manager | Progress | frame=1540 | agents=32
2026-03-06 10:14:37,814 | INFO | evac_sim.simulation.simulation_manager | Progress | frame=1550 | agents=32
2026-03-06 10:14:37,850 | INFO | evac_sim.simulation.simulation_manager | Progress | frame=1560 | agents=32
2026-03-06 10:14:37,871 | INFO | evac_sim.simulation.simulation_manager | Progress | frame=1570 | agents=32
2026-03-06 10:14:37,892 | INFO | evac_sim.simulation.simulation_manager | Progress | frame=1580 | agents=32
2026-03-06 10:14:37,915 | INFO | evac_sim.simulation.simulation_manager | Progress | frame=1590 | agents=32
2026-03-06 10:14:37,937 | INFO | evac_sim.simulation.simulation_manager | Progress | frame=1600 | agents=32
2026-03-06 10:14:37,972 | INFO | evac_sim.simulation.simulation_manager | Progress | frame=1610 | agents=32
2026-03-06 10:14:37,993 | INFO | evac_sim.simulation.simulation_manager | Progress | frame=1620 | agents=32
2026-03-06 10:14:38,016 | INFO | evac_sim.simulation.simulation_manager | Progress | frame=1630 | agents=32
2026-03-06 10:14:38,038 | INFO | evac_sim.simulation.simulation_manager | Progress | frame=1640 | agents=32
2026-03-06 10:14:38,060 | INFO | evac_sim.simulation.simulation_manager | Progress | frame=1650 | agents=32
2026-03-06 10:14:38,095 | INFO | evac_sim.simulation.simulation_manager | Progress | frame=1660 | agents=32
2026-03-06 10:14:38,117 | INFO | evac_sim.simulation.simulation_manager | Progress | frame=1670 | agents=32
2026-03-06 10:14:38,139 | INFO | evac_sim.simulation.simulation_manager | Progress | frame=1680 | agents=32
2026-03-06 10:14:38,160 | INFO | evac_sim.simulation.simulation_manager | Progress | frame=1690 | agents=32
2026-03-06 10:14:38,184 | INFO | evac_sim.simulation.simulation_manager | Progress | frame=1700 | agents=32
2026-03-06 10:14:38,218 | INFO | evac_sim.simulation.simulation_manager | Progress | frame=1710 | agents=32
2026-03-06 10:14:38,240 | INFO | evac_sim.simulation.simulation_manager | Progress | frame=1720 | agents=32
2026-03-06 10:14:38,263 | INFO | evac_sim.simulation.simulation_manager | Progress | frame=1730 | agents=32
2026-03-06 10:14:38,285 | INFO | evac_sim.simulation.simulation_manager | Progress | frame=1740 | agents=32
2026-03-06 10:14:38,306 | INFO | evac_sim.simulation.simulation_manager | Progress | frame=1750 | agents=32
2026-03-06 10:14:38,342 | INFO | evac_sim.simulation.simulation_manager | Progress | frame=1760 | agents=32
2026-03-06 10:14:38,363 | INFO | evac_sim.simulation.simulation_manager | Progress | frame=1770 | agents=32
2026-03-06 10:14:38,386 | INFO | evac_sim.simulation.simulation_manager | Progress | frame=1780 | agents=32
2026-03-06 10:14:38,407 | INFO | evac_sim.simulation.simulation_manager | Progress | frame=1790 | agents=32
2026-03-06 10:14:38,429 | INFO | evac_sim.simulation.simulation_manager | Progress | frame=1800 | agents=32
2026-03-06 10:14:38,464 | INFO | evac_sim.simulation.simulation_manager | Progress | frame=1810 | agents=32
2026-03-06 10:14:38,485 | INFO | evac_sim.simulation.simulation_manager | Progress | frame=1820 | agents=32
2026-03-06 10:14:38,507 | INFO | evac_sim.simulation.simulation_manager | Progress | frame=1830 | agents=32
2026-03-06 10:14:38,528 | INFO | evac_sim.simulation.simulation_manager | Progress | frame=1840 | agents=32
2026-03-06 10:14:38,551 | INFO | evac_sim.simulation.simulation_manager | Progress | frame=1850 | agents=32
2026-03-06 10:14:38,586 | INFO | evac_sim.simulation.simulation_manager | Progress | frame=1860 | agents=32
2026-03-06 10:14:38,608 | INFO | evac_sim.simulation.simulation_manager | Progress | frame=1870 | agents=32
2026-03-06 10:14:38,630 | INFO | evac_sim.simulation.simulation_manager | Progress | frame=1880 | agents=32
2026-03-06 10:14:38,652 | INFO | evac_sim.simulation.simulation_manager | Progress | frame=1890 | agents=32
2026-03-06 10:14:38,673 | INFO | evac_sim.simulation.simulation_manager | Progress | frame=1900 | agents=32
2026-03-06 10:14:38,709 | INFO | evac_sim.simulation.simulation_manager | Progress | frame=1910 | agents=32
2026-03-06 10:14:38,730 | INFO | evac_sim.simulation.simulation_manager | Progress | frame=1920 | agents=32
2026-03-06 10:14:38,752 | INFO | evac_sim.simulation.simulation_manager | Progress | frame=1930 | agents=32
2026-03-06 10:14:38,774 | INFO | evac_sim.simulation.simulation_manager | Progress | frame=1940 | agents=32
2026-03-06 10:14:38,795 | INFO | evac_sim.simulation.simulation_manager | Progress | frame=1950 | agents=32
2026-03-06 10:14:38,832 | INFO | evac_sim.simulation.simulation_manager | Progress | frame=1960 | agents=32
2026-03-06 10:14:38,853 | INFO | evac_sim.simulation.simulation_manager | Progress | frame=1970 | agents=32
2026-03-06 10:14:38,875 | INFO | evac_sim.simulation.simulation_manager | Progress | frame=1980 | agents=32
2026-03-06 10:14:38,897 | INFO | evac_sim.simulation.simulation_manager | Progress | frame=1990 | agents=32
2026-03-06 10:14:38,918 | INFO | evac_sim.simulation.simulation_manager | Progress | frame=2000 | agents=32
2026-03-06 10:14:38,953 | INFO | evac_sim.simulation.simulation_manager | Progress | frame=2010 | agents=32
2026-03-06 10:14:38,975 | INFO | evac_sim.simulation.simulation_manager | Progress | frame=2020 | agents=32
2026-03-06 10:14:38,996 | INFO | evac_sim.simulation.simulation_manager | Progress | frame=2030 | agents=32
2026-03-06 10:14:39,020 | INFO | evac_sim.simulation.simulation_manager | Progress | frame=2040 | agents=32
2026-03-06 10:14:39,041 | INFO | evac_sim.simulation.simulation_manager | Progress | frame=2050 | agents=32
2026-03-06 10:14:39,077 | INFO | evac_sim.simulation.simulation_manager | Progress | frame=2060 | agents=32
2026-03-06 10:14:39,100 | INFO | evac_sim.simulation.simulation_manager | Progress | frame=2070 | agents=32
2026-03-06 10:14:39,121 | INFO | evac_sim.simulation.simulation_manager | Progress | frame=2080 | agents=32
2026-03-06 10:14:39,143 | INFO | evac_sim.simulation.simulation_manager | Progress | frame=2090 | agents=32
2026-03-06 10:14:39,164 | INFO | evac_sim.simulation.simulation_manager | Progress | frame=2100 | agents=32
2026-03-06 10:14:39,199 | INFO | evac_sim.simulation.simulation_manager | Progress | frame=2110 | agents=32
2026-03-06 10:14:39,220 | INFO | evac_sim.simulation.simulation_manager | Progress | frame=2120 | agents=32
2026-03-06 10:14:39,242 | INFO | evac_sim.simulation.simulation_manager | Progress | frame=2130 | agents=32
2026-03-06 10:14:39,263 | INFO | evac_sim.simulation.simulation_manager | Progress | frame=2140 | agents=32
2026-03-06 10:14:39,285 | INFO | evac_sim.simulation.simulation_manager | Progress | frame=2150 | agents=32
2026-03-06 10:14:39,320 | INFO | evac_sim.simulation.simulation_manager | Progress | frame=2160 | agents=32
2026-03-06 10:14:39,341 | INFO | evac_sim.simulation.simulation_manager | Progress | frame=2170 | agents=32
2026-03-06 10:14:39,362 | INFO | evac_sim.simulation.simulation_manager | Progress | frame=2180 | agents=32
2026-03-06 10:14:39,384 | INFO | evac_sim.simulation.simulation_manager | Progress | frame=2190 | agents=32
2026-03-06 10:14:39,404 | INFO | evac_sim.simulation.simulation_manager | Progress | frame=2200 | agents=32
2026-03-06 10:14:39,536 | INFO | evac_sim.simulation.simulation_manager | Reroute applied | frame=2200 | group=82 | agents=5 | curr=52 next=53 | old_len=49 new_len=56
2026-03-06 10:14:39,668 | INFO | evac_sim.simulation.simulation_manager | Reroute applied | frame=2200 | group=83 | agents=5 | curr=53 next=54 | old_len=49 new_len=52
2026-03-06 10:14:39,673 | INFO | evac_sim.simulation.simulation_manager | Reroute applied | frame=2200 | group=73 | agents=6 | curr=202 next=201 | old_len=47 new_len=57
2026-03-06 10:14:39,681 | INFO | evac_sim.simulation.simulation_manager | Reroute applied | frame=2200 | group=92 | agents=10 | curr=139 next=138 | old_len=49 new_len=52
2026-03-06 10:14:39,704 | INFO | evac_sim.simulation.simulation_manager | Progress | frame=2210 | agents=32
2026-03-06 10:14:39,727 | INFO | evac_sim.simulation.simulation_manager | Progress | frame=2220 | agents=32
2026-03-06 10:14:39,748 | INFO | evac_sim.simulation.simulation_manager | Progress | frame=2230 | agents=32
2026-03-06 10:14:39,770 | INFO | evac_sim.simulation.simulation_manager | Progress | frame=2240 | agents=32
2026-03-06 10:14:39,792 | INFO | evac_sim.simulation.simulation_manager | Progress | frame=2250 | agents=32
2026-03-06 10:14:39,798 | INFO | evac_sim.simulation.simulation_manager | Reroute applied | frame=2250 | group=83 | agents=5 | curr=53 next=54 | old_len=52 new_len=56
2026-03-06 10:14:39,808 | INFO | evac_sim.simulation.simulation_manager | Reroute applied | frame=2250 | group=92 | agents=10 | curr=139 next=140 | old_len=52 new_len=56
2026-03-06 10:14:39,831 | INFO | evac_sim.simulation.simulation_manager | Progress | frame=2260 | agents=32
2026-03-06 10:14:39,853 | INFO | evac_sim.simulation.simulation_manager | Progress | frame=2270 | agents=32
2026-03-06 10:14:39,874 | INFO | evac_sim.simulation.simulation_manager | Progress | frame=2280 | agents=32
2026-03-06 10:14:39,895 | INFO | evac_sim.simulation.simulation_manager | Progress | frame=2290 | agents=32
2026-03-06 10:14:39,916 | INFO | evac_sim.simulation.simulation_manager | Progress | frame=2300 | agents=32
2026-03-06 10:14:39,951 | INFO | evac_sim.simulation.simulation_manager | Progress | frame=2310 | agents=32
2026-03-06 10:14:39,973 | INFO | evac_sim.simulation.simulation_manager | Progress | frame=2320 | agents=32
2026-03-06 10:14:39,995 | INFO | evac_sim.simulation.simulation_manager | Progress | frame=2330 | agents=32
2026-03-06 10:14:40,017 | INFO | evac_sim.simulation.simulation_manager | Progress | frame=2340 | agents=32
2026-03-06 10:14:40,039 | INFO | evac_sim.simulation.simulation_manager | Progress | frame=2350 | agents=32
2026-03-06 10:14:40,074 | INFO | evac_sim.simulation.simulation_manager | Progress | frame=2360 | agents=32
2026-03-06 10:14:40,095 | INFO | evac_sim.simulation.simulation_manager | Progress | frame=2370 | agents=32
2026-03-06 10:14:40,117 | INFO | evac_sim.simulation.simulation_manager | Progress | frame=2380 | agents=32
2026-03-06 10:14:40,137 | INFO | evac_sim.simulation.simulation_manager | Progress | frame=2390 | agents=32
2026-03-06 10:14:40,159 | INFO | evac_sim.simulation.simulation_manager | Progress | frame=2400 | agents=32
2026-03-06 10:14:40,195 | INFO | evac_sim.simulation.simulation_manager | Progress | frame=2410 | agents=32
2026-03-06 10:14:40,216 | INFO | evac_sim.simulation.simulation_manager | Progress | frame=2420 | agents=32
2026-03-06 10:14:40,237 | INFO | evac_sim.simulation.simulation_manager | Progress | frame=2430 | agents=32
2026-03-06 10:14:40,257 | INFO | evac_sim.simulation.simulation_manager | Progress | frame=2440 | agents=32
2026-03-06 10:14:40,279 | INFO | evac_sim.simulation.simulation_manager | Progress | frame=2450 | agents=32
2026-03-06 10:14:40,314 | INFO | evac_sim.simulation.simulation_manager | Progress | frame=2460 | agents=32
2026-03-06 10:14:40,336 | INFO | evac_sim.simulation.simulation_manager | Progress | frame=2470 | agents=32
2026-03-06 10:14:40,357 | INFO | evac_sim.simulation.simulation_manager | Progress | frame=2480 | agents=32
2026-03-06 10:14:40,378 | INFO | evac_sim.simulation.simulation_manager | Progress | frame=2490 | agents=32
2026-03-06 10:14:40,400 | INFO | evac_sim.simulation.simulation_manager | Progress | frame=2500 | agents=32
2026-03-06 10:14:40,433 | INFO | evac_sim.simulation.simulation_manager | Progress | frame=2510 | agents=32
2026-03-06 10:14:40,454 | INFO | evac_sim.simulation.simulation_manager | Progress | frame=2520 | agents=32
2026-03-06 10:14:40,477 | INFO | evac_sim.simulation.simulation_manager | Progress | frame=2530 | agents=32
2026-03-06 10:14:40,498 | INFO | evac_sim.simulation.simulation_manager | Progress | frame=2540 | agents=32
2026-03-06 10:14:40,518 | INFO | evac_sim.simulation.simulation_manager | Progress | frame=2550 | agents=32
2026-03-06 10:14:40,554 | INFO | evac_sim.simulation.simulation_manager | Progress | frame=2560 | agents=32
2026-03-06 10:14:40,574 | INFO | evac_sim.simulation.simulation_manager | Progress | frame=2570 | agents=32
2026-03-06 10:14:40,595 | INFO | evac_sim.simulation.simulation_manager | Progress | frame=2580 | agents=32
2026-03-06 10:14:40,617 | INFO | evac_sim.simulation.simulation_manager | Progress | frame=2590 | agents=32
2026-03-06 10:14:40,637 | INFO | evac_sim.simulation.simulation_manager | Progress | frame=2600 | agents=32
2026-03-06 10:14:40,672 | INFO | evac_sim.simulation.simulation_manager | Progress | frame=2610 | agents=32
2026-03-06 10:14:40,693 | INFO | evac_sim.simulation.simulation_manager | Progress | frame=2620 | agents=32
2026-03-06 10:14:40,714 | INFO | evac_sim.simulation.simulation_manager | Progress | frame=2630 | agents=32
2026-03-06 10:14:40,736 | INFO | evac_sim.simulation.simulation_manager | Progress | frame=2640 | agents=32
2026-03-06 10:14:40,757 | INFO | evac_sim.simulation.simulation_manager | Progress | frame=2650 | agents=32
2026-03-06 10:14:40,792 | INFO | evac_sim.simulation.simulation_manager | Progress | frame=2660 | agents=32
2026-03-06 10:14:40,811 | INFO | evac_sim.simulation.simulation_manager | Progress | frame=2670 | agents=32
2026-03-06 10:14:40,833 | INFO | evac_sim.simulation.simulation_manager | Progress | frame=2680 | agents=32
2026-03-06 10:14:40,853 | INFO | evac_sim.simulation.simulation_manager | Progress | frame=2690 | agents=32
2026-03-06 10:14:40,874 | INFO | evac_sim.simulation.simulation_manager | Progress | frame=2700 | agents=32
2026-03-06 10:14:40,908 | INFO | evac_sim.simulation.simulation_manager | Progress | frame=2710 | agents=32
2026-03-06 10:14:40,929 | INFO | evac_sim.simulation.simulation_manager | Progress | frame=2720 | agents=32
2026-03-06 10:14:40,951 | INFO | evac_sim.simulation.simulation_manager | Progress | frame=2730 | agents=32
2026-03-06 10:14:40,972 | INFO | evac_sim.simulation.simulation_manager | Progress | frame=2740 | agents=32
2026-03-06 10:14:40,992 | INFO | evac_sim.simulation.simulation_manager | Progress | frame=2750 | agents=32
2026-03-06 10:14:41,027 | INFO | evac_sim.simulation.simulation_manager | Progress | frame=2760 | agents=32
2026-03-06 10:14:41,053 | INFO | evac_sim.simulation.simulation_manager | Progress | frame=2770 | agents=32
2026-03-06 10:14:41,077 | INFO | evac_sim.simulation.simulation_manager | Progress | frame=2780 | agents=32
2026-03-06 10:14:41,101 | INFO | evac_sim.simulation.simulation_manager | Progress | frame=2790 | agents=32
2026-03-06 10:14:41,127 | INFO | evac_sim.simulation.simulation_manager | Progress | frame=2800 | agents=32
2026-03-06 10:14:41,168 | INFO | evac_sim.simulation.simulation_manager | Progress | frame=2810 | agents=32
2026-03-06 10:14:41,192 | INFO | evac_sim.simulation.simulation_manager | Progress | frame=2820 | agents=32
2026-03-06 10:14:41,218 | INFO | evac_sim.simulation.simulation_manager | Progress | frame=2830 | agents=31
2026-03-06 10:14:41,241 | INFO | evac_sim.simulation.simulation_manager | Progress | frame=2840 | agents=31
2026-03-06 10:14:41,264 | INFO | evac_sim.simulation.simulation_manager | Progress | frame=2850 | agents=31
2026-03-06 10:14:41,304 | INFO | evac_sim.simulation.simulation_manager | Progress | frame=2860 | agents=31
2026-03-06 10:14:41,327 | INFO | evac_sim.simulation.simulation_manager | Progress | frame=2870 | agents=31
2026-03-06 10:14:41,354 | INFO | evac_sim.simulation.simulation_manager | Progress | frame=2880 | agents=31
2026-03-06 10:14:41,378 | INFO | evac_sim.simulation.simulation_manager | Progress | frame=2890 | agents=31
2026-03-06 10:14:41,403 | INFO | evac_sim.simulation.simulation_manager | Progress | frame=2900 | agents=31
2026-03-06 10:14:41,444 | INFO | evac_sim.simulation.simulation_manager | Progress | frame=2910 | agents=30
2026-03-06 10:14:41,471 | INFO | evac_sim.simulation.simulation_manager | Progress | frame=2920 | agents=30
2026-03-06 10:14:41,497 | INFO | evac_sim.simulation.simulation_manager | Progress | frame=2930 | agents=30
2026-03-06 10:14:41,521 | INFO | evac_sim.simulation.simulation_manager | Progress | frame=2940 | agents=30
2026-03-06 10:14:41,545 | INFO | evac_sim.simulation.simulation_manager | Progress | frame=2950 | agents=30
2026-03-06 10:14:41,581 | INFO | evac_sim.simulation.simulation_manager | Progress | frame=2960 | agents=30
2026-03-06 10:14:41,605 | INFO | evac_sim.simulation.simulation_manager | Progress | frame=2970 | agents=29
2026-03-06 10:14:41,629 | INFO | evac_sim.simulation.simulation_manager | Progress | frame=2980 | agents=29
2026-03-06 10:14:41,653 | INFO | evac_sim.simulation.simulation_manager | Progress | frame=2990 | agents=29
2026-03-06 10:14:41,672 | INFO | evac_sim.simulation.simulation_manager | Progress | frame=3000 | agents=29
2026-03-06 10:14:41,707 | INFO | evac_sim.simulation.simulation_manager | Progress | frame=3010 | agents=29
2026-03-06 10:14:41,727 | INFO | evac_sim.simulation.simulation_manager | Progress | frame=3020 | agents=29
2026-03-06 10:14:41,746 | INFO | evac_sim.simulation.simulation_manager | Progress | frame=3030 | agents=28
2026-03-06 10:14:41,767 | INFO | evac_sim.simulation.simulation_manager | Progress | frame=3040 | agents=28
2026-03-06 10:14:41,786 | INFO | evac_sim.simulation.simulation_manager | Progress | frame=3050 | agents=28
2026-03-06 10:14:41,821 | INFO | evac_sim.simulation.simulation_manager | Progress | frame=3060 | agents=28
2026-03-06 10:14:41,842 | INFO | evac_sim.simulation.simulation_manager | Progress | frame=3070 | agents=28
2026-03-06 10:14:41,862 | INFO | evac_sim.simulation.simulation_manager | Progress | frame=3080 | agents=27
2026-03-06 10:14:41,882 | INFO | evac_sim.simulation.simulation_manager | Progress | frame=3090 | agents=27
2026-03-06 10:14:41,902 | INFO | evac_sim.simulation.simulation_manager | Progress | frame=3100 | agents=27
2026-03-06 10:14:41,935 | INFO | evac_sim.simulation.simulation_manager | Progress | frame=3110 | agents=27
2026-03-06 10:14:41,955 | INFO | evac_sim.simulation.simulation_manager | Progress | frame=3120 | agents=27
2026-03-06 10:14:41,975 | INFO | evac_sim.simulation.simulation_manager | Progress | frame=3130 | agents=27
2026-03-06 10:14:41,995 | INFO | evac_sim.simulation.simulation_manager | Progress | frame=3140 | agents=27
2026-03-06 10:14:42,015 | INFO | evac_sim.simulation.simulation_manager | Progress | frame=3150 | agents=27
2026-03-06 10:14:42,049 | INFO | evac_sim.simulation.simulation_manager | Progress | frame=3160 | agents=27
2026-03-06 10:14:42,070 | INFO | evac_sim.simulation.simulation_manager | Progress | frame=3170 | agents=27
2026-03-06 10:14:42,089 | INFO | evac_sim.simulation.simulation_manager | Progress | frame=3180 | agents=27
2026-03-06 10:14:42,109 | INFO | evac_sim.simulation.simulation_manager | Progress | frame=3190 | agents=27
2026-03-06 10:14:42,129 | INFO | evac_sim.simulation.simulation_manager | Progress | frame=3200 | agents=27
2026-03-06 10:14:42,162 | INFO | evac_sim.simulation.simulation_manager | Progress | frame=3210 | agents=27
2026-03-06 10:14:42,182 | INFO | evac_sim.simulation.simulation_manager | Progress | frame=3220 | agents=27
2026-03-06 10:14:42,202 | INFO | evac_sim.simulation.simulation_manager | Progress | frame=3230 | agents=27
2026-03-06 10:14:42,222 | INFO | evac_sim.simulation.simulation_manager | Progress | frame=3240 | agents=27
2026-03-06 10:14:42,242 | INFO | evac_sim.simulation.simulation_manager | Progress | frame=3250 | agents=27
2026-03-06 10:14:42,276 | INFO | evac_sim.simulation.simulation_manager | Progress | frame=3260 | agents=27
2026-03-06 10:14:42,296 | INFO | evac_sim.simulation.simulation_manager | Progress | frame=3270 | agents=27
2026-03-06 10:14:42,316 | INFO | evac_sim.simulation.simulation_manager | Progress | frame=3280 | agents=27
2026-03-06 10:14:42,336 | INFO | evac_sim.simulation.simulation_manager | Progress | frame=3290 | agents=27
2026-03-06 10:14:42,355 | INFO | evac_sim.simulation.simulation_manager | Progress | frame=3300 | agents=27
2026-03-06 10:14:42,388 | INFO | evac_sim.simulation.simulation_manager | Progress | frame=3310 | agents=27
2026-03-06 10:14:42,408 | INFO | evac_sim.simulation.simulation_manager | Progress | frame=3320 | agents=27
2026-03-06 10:14:42,427 | INFO | evac_sim.simulation.simulation_manager | Progress | frame=3330 | agents=26
2026-03-06 10:14:42,447 | INFO | evac_sim.simulation.simulation_manager | Progress | frame=3340 | agents=26
2026-03-06 10:14:42,468 | INFO | evac_sim.simulation.simulation_manager | Progress | frame=3350 | agents=26
2026-03-06 10:14:42,500 | INFO | evac_sim.simulation.simulation_manager | Progress | frame=3360 | agents=26
2026-03-06 10:14:42,519 | INFO | evac_sim.simulation.simulation_manager | Progress | frame=3370 | agents=26
2026-03-06 10:14:42,539 | INFO | evac_sim.simulation.simulation_manager | Progress | frame=3380 | agents=26
2026-03-06 10:14:42,558 | INFO | evac_sim.simulation.simulation_manager | Progress | frame=3390 | agents=26
2026-03-06 10:14:42,578 | INFO | evac_sim.simulation.simulation_manager | Progress | frame=3400 | agents=26
2026-03-06 10:14:42,609 | INFO | evac_sim.simulation.simulation_manager | Progress | frame=3410 | agents=26
2026-03-06 10:14:42,629 | INFO | evac_sim.simulation.simulation_manager | Progress | frame=3420 | agents=26
2026-03-06 10:14:42,649 | INFO | evac_sim.simulation.simulation_manager | Progress | frame=3430 | agents=26
2026-03-06 10:14:42,669 | INFO | evac_sim.simulation.simulation_manager | Progress | frame=3440 | agents=26
2026-03-06 10:14:42,689 | INFO | evac_sim.simulation.simulation_manager | Progress | frame=3450 | agents=26
2026-03-06 10:14:42,719 | INFO | evac_sim.simulation.simulation_manager | Progress | frame=3460 | agents=26
2026-03-06 10:14:42,740 | INFO | evac_sim.simulation.simulation_manager | Progress | frame=3470 | agents=26
2026-03-06 10:14:42,760 | INFO | evac_sim.simulation.simulation_manager | Progress | frame=3480 | agents=26
2026-03-06 10:14:42,780 | INFO | evac_sim.simulation.simulation_manager | Progress | frame=3490 | agents=26
2026-03-06 10:14:42,800 | INFO | evac_sim.simulation.simulation_manager | Progress | frame=3500 | agents=26
2026-03-06 10:14:42,831 | INFO | evac_sim.simulation.simulation_manager | Progress | frame=3510 | agents=26
2026-03-06 10:14:42,850 | INFO | evac_sim.simulation.simulation_manager | Progress | frame=3520 | agents=26
2026-03-06 10:14:42,871 | INFO | evac_sim.simulation.simulation_manager | Progress | frame=3530 | agents=26
2026-03-06 10:14:42,892 | INFO | evac_sim.simulation.simulation_manager | Progress | frame=3540 | agents=26
2026-03-06 10:14:42,911 | INFO | evac_sim.simulation.simulation_manager | Progress | frame=3550 | agents=26
2026-03-06 10:14:42,949 | INFO | evac_sim.simulation.simulation_manager | Progress | frame=3560 | agents=26
2026-03-06 10:14:42,968 | INFO | evac_sim.simulation.simulation_manager | Progress | frame=3570 | agents=26
2026-03-06 10:14:42,990 | INFO | evac_sim.simulation.simulation_manager | Progress | frame=3580 | agents=26
2026-03-06 10:14:43,014 | INFO | evac_sim.simulation.simulation_manager | Progress | frame=3590 | agents=26
2026-03-06 10:14:43,035 | INFO | evac_sim.simulation.simulation_manager | Progress | frame=3600 | agents=26
2026-03-06 10:14:43,076 | INFO | evac_sim.simulation.simulation_manager | Progress | frame=3610 | agents=26
2026-03-06 10:14:43,099 | INFO | evac_sim.simulation.simulation_manager | Progress | frame=3620 | agents=26
2026-03-06 10:14:43,122 | INFO | evac_sim.simulation.simulation_manager | Progress | frame=3630 | agents=26
2026-03-06 10:14:43,144 | INFO | evac_sim.simulation.simulation_manager | Progress | frame=3640 | agents=26
2026-03-06 10:14:43,168 | INFO | evac_sim.simulation.simulation_manager | Progress | frame=3650 | agents=26
2026-03-06 10:14:43,202 | INFO | evac_sim.simulation.simulation_manager | Progress | frame=3660 | agents=26
2026-03-06 10:14:43,222 | INFO | evac_sim.simulation.simulation_manager | Progress | frame=3670 | agents=26
2026-03-06 10:14:43,241 | INFO | evac_sim.simulation.simulation_manager | Progress | frame=3680 | agents=26
2026-03-06 10:14:43,261 | INFO | evac_sim.simulation.simulation_manager | Progress | frame=3690 | agents=26
2026-03-06 10:14:43,281 | INFO | evac_sim.simulation.simulation_manager | Progress | frame=3700 | agents=26
2026-03-06 10:14:43,312 | INFO | evac_sim.simulation.simulation_manager | Progress | frame=3710 | agents=26
2026-03-06 10:14:43,332 | INFO | evac_sim.simulation.simulation_manager | Progress | frame=3720 | agents=26
2026-03-06 10:14:43,352 | INFO | evac_sim.simulation.simulation_manager | Progress | frame=3730 | agents=26
2026-03-06 10:14:43,372 | INFO | evac_sim.simulation.simulation_manager | Progress | frame=3740 | agents=25
2026-03-06 10:14:43,392 | INFO | evac_sim.simulation.simulation_manager | Progress | frame=3750 | agents=25
2026-03-06 10:14:43,423 | INFO | evac_sim.simulation.simulation_manager | Progress | frame=3760 | agents=25
2026-03-06 10:14:43,442 | INFO | evac_sim.simulation.simulation_manager | Progress | frame=3770 | agents=25
2026-03-06 10:14:43,461 | INFO | evac_sim.simulation.simulation_manager | Progress | frame=3780 | agents=25
2026-03-06 10:14:43,482 | INFO | evac_sim.simulation.simulation_manager | Progress | frame=3790 | agents=24
2026-03-06 10:14:43,502 | INFO | evac_sim.simulation.simulation_manager | Progress | frame=3800 | agents=24
2026-03-06 10:14:43,533 | INFO | evac_sim.simulation.simulation_manager | Progress | frame=3810 | agents=24
2026-03-06 10:14:43,553 | INFO | evac_sim.simulation.simulation_manager | Progress | frame=3820 | agents=24
2026-03-06 10:14:43,572 | INFO | evac_sim.simulation.simulation_manager | Progress | frame=3830 | agents=24
2026-03-06 10:14:43,592 | INFO | evac_sim.simulation.simulation_manager | Progress | frame=3840 | agents=23
2026-03-06 10:14:43,611 | INFO | evac_sim.simulation.simulation_manager | Progress | frame=3850 | agents=23
2026-03-06 10:14:43,642 | INFO | evac_sim.simulation.simulation_manager | Progress | frame=3860 | agents=23
2026-03-06 10:14:43,661 | INFO | evac_sim.simulation.simulation_manager | Progress | frame=3870 | agents=23
2026-03-06 10:14:43,680 | INFO | evac_sim.simulation.simulation_manager | Progress | frame=3880 | agents=22
2026-03-06 10:14:43,701 | INFO | evac_sim.simulation.simulation_manager | Progress | frame=3890 | agents=22
2026-03-06 10:14:43,720 | INFO | evac_sim.simulation.simulation_manager | Progress | frame=3900 | agents=22
2026-03-06 10:14:43,751 | INFO | evac_sim.simulation.simulation_manager | Progress | frame=3910 | agents=22
2026-03-06 10:14:43,770 | INFO | evac_sim.simulation.simulation_manager | Progress | frame=3920 | agents=22
2026-03-06 10:14:43,790 | INFO | evac_sim.simulation.simulation_manager | Progress | frame=3930 | agents=21
2026-03-06 10:14:43,809 | INFO | evac_sim.simulation.simulation_manager | Progress | frame=3940 | agents=21
2026-03-06 10:14:43,829 | INFO | evac_sim.simulation.simulation_manager | Progress | frame=3950 | agents=21
2026-03-06 10:14:43,861 | INFO | evac_sim.simulation.simulation_manager | Progress | frame=3960 | agents=21
2026-03-06 10:14:43,880 | INFO | evac_sim.simulation.simulation_manager | Progress | frame=3970 | agents=20
2026-03-06 10:14:43,900 | INFO | evac_sim.simulation.simulation_manager | Progress | frame=3980 | agents=20
2026-03-06 10:14:43,920 | INFO | evac_sim.simulation.simulation_manager | Progress | frame=3990 | agents=20
2026-03-06 10:14:43,940 | INFO | evac_sim.simulation.simulation_manager | Progress | frame=4000 | agents=20
2026-03-06 10:14:43,968 | INFO | evac_sim.simulation.simulation_manager | Progress | frame=4010 | agents=20
2026-03-06 10:14:43,987 | INFO | evac_sim.simulation.simulation_manager | Progress | frame=4020 | agents=20
2026-03-06 10:14:44,007 | INFO | evac_sim.simulation.simulation_manager | Progress | frame=4030 | agents=20
2026-03-06 10:14:44,026 | INFO | evac_sim.simulation.simulation_manager | Progress | frame=4040 | agents=20
2026-03-06 10:14:44,046 | INFO | evac_sim.simulation.simulation_manager | Progress | frame=4050 | agents=20
2026-03-06 10:14:44,074 | INFO | evac_sim.simulation.simulation_manager | Progress | frame=4060 | agents=19
2026-03-06 10:14:44,094 | INFO | evac_sim.simulation.simulation_manager | Progress | frame=4070 | agents=19
2026-03-06 10:14:44,113 | INFO | evac_sim.simulation.simulation_manager | Progress | frame=4080 | agents=19
2026-03-06 10:14:44,132 | INFO | evac_sim.simulation.simulation_manager | Progress | frame=4090 | agents=19
2026-03-06 10:14:44,151 | INFO | evac_sim.simulation.simulation_manager | Progress | frame=4100 | agents=19
2026-03-06 10:14:44,180 | INFO | evac_sim.simulation.simulation_manager | Progress | frame=4110 | agents=18
2026-03-06 10:14:44,199 | INFO | evac_sim.simulation.simulation_manager | Progress | frame=4120 | agents=18
2026-03-06 10:14:44,218 | INFO | evac_sim.simulation.simulation_manager | Progress | frame=4130 | agents=18
2026-03-06 10:14:44,238 | INFO | evac_sim.simulation.simulation_manager | Progress | frame=4140 | agents=18
2026-03-06 10:14:44,257 | INFO | evac_sim.simulation.simulation_manager | Progress | frame=4150 | agents=18
2026-03-06 10:14:44,282 | INFO | evac_sim.simulation.simulation_manager | Progress | frame=4160 | agents=17
2026-03-06 10:14:44,303 | INFO | evac_sim.simulation.simulation_manager | Progress | frame=4170 | agents=17
2026-03-06 10:14:44,322 | INFO | evac_sim.simulation.simulation_manager | Progress | frame=4180 | agents=17
2026-03-06 10:14:44,340 | INFO | evac_sim.simulation.simulation_manager | Progress | frame=4190 | agents=17
2026-03-06 10:14:44,359 | INFO | evac_sim.simulation.simulation_manager | Progress | frame=4200 | agents=16
2026-03-06 10:14:44,391 | INFO | evac_sim.simulation.simulation_manager | Progress | frame=4210 | agents=16
2026-03-06 10:14:44,410 | INFO | evac_sim.simulation.simulation_manager | Progress | frame=4220 | agents=16
2026-03-06 10:14:44,429 | INFO | evac_sim.simulation.simulation_manager | Progress | frame=4230 | agents=16
2026-03-06 10:14:44,448 | INFO | evac_sim.simulation.simulation_manager | Progress | frame=4240 | agents=16
2026-03-06 10:14:44,466 | INFO | evac_sim.simulation.simulation_manager | Progress | frame=4250 | agents=15
2026-03-06 10:14:44,493 | INFO | evac_sim.simulation.simulation_manager | Progress | frame=4260 | agents=15
2026-03-06 10:14:44,511 | INFO | evac_sim.simulation.simulation_manager | Progress | frame=4270 | agents=15
2026-03-06 10:14:44,529 | INFO | evac_sim.simulation.simulation_manager | Progress | frame=4280 | agents=15
2026-03-06 10:14:44,548 | INFO | evac_sim.simulation.simulation_manager | Progress | frame=4290 | agents=14
2026-03-06 10:14:44,568 | INFO | evac_sim.simulation.simulation_manager | Progress | frame=4300 | agents=14
2026-03-06 10:14:44,593 | INFO | evac_sim.simulation.simulation_manager | Progress | frame=4310 | agents=14
2026-03-06 10:14:44,612 | INFO | evac_sim.simulation.simulation_manager | Progress | frame=4320 | agents=14
2026-03-06 10:14:44,631 | INFO | evac_sim.simulation.simulation_manager | Progress | frame=4330 | agents=14
2026-03-06 10:14:44,649 | INFO | evac_sim.simulation.simulation_manager | Progress | frame=4340 | agents=13
2026-03-06 10:14:44,668 | INFO | evac_sim.simulation.simulation_manager | Progress | frame=4350 | agents=13
2026-03-06 10:14:44,695 | INFO | evac_sim.simulation.simulation_manager | Progress | frame=4360 | agents=13
2026-03-06 10:14:44,714 | INFO | evac_sim.simulation.simulation_manager | Progress | frame=4370 | agents=13
2026-03-06 10:14:44,731 | INFO | evac_sim.simulation.simulation_manager | Progress | frame=4380 | agents=12
2026-03-06 10:14:44,750 | INFO | evac_sim.simulation.simulation_manager | Progress | frame=4390 | agents=12
2026-03-06 10:14:44,770 | INFO | evac_sim.simulation.simulation_manager | Progress | frame=4400 | agents=12
2026-03-06 10:14:44,795 | INFO | evac_sim.simulation.simulation_manager | Progress | frame=4410 | agents=12
2026-03-06 10:14:44,814 | INFO | evac_sim.simulation.simulation_manager | Progress | frame=4420 | agents=12
2026-03-06 10:14:44,832 | INFO | evac_sim.simulation.simulation_manager | Progress | frame=4430 | agents=11
2026-03-06 10:14:44,850 | INFO | evac_sim.simulation.simulation_manager | Progress | frame=4440 | agents=11
2026-03-06 10:14:44,868 | INFO | evac_sim.simulation.simulation_manager | Progress | frame=4450 | agents=11
2026-03-06 10:14:44,895 | INFO | evac_sim.simulation.simulation_manager | Progress | frame=4460 | agents=11
2026-03-06 10:14:44,913 | INFO | evac_sim.simulation.simulation_manager | Progress | frame=4470 | agents=11
2026-03-06 10:14:44,930 | INFO | evac_sim.simulation.simulation_manager | Progress | frame=4480 | agents=10
2026-03-06 10:14:44,949 | INFO | evac_sim.simulation.simulation_manager | Progress | frame=4490 | agents=10
2026-03-06 10:14:44,967 | INFO | evac_sim.simulation.simulation_manager | Progress | frame=4500 | agents=10
2026-03-06 10:14:44,993 | INFO | evac_sim.simulation.simulation_manager | Progress | frame=4510 | agents=10
2026-03-06 10:14:45,011 | INFO | evac_sim.simulation.simulation_manager | Progress | frame=4520 | agents=9
2026-03-06 10:14:45,028 | INFO | evac_sim.simulation.simulation_manager | Progress | frame=4530 | agents=9
2026-03-06 10:14:45,047 | INFO | evac_sim.simulation.simulation_manager | Progress | frame=4540 | agents=9
2026-03-06 10:14:45,065 | INFO | evac_sim.simulation.simulation_manager | Progress | frame=4550 | agents=9
2026-03-06 10:14:45,091 | INFO | evac_sim.simulation.simulation_manager | Progress | frame=4560 | agents=9
2026-03-06 10:14:45,108 | INFO | evac_sim.simulation.simulation_manager | Progress | frame=4570 | agents=8
2026-03-06 10:14:45,126 | INFO | evac_sim.simulation.simulation_manager | Progress | frame=4580 | agents=8
2026-03-06 10:14:45,145 | INFO | evac_sim.simulation.simulation_manager | Progress | frame=4590 | agents=8
2026-03-06 10:14:45,163 | INFO | evac_sim.simulation.simulation_manager | Progress | frame=4600 | agents=8
2026-03-06 10:14:45,189 | INFO | evac_sim.simulation.simulation_manager | Progress | frame=4610 | agents=7
2026-03-06 10:14:45,207 | INFO | evac_sim.simulation.simulation_manager | Progress | frame=4620 | agents=7
2026-03-06 10:14:45,225 | INFO | evac_sim.simulation.simulation_manager | Progress | frame=4630 | agents=7
2026-03-06 10:14:45,242 | INFO | evac_sim.simulation.simulation_manager | Progress | frame=4640 | agents=7
2026-03-06 10:14:45,259 | INFO | evac_sim.simulation.simulation_manager | Progress | frame=4650 | agents=7
2026-03-06 10:14:45,285 | INFO | evac_sim.simulation.simulation_manager | Progress | frame=4660 | agents=6
2026-03-06 10:14:45,303 | INFO | evac_sim.simulation.simulation_manager | Progress | frame=4670 | agents=6
2026-03-06 10:14:45,322 | INFO | evac_sim.simulation.simulation_manager | Progress | frame=4680 | agents=6
2026-03-06 10:14:45,339 | INFO | evac_sim.simulation.simulation_manager | Progress | frame=4690 | agents=6
2026-03-06 10:14:45,357 | INFO | evac_sim.simulation.simulation_manager | Progress | frame=4700 | agents=6
2026-03-06 10:14:45,382 | INFO | evac_sim.simulation.simulation_manager | Progress | frame=4710 | agents=5
2026-03-06 10:14:45,399 | INFO | evac_sim.simulation.simulation_manager | Progress | frame=4720 | agents=5
2026-03-06 10:14:45,417 | INFO | evac_sim.simulation.simulation_manager | Progress | frame=4730 | agents=5
2026-03-06 10:14:45,434 | INFO | evac_sim.simulation.simulation_manager | Progress | frame=4740 | agents=5
2026-03-06 10:14:45,452 | INFO | evac_sim.simulation.simulation_manager | Progress | frame=4750 | agents=5
2026-03-06 10:14:45,475 | INFO | evac_sim.simulation.simulation_manager | Progress | frame=4760 | agents=5
2026-03-06 10:14:45,493 | INFO | evac_sim.simulation.simulation_manager | Progress | frame=4770 | agents=4
2026-03-06 10:14:45,511 | INFO | evac_sim.simulation.simulation_manager | Progress | frame=4780 | agents=4
2026-03-06 10:14:45,528 | INFO | evac_sim.simulation.simulation_manager | Progress | frame=4790 | agents=4
2026-03-06 10:14:45,545 | INFO | evac_sim.simulation.simulation_manager | Progress | frame=4800 | agents=4
2026-03-06 10:14:45,567 | INFO | evac_sim.simulation.simulation_manager | Progress | frame=4810 | agents=4
2026-03-06 10:14:45,586 | INFO | evac_sim.simulation.simulation_manager | Progress | frame=4820 | agents=3
2026-03-06 10:14:45,603 | INFO | evac_sim.simulation.simulation_manager | Progress | frame=4830 | agents=3
2026-03-06 10:14:45,620 | INFO | evac_sim.simulation.simulation_manager | Progress | frame=4840 | agents=3
2026-03-06 10:14:45,637 | INFO | evac_sim.simulation.simulation_manager | Progress | frame=4850 | agents=3
2026-03-06 10:14:45,661 | INFO | evac_sim.simulation.simulation_manager | Progress | frame=4860 | agents=3
2026-03-06 10:14:45,677 | INFO | evac_sim.simulation.simulation_manager | Progress | frame=4870 | agents=3
2026-03-06 10:14:45,695 | INFO | evac_sim.simulation.simulation_manager | Progress | frame=4880 | agents=2
2026-03-06 10:14:45,712 | INFO | evac_sim.simulation.simulation_manager | Progress | frame=4890 | agents=2
2026-03-06 10:14:45,730 | INFO | evac_sim.simulation.simulation_manager | Progress | frame=4900 | agents=2
2026-03-06 10:14:45,751 | INFO | evac_sim.simulation.simulation_manager | Progress | frame=4910 | agents=2
2026-03-06 10:14:45,767 | INFO | evac_sim.simulation.simulation_manager | Progress | frame=4920 | agents=2
2026-03-06 10:14:45,785 | INFO | evac_sim.simulation.simulation_manager | Progress | frame=4930 | agents=1
2026-03-06 10:14:45,802 | INFO | evac_sim.simulation.simulation_manager | Progress | frame=4940 | agents=1
2026-03-06 10:14:45,819 | INFO | evac_sim.simulation.simulation_manager | Progress | frame=4950 | agents=1
2026-03-06 10:14:45,839 | INFO | evac_sim.simulation.simulation_manager | Progress | frame=4960 | agents=1
2026-03-06 10:14:45,856 | INFO | evac_sim.simulation.simulation_manager | Progress | frame=4970 | agents=1
2026-03-06 10:14:45,873 | INFO | evac_sim.simulation.simulation_manager | Progress | frame=4980 | agents=1
2026-03-06 10:14:45,875 | INFO | evac_sim.simulation.simulation_manager | Simulation end | last_frame=4981
2026-03-06 10:14:45,907 | INFO | evac_sim.runner | Metrics preview | mode=3 group=82 agents=5 min=4515.000 avg=4778.400 median=4818.000 p90=4959.400 max=4981.000
2026-03-06 10:14:45,917 | INFO | evac_sim.runner | Metrics preview | mode=3 group=83 agents=5 min=4288.000 avg=4581.800 median=4560.000 p90=4829.400 max=4873.000
2026-03-06 10:14:45,927 | INFO | evac_sim.runner | Metrics preview | mode=3 group=73 agents=6 min=3737.000 avg=3853.500 median=3854.000 p90=3946.000 max=3969.000
2026-03-06 10:14:45,937 | INFO | evac_sim.runner | Metrics preview | mode=3 group=77 agents=6 min=2824.000 avg=3019.167 median=2992.000 p90=3200.000 max=3325.000
2026-03-06 10:14:45,949 | INFO | evac_sim.runner | Metrics preview | mode=3 group=92 agents=10 min=4057.000 avg=4324.600 median=4287.500 p90=4616.300 max=4709.000
2026-03-06 10:14:45,951 | INFO | evac_sim.runner | Finished mode=3
2026-03-06 10:14:45,955 | INFO | evac_sim.runner | Exported CSV: C:\Users\aserr\Documents\Evacuation_Simulation\runs\2026-03-06_101351_representative_case\artifacts\experiments.csv
2026-03-06 10:14:45,955 | INFO | evac_sim.runner | Exported CSV: C:\Users\aserr\Documents\Evacuation_Simulation\runs\2026-03-06_101351_representative_case\artifacts\experiment_metrics.csv
2026-03-06 10:14:45,957 | INFO | evac_sim.runner | Experiment finished OK (case_id=representative_case)
