2026-03-06 10:23:58,068 | INFO | evac_sim.runner | project_root = C:\Users\aserr\Documents\Evacuation_Simulation
2026-03-06 10:23:58,068 | INFO | evac_sim.runner | config_file  = C:\Users\aserr\Documents\Evacuation_Simulation\configs\study.yaml
2026-03-06 10:23:58,068 | INFO | evac_sim.runner | case_id      = representative_case
2026-03-06 10:23:58,068 | INFO | evac_sim.runner | run_dir      = C:\Users\aserr\Documents\Evacuation_Simulation\runs\2026-03-06_102358_representative_case
2026-03-06 10:23:58,114 | INFO | evac_sim.runner | Simulating risks: iterations=7000 seed=233
2026-03-06 10:23:58,501 | INFO | evac_sim.runner | Mode start | mode=0 env=Cruise_Ship case=unknown
2026-03-06 10:24:00,215 | INFO | evac_sim.simulation.simulation_manager | Simulation start | agents=32
2026-03-06 10:24:00,253 | INFO | evac_sim.simulation.simulation_manager | Progress | frame=10 | agents=32
2026-03-06 10:24:00,274 | INFO | evac_sim.simulation.simulation_manager | Progress | frame=20 | agents=32
2026-03-06 10:24:00,300 | INFO | evac_sim.simulation.simulation_manager | Progress | frame=30 | agents=32
2026-03-06 10:24:00,321 | INFO | evac_sim.simulation.simulation_manager | Progress | frame=40 | agents=32
2026-03-06 10:24:00,341 | INFO | evac_sim.simulation.simulation_manager | Progress | frame=50 | agents=32
2026-03-06 10:24:00,376 | INFO | evac_sim.simulation.simulation_manager | Progress | frame=60 | agents=32
2026-03-06 10:24:00,396 | INFO | evac_sim.simulation.simulation_manager | Progress | frame=70 | agents=32
2026-03-06 10:24:00,417 | INFO | evac_sim.simulation.simulation_manager | Progress | frame=80 | agents=32
2026-03-06 10:24:00,439 | INFO | evac_sim.simulation.simulation_manager | Progress | frame=90 | agents=32
2026-03-06 10:24:00,459 | INFO | evac_sim.simulation.simulation_manager | Progress | frame=100 | agents=32
2026-03-06 10:24:00,493 | INFO | evac_sim.simulation.simulation_manager | Progress | frame=110 | agents=32
2026-03-06 10:24:00,514 | INFO | evac_sim.simulation.simulation_manager | Progress | frame=120 | agents=32
2026-03-06 10:24:00,536 | INFO | evac_sim.simulation.simulation_manager | Progress | frame=130 | agents=32
2026-03-06 10:24:00,556 | INFO | evac_sim.simulation.simulation_manager | Progress | frame=140 | agents=32
2026-03-06 10:24:00,577 | INFO | evac_sim.simulation.simulation_manager | Progress | frame=150 | agents=32
2026-03-06 10:24:00,613 | INFO | evac_sim.simulation.simulation_manager | Progress | frame=160 | agents=32
2026-03-06 10:24:00,634 | INFO | evac_sim.simulation.simulation_manager | Progress | frame=170 | agents=32
2026-03-06 10:24:00,655 | INFO | evac_sim.simulation.simulation_manager | Progress | frame=180 | agents=32
2026-03-06 10:24:00,682 | INFO | evac_sim.simulation.simulation_manager | Progress | frame=190 | agents=32
2026-03-06 10:24:00,703 | INFO | evac_sim.simulation.simulation_manager | Progress | frame=200 | agents=32
2026-03-06 10:24:00,737 | INFO | evac_sim.simulation.simulation_manager | Progress | frame=210 | agents=32
2026-03-06 10:24:00,758 | INFO | evac_sim.simulation.simulation_manager | Progress | frame=220 | agents=32
2026-03-06 10:24:00,779 | INFO | evac_sim.simulation.simulation_manager | Progress | frame=230 | agents=32
2026-03-06 10:24:00,801 | INFO | evac_sim.simulation.simulation_manager | Progress | frame=240 | agents=32
2026-03-06 10:24:00,823 | INFO | evac_sim.simulation.simulation_manager | Progress | frame=250 | agents=32
2026-03-06 10:24:00,857 | INFO | evac_sim.simulation.simulation_manager | Progress | frame=260 | agents=32
2026-03-06 10:24:00,879 | INFO | evac_sim.simulation.simulation_manager | Progress | frame=270 | agents=32
2026-03-06 10:24:00,899 | INFO | evac_sim.simulation.simulation_manager | Progress | frame=280 | agents=32
2026-03-06 10:24:00,921 | INFO | evac_sim.simulation.simulation_manager | Progress | frame=290 | agents=32
2026-03-06 10:24:00,942 | INFO | evac_sim.simulation.simulation_manager | Progress | frame=300 | agents=32
2026-03-06 10:24:00,976 | INFO | evac_sim.simulation.simulation_manager | Progress | frame=310 | agents=32
2026-03-06 10:24:00,997 | INFO | evac_sim.simulation.simulation_manager | Progress | frame=320 | agents=32
2026-03-06 10:24:01,018 | INFO | evac_sim.simulation.simulation_manager | Progress | frame=330 | agents=32
2026-03-06 10:24:01,038 | INFO | evac_sim.simulation.simulation_manager | Progress | frame=340 | agents=32
2026-03-06 10:24:01,059 | INFO | evac_sim.simulation.simulation_manager | Progress | frame=350 | agents=32
2026-03-06 10:24:01,093 | INFO | evac_sim.simulation.simulation_manager | Progress | frame=360 | agents=32
2026-03-06 10:24:01,114 | INFO | evac_sim.simulation.simulation_manager | Progress | frame=370 | agents=32
2026-03-06 10:24:01,135 | INFO | evac_sim.simulation.simulation_manager | Progress | frame=380 | agents=32
2026-03-06 10:24:01,156 | INFO | evac_sim.simulation.simulation_manager | Progress | frame=390 | agents=32
2026-03-06 10:24:01,177 | INFO | evac_sim.simulation.simulation_manager | Progress | frame=400 | agents=32
2026-03-06 10:24:01,210 | INFO | evac_sim.simulation.simulation_manager | Progress | frame=410 | agents=32
2026-03-06 10:24:01,231 | INFO | evac_sim.simulation.simulation_manager | Progress | frame=420 | agents=32
2026-03-06 10:24:01,251 | INFO | evac_sim.simulation.simulation_manager | Progress | frame=430 | agents=32
2026-03-06 10:24:01,272 | INFO | evac_sim.simulation.simulation_manager | Progress | frame=440 | agents=32
2026-03-06 10:24:01,296 | INFO | evac_sim.simulation.simulation_manager | Progress | frame=450 | agents=32
2026-03-06 10:24:01,336 | INFO | evac_sim.simulation.simulation_manager | Progress | frame=460 | agents=32
2026-03-06 10:24:01,360 | INFO | evac_sim.simulation.simulation_manager | Progress | frame=470 | agents=32
2026-03-06 10:24:01,385 | INFO | evac_sim.simulation.simulation_manager | Progress | frame=480 | agents=32
2026-03-06 10:24:01,410 | INFO | evac_sim.simulation.simulation_manager | Progress | frame=490 | agents=32
2026-03-06 10:24:01,436 | INFO | evac_sim.simulation.simulation_manager | Progress | frame=500 | agents=32
2026-03-06 10:24:01,703 | INFO | evac_sim.simulation.simulation_manager | Reroute applied | frame=500 | group=77 | agents=6 | curr=23 next=7 | old_len=40 new_len=48
2026-03-06 10:24:01,728 | INFO | evac_sim.simulation.simulation_manager | Progress | frame=510 | agents=32
2026-03-06 10:24:01,749 | INFO | evac_sim.simulation.simulation_manager | Progress | frame=520 | agents=32
2026-03-06 10:24:01,772 | INFO | evac_sim.simulation.simulation_manager | Progress | frame=530 | agents=32
2026-03-06 10:24:01,792 | INFO | evac_sim.simulation.simulation_manager | Progress | frame=540 | agents=32
2026-03-06 10:24:01,812 | INFO | evac_sim.simulation.simulation_manager | Progress | frame=550 | agents=32
2026-03-06 10:24:01,848 | INFO | evac_sim.simulation.simulation_manager | Progress | frame=560 | agents=32
2026-03-06 10:24:01,871 | INFO | evac_sim.simulation.simulation_manager | Progress | frame=570 | agents=32
2026-03-06 10:24:01,894 | INFO | evac_sim.simulation.simulation_manager | Progress | frame=580 | agents=32
2026-03-06 10:24:01,914 | INFO | evac_sim.simulation.simulation_manager | Progress | frame=590 | agents=32
2026-03-06 10:24:01,935 | INFO | evac_sim.simulation.simulation_manager | Progress | frame=600 | agents=32
2026-03-06 10:24:01,969 | INFO | evac_sim.simulation.simulation_manager | Progress | frame=610 | agents=32
2026-03-06 10:24:01,991 | INFO | evac_sim.simulation.simulation_manager | Progress | frame=620 | agents=32
2026-03-06 10:24:02,011 | INFO | evac_sim.simulation.simulation_manager | Progress | frame=630 | agents=32
2026-03-06 10:24:02,032 | INFO | evac_sim.simulation.simulation_manager | Progress | frame=640 | agents=32
2026-03-06 10:24:02,054 | INFO | evac_sim.simulation.simulation_manager | Progress | frame=650 | agents=32
2026-03-06 10:24:02,088 | INFO | evac_sim.simulation.simulation_manager | Progress | frame=660 | agents=32
2026-03-06 10:24:02,108 | INFO | evac_sim.simulation.simulation_manager | Progress | frame=670 | agents=32
2026-03-06 10:24:02,129 | INFO | evac_sim.simulation.simulation_manager | Progress | frame=680 | agents=32
2026-03-06 10:24:02,151 | INFO | evac_sim.simulation.simulation_manager | Progress | frame=690 | agents=32
2026-03-06 10:24:02,171 | INFO | evac_sim.simulation.simulation_manager | Progress | frame=700 | agents=32
2026-03-06 10:24:02,205 | INFO | evac_sim.simulation.simulation_manager | Progress | frame=710 | agents=32
2026-03-06 10:24:02,225 | INFO | evac_sim.simulation.simulation_manager | Progress | frame=720 | agents=32
2026-03-06 10:24:02,246 | INFO | evac_sim.simulation.simulation_manager | Progress | frame=730 | agents=32
2026-03-06 10:24:02,267 | INFO | evac_sim.simulation.simulation_manager | Progress | frame=740 | agents=32
2026-03-06 10:24:02,287 | INFO | evac_sim.simulation.simulation_manager | Progress | frame=750 | agents=32
2026-03-06 10:24:02,321 | INFO | evac_sim.simulation.simulation_manager | Progress | frame=760 | agents=32
2026-03-06 10:24:02,341 | INFO | evac_sim.simulation.simulation_manager | Progress | frame=770 | agents=32
2026-03-06 10:24:02,362 | INFO | evac_sim.simulation.simulation_manager | Progress | frame=780 | agents=32
2026-03-06 10:24:02,383 | INFO | evac_sim.simulation.simulation_manager | Progress | frame=790 | agents=32
2026-03-06 10:24:02,403 | INFO | evac_sim.simulation.simulation_manager | Progress | frame=800 | agents=32
2026-03-06 10:24:02,417 | INFO | evac_sim.simulation.simulation_manager | Reroute applied | frame=800 | group=92 | agents=10 | curr=23 next=7 | old_len=43 new_len=51
2026-03-06 10:24:02,439 | INFO | evac_sim.simulation.simulation_manager | Progress | frame=810 | agents=32
2026-03-06 10:24:02,459 | INFO | evac_sim.simulation.simulation_manager | Progress | frame=820 | agents=32
2026-03-06 10:24:02,480 | INFO | evac_sim.simulation.simulation_manager | Progress | frame=830 | agents=32
2026-03-06 10:24:02,499 | INFO | evac_sim.simulation.simulation_manager | Progress | frame=840 | agents=32
2026-03-06 10:24:02,520 | INFO | evac_sim.simulation.simulation_manager | Progress | frame=850 | agents=32
2026-03-06 10:24:02,554 | INFO | evac_sim.simulation.simulation_manager | Progress | frame=860 | agents=32
2026-03-06 10:24:02,574 | INFO | evac_sim.simulation.simulation_manager | Progress | frame=870 | agents=32
2026-03-06 10:24:02,595 | INFO | evac_sim.simulation.simulation_manager | Progress | frame=880 | agents=32
2026-03-06 10:24:02,614 | INFO | evac_sim.simulation.simulation_manager | Progress | frame=890 | agents=32
2026-03-06 10:24:02,635 | INFO | evac_sim.simulation.simulation_manager | Progress | frame=900 | agents=32
2026-03-06 10:24:02,882 | INFO | evac_sim.simulation.simulation_manager | Reroute applied | frame=900 | group=82 | agents=5 | curr=10 next=9 | old_len=47 new_len=61
2026-03-06 10:24:02,915 | INFO | evac_sim.simulation.simulation_manager | Progress | frame=910 | agents=32
2026-03-06 10:24:02,936 | INFO | evac_sim.simulation.simulation_manager | Progress | frame=920 | agents=32
2026-03-06 10:24:02,956 | INFO | evac_sim.simulation.simulation_manager | Progress | frame=930 | agents=32
2026-03-06 10:24:02,976 | INFO | evac_sim.simulation.simulation_manager | Progress | frame=940 | agents=32
2026-03-06 10:24:02,996 | INFO | evac_sim.simulation.simulation_manager | Progress | frame=950 | agents=32
2026-03-06 10:24:03,032 | INFO | evac_sim.simulation.simulation_manager | Progress | frame=960 | agents=32
2026-03-06 10:24:03,052 | INFO | evac_sim.simulation.simulation_manager | Progress | frame=970 | agents=32
2026-03-06 10:24:03,073 | INFO | evac_sim.simulation.simulation_manager | Progress | frame=980 | agents=32
2026-03-06 10:24:03,095 | INFO | evac_sim.simulation.simulation_manager | Progress | frame=990 | agents=32
2026-03-06 10:24:03,114 | INFO | evac_sim.simulation.simulation_manager | Progress | frame=1000 | agents=32
2026-03-06 10:24:03,148 | INFO | evac_sim.simulation.simulation_manager | Progress | frame=1010 | agents=32
2026-03-06 10:24:03,168 | INFO | evac_sim.simulation.simulation_manager | Progress | frame=1020 | agents=32
2026-03-06 10:24:03,189 | INFO | evac_sim.simulation.simulation_manager | Progress | frame=1030 | agents=32
2026-03-06 10:24:03,210 | INFO | evac_sim.simulation.simulation_manager | Progress | frame=1040 | agents=32
2026-03-06 10:24:03,231 | INFO | evac_sim.simulation.simulation_manager | Progress | frame=1050 | agents=32
2026-03-06 10:24:03,265 | INFO | evac_sim.simulation.simulation_manager | Progress | frame=1060 | agents=32
2026-03-06 10:24:03,285 | INFO | evac_sim.simulation.simulation_manager | Progress | frame=1070 | agents=32
2026-03-06 10:24:03,305 | INFO | evac_sim.simulation.simulation_manager | Progress | frame=1080 | agents=32
2026-03-06 10:24:03,327 | INFO | evac_sim.simulation.simulation_manager | Progress | frame=1090 | agents=32
2026-03-06 10:24:03,347 | INFO | evac_sim.simulation.simulation_manager | Progress | frame=1100 | agents=32
2026-03-06 10:24:03,383 | INFO | evac_sim.simulation.simulation_manager | Progress | frame=1110 | agents=32
2026-03-06 10:24:03,404 | INFO | evac_sim.simulation.simulation_manager | Progress | frame=1120 | agents=32
2026-03-06 10:24:03,424 | INFO | evac_sim.simulation.simulation_manager | Progress | frame=1130 | agents=32
2026-03-06 10:24:03,445 | INFO | evac_sim.simulation.simulation_manager | Progress | frame=1140 | agents=32
2026-03-06 10:24:03,466 | INFO | evac_sim.simulation.simulation_manager | Progress | frame=1150 | agents=32
2026-03-06 10:24:03,499 | INFO | evac_sim.simulation.simulation_manager | Progress | frame=1160 | agents=32
2026-03-06 10:24:03,521 | INFO | evac_sim.simulation.simulation_manager | Progress | frame=1170 | agents=32
2026-03-06 10:24:03,542 | INFO | evac_sim.simulation.simulation_manager | Progress | frame=1180 | agents=32
2026-03-06 10:24:03,562 | INFO | evac_sim.simulation.simulation_manager | Progress | frame=1190 | agents=32
2026-03-06 10:24:03,584 | INFO | evac_sim.simulation.simulation_manager | Progress | frame=1200 | agents=32
2026-03-06 10:24:03,589 | INFO | evac_sim.simulation.simulation_manager | Reroute applied | frame=1200 | group=83 | agents=5 | curr=23 next=7 | old_len=46 new_len=54
2026-03-06 10:24:03,620 | INFO | evac_sim.simulation.simulation_manager | Progress | frame=1210 | agents=32
2026-03-06 10:24:03,641 | INFO | evac_sim.simulation.simulation_manager | Progress | frame=1220 | agents=32
2026-03-06 10:24:03,661 | INFO | evac_sim.simulation.simulation_manager | Progress | frame=1230 | agents=32
2026-03-06 10:24:03,683 | INFO | evac_sim.simulation.simulation_manager | Progress | frame=1240 | agents=32
2026-03-06 10:24:03,704 | INFO | evac_sim.simulation.simulation_manager | Progress | frame=1250 | agents=32
2026-03-06 10:24:03,740 | INFO | evac_sim.simulation.simulation_manager | Progress | frame=1260 | agents=32
2026-03-06 10:24:03,761 | INFO | evac_sim.simulation.simulation_manager | Progress | frame=1270 | agents=32
2026-03-06 10:24:03,782 | INFO | evac_sim.simulation.simulation_manager | Progress | frame=1280 | agents=32
2026-03-06 10:24:03,803 | INFO | evac_sim.simulation.simulation_manager | Progress | frame=1290 | agents=32
2026-03-06 10:24:03,825 | INFO | evac_sim.simulation.simulation_manager | Progress | frame=1300 | agents=32
2026-03-06 10:24:03,859 | INFO | evac_sim.simulation.simulation_manager | Progress | frame=1310 | agents=32
2026-03-06 10:24:03,880 | INFO | evac_sim.simulation.simulation_manager | Progress | frame=1320 | agents=32
2026-03-06 10:24:03,903 | INFO | evac_sim.simulation.simulation_manager | Progress | frame=1330 | agents=32
2026-03-06 10:24:03,924 | INFO | evac_sim.simulation.simulation_manager | Progress | frame=1340 | agents=32
2026-03-06 10:24:03,945 | INFO | evac_sim.simulation.simulation_manager | Progress | frame=1350 | agents=32
2026-03-06 10:24:03,979 | INFO | evac_sim.simulation.simulation_manager | Progress | frame=1360 | agents=32
2026-03-06 10:24:04,001 | INFO | evac_sim.simulation.simulation_manager | Progress | frame=1370 | agents=32
2026-03-06 10:24:04,022 | INFO | evac_sim.simulation.simulation_manager | Progress | frame=1380 | agents=32
2026-03-06 10:24:04,043 | INFO | evac_sim.simulation.simulation_manager | Progress | frame=1390 | agents=32
2026-03-06 10:24:04,065 | INFO | evac_sim.simulation.simulation_manager | Progress | frame=1400 | agents=32
2026-03-06 10:24:04,100 | INFO | evac_sim.simulation.simulation_manager | Progress | frame=1410 | agents=32
2026-03-06 10:24:04,122 | INFO | evac_sim.simulation.simulation_manager | Progress | frame=1420 | agents=32
2026-03-06 10:24:04,142 | INFO | evac_sim.simulation.simulation_manager | Progress | frame=1430 | agents=32
2026-03-06 10:24:04,163 | INFO | evac_sim.simulation.simulation_manager | Progress | frame=1440 | agents=32
2026-03-06 10:24:04,185 | INFO | evac_sim.simulation.simulation_manager | Progress | frame=1450 | agents=32
2026-03-06 10:24:04,220 | INFO | evac_sim.simulation.simulation_manager | Progress | frame=1460 | agents=32
2026-03-06 10:24:04,242 | INFO | evac_sim.simulation.simulation_manager | Progress | frame=1470 | agents=32
2026-03-06 10:24:04,264 | INFO | evac_sim.simulation.simulation_manager | Progress | frame=1480 | agents=32
2026-03-06 10:24:04,285 | INFO | evac_sim.simulation.simulation_manager | Progress | frame=1490 | agents=32
2026-03-06 10:24:04,306 | INFO | evac_sim.simulation.simulation_manager | Progress | frame=1500 | agents=32
2026-03-06 10:24:04,341 | INFO | evac_sim.simulation.simulation_manager | Progress | frame=1510 | agents=32
2026-03-06 10:24:04,361 | INFO | evac_sim.simulation.simulation_manager | Progress | frame=1520 | agents=32
2026-03-06 10:24:04,382 | INFO | evac_sim.simulation.simulation_manager | Progress | frame=1530 | agents=32
2026-03-06 10:24:04,405 | INFO | evac_sim.simulation.simulation_manager | Progress | frame=1540 | agents=32
2026-03-06 10:24:04,427 | INFO | evac_sim.simulation.simulation_manager | Progress | frame=1550 | agents=32
2026-03-06 10:24:04,462 | INFO | evac_sim.simulation.simulation_manager | Progress | frame=1560 | agents=32
2026-03-06 10:24:04,482 | INFO | evac_sim.simulation.simulation_manager | Progress | frame=1570 | agents=32
2026-03-06 10:24:04,503 | INFO | evac_sim.simulation.simulation_manager | Progress | frame=1580 | agents=32
2026-03-06 10:24:04,525 | INFO | evac_sim.simulation.simulation_manager | Progress | frame=1590 | agents=32
2026-03-06 10:24:04,545 | INFO | evac_sim.simulation.simulation_manager | Progress | frame=1600 | agents=32
2026-03-06 10:24:04,549 | INFO | evac_sim.simulation.simulation_manager | Reroute applied | frame=1600 | group=82 | agents=5 | curr=23 next=7 | old_len=61 new_len=69
2026-03-06 10:24:04,583 | INFO | evac_sim.simulation.simulation_manager | Progress | frame=1610 | agents=32
2026-03-06 10:24:04,605 | INFO | evac_sim.simulation.simulation_manager | Progress | frame=1620 | agents=32
2026-03-06 10:24:04,627 | INFO | evac_sim.simulation.simulation_manager | Progress | frame=1630 | agents=32
2026-03-06 10:24:04,647 | INFO | evac_sim.simulation.simulation_manager | Progress | frame=1640 | agents=32
2026-03-06 10:24:04,668 | INFO | evac_sim.simulation.simulation_manager | Progress | frame=1650 | agents=32
2026-03-06 10:24:04,703 | INFO | evac_sim.simulation.simulation_manager | Progress | frame=1660 | agents=32
2026-03-06 10:24:04,725 | INFO | evac_sim.simulation.simulation_manager | Progress | frame=1670 | agents=32
2026-03-06 10:24:04,747 | INFO | evac_sim.simulation.simulation_manager | Progress | frame=1680 | agents=32
2026-03-06 10:24:04,769 | INFO | evac_sim.simulation.simulation_manager | Progress | frame=1690 | agents=32
2026-03-06 10:24:04,792 | INFO | evac_sim.simulation.simulation_manager | Progress | frame=1700 | agents=32
2026-03-06 10:24:04,826 | INFO | evac_sim.simulation.simulation_manager | Progress | frame=1710 | agents=32
2026-03-06 10:24:04,847 | INFO | evac_sim.simulation.simulation_manager | Progress | frame=1720 | agents=32
2026-03-06 10:24:04,868 | INFO | evac_sim.simulation.simulation_manager | Progress | frame=1730 | agents=32
2026-03-06 10:24:04,890 | INFO | evac_sim.simulation.simulation_manager | Progress | frame=1740 | agents=32
2026-03-06 10:24:04,912 | INFO | evac_sim.simulation.simulation_manager | Progress | frame=1750 | agents=32
2026-03-06 10:24:04,946 | INFO | evac_sim.simulation.simulation_manager | Progress | frame=1760 | agents=32
2026-03-06 10:24:04,968 | INFO | evac_sim.simulation.simulation_manager | Progress | frame=1770 | agents=32
2026-03-06 10:24:04,988 | INFO | evac_sim.simulation.simulation_manager | Progress | frame=1780 | agents=32
2026-03-06 10:24:05,009 | INFO | evac_sim.simulation.simulation_manager | Progress | frame=1790 | agents=32
2026-03-06 10:24:05,029 | INFO | evac_sim.simulation.simulation_manager | Progress | frame=1800 | agents=32
2026-03-06 10:24:05,065 | INFO | evac_sim.simulation.simulation_manager | Progress | frame=1810 | agents=32
2026-03-06 10:24:05,087 | INFO | evac_sim.simulation.simulation_manager | Progress | frame=1820 | agents=32
2026-03-06 10:24:05,108 | INFO | evac_sim.simulation.simulation_manager | Progress | frame=1830 | agents=32
2026-03-06 10:24:05,128 | INFO | evac_sim.simulation.simulation_manager | Progress | frame=1840 | agents=32
2026-03-06 10:24:05,149 | INFO | evac_sim.simulation.simulation_manager | Progress | frame=1850 | agents=32
2026-03-06 10:24:05,183 | INFO | evac_sim.simulation.simulation_manager | Progress | frame=1860 | agents=32
2026-03-06 10:24:05,203 | INFO | evac_sim.simulation.simulation_manager | Progress | frame=1870 | agents=32
2026-03-06 10:24:05,224 | INFO | evac_sim.simulation.simulation_manager | Progress | frame=1880 | agents=32
2026-03-06 10:24:05,245 | INFO | evac_sim.simulation.simulation_manager | Progress | frame=1890 | agents=32
2026-03-06 10:24:05,271 | INFO | evac_sim.simulation.simulation_manager | Progress | frame=1900 | agents=32
2026-03-06 10:24:05,305 | INFO | evac_sim.simulation.simulation_manager | Progress | frame=1910 | agents=32
2026-03-06 10:24:05,326 | INFO | evac_sim.simulation.simulation_manager | Progress | frame=1920 | agents=32
2026-03-06 10:24:05,348 | INFO | evac_sim.simulation.simulation_manager | Progress | frame=1930 | agents=32
2026-03-06 10:24:05,368 | INFO | evac_sim.simulation.simulation_manager | Progress | frame=1940 | agents=32
2026-03-06 10:24:05,388 | INFO | evac_sim.simulation.simulation_manager | Progress | frame=1950 | agents=32
2026-03-06 10:24:05,422 | INFO | evac_sim.simulation.simulation_manager | Progress | frame=1960 | agents=32
2026-03-06 10:24:05,442 | INFO | evac_sim.simulation.simulation_manager | Progress | frame=1970 | agents=32
2026-03-06 10:24:05,464 | INFO | evac_sim.simulation.simulation_manager | Progress | frame=1980 | agents=32
2026-03-06 10:24:05,484 | INFO | evac_sim.simulation.simulation_manager | Progress | frame=1990 | agents=32
2026-03-06 10:24:05,504 | INFO | evac_sim.simulation.simulation_manager | Progress | frame=2000 | agents=32
2026-03-06 10:24:05,539 | INFO | evac_sim.simulation.simulation_manager | Progress | frame=2010 | agents=32
2026-03-06 10:24:05,559 | INFO | evac_sim.simulation.simulation_manager | Progress | frame=2020 | agents=32
2026-03-06 10:24:05,580 | INFO | evac_sim.simulation.simulation_manager | Progress | frame=2030 | agents=32
2026-03-06 10:24:05,600 | INFO | evac_sim.simulation.simulation_manager | Progress | frame=2040 | agents=32
2026-03-06 10:24:05,621 | INFO | evac_sim.simulation.simulation_manager | Progress | frame=2050 | agents=32
2026-03-06 10:24:05,655 | INFO | evac_sim.simulation.simulation_manager | Progress | frame=2060 | agents=32
2026-03-06 10:24:05,675 | INFO | evac_sim.simulation.simulation_manager | Progress | frame=2070 | agents=32
2026-03-06 10:24:05,696 | INFO | evac_sim.simulation.simulation_manager | Progress | frame=2080 | agents=32
2026-03-06 10:24:05,716 | INFO | evac_sim.simulation.simulation_manager | Progress | frame=2090 | agents=32
2026-03-06 10:24:05,737 | INFO | evac_sim.simulation.simulation_manager | Progress | frame=2100 | agents=32
2026-03-06 10:24:05,773 | INFO | evac_sim.simulation.simulation_manager | Progress | frame=2110 | agents=32
2026-03-06 10:24:05,793 | INFO | evac_sim.simulation.simulation_manager | Progress | frame=2120 | agents=32
2026-03-06 10:24:05,813 | INFO | evac_sim.simulation.simulation_manager | Progress | frame=2130 | agents=32
2026-03-06 10:24:05,834 | INFO | evac_sim.simulation.simulation_manager | Progress | frame=2140 | agents=32
2026-03-06 10:24:05,854 | INFO | evac_sim.simulation.simulation_manager | Progress | frame=2150 | agents=32
2026-03-06 10:24:05,888 | INFO | evac_sim.simulation.simulation_manager | Progress | frame=2160 | agents=32
2026-03-06 10:24:05,909 | INFO | evac_sim.simulation.simulation_manager | Progress | frame=2170 | agents=32
2026-03-06 10:24:05,930 | INFO | evac_sim.simulation.simulation_manager | Progress | frame=2180 | agents=32
2026-03-06 10:24:05,951 | INFO | evac_sim.simulation.simulation_manager | Progress | frame=2190 | agents=32
2026-03-06 10:24:05,971 | INFO | evac_sim.simulation.simulation_manager | Progress | frame=2200 | agents=32
2026-03-06 10:24:06,005 | INFO | evac_sim.simulation.simulation_manager | Progress | frame=2210 | agents=32
2026-03-06 10:24:06,025 | INFO | evac_sim.simulation.simulation_manager | Progress | frame=2220 | agents=32
2026-03-06 10:24:06,047 | INFO | evac_sim.simulation.simulation_manager | Progress | frame=2230 | agents=32
2026-03-06 10:24:06,067 | INFO | evac_sim.simulation.simulation_manager | Progress | frame=2240 | agents=32
2026-03-06 10:24:06,088 | INFO | evac_sim.simulation.simulation_manager | Progress | frame=2250 | agents=32
2026-03-06 10:24:06,123 | INFO | evac_sim.simulation.simulation_manager | Progress | frame=2260 | agents=32
2026-03-06 10:24:06,144 | INFO | evac_sim.simulation.simulation_manager | Progress | frame=2270 | agents=32
2026-03-06 10:24:06,165 | INFO | evac_sim.simulation.simulation_manager | Progress | frame=2280 | agents=32
2026-03-06 10:24:06,185 | INFO | evac_sim.simulation.simulation_manager | Progress | frame=2290 | agents=32
2026-03-06 10:24:06,206 | INFO | evac_sim.simulation.simulation_manager | Progress | frame=2300 | agents=32
2026-03-06 10:24:06,240 | INFO | evac_sim.simulation.simulation_manager | Progress | frame=2310 | agents=32
2026-03-06 10:24:06,261 | INFO | evac_sim.simulation.simulation_manager | Progress | frame=2320 | agents=32
2026-03-06 10:24:06,281 | INFO | evac_sim.simulation.simulation_manager | Progress | frame=2330 | agents=32
2026-03-06 10:24:06,301 | INFO | evac_sim.simulation.simulation_manager | Progress | frame=2340 | agents=32
2026-03-06 10:24:06,321 | INFO | evac_sim.simulation.simulation_manager | Progress | frame=2350 | agents=32
2026-03-06 10:24:06,355 | INFO | evac_sim.simulation.simulation_manager | Progress | frame=2360 | agents=32
2026-03-06 10:24:06,376 | INFO | evac_sim.simulation.simulation_manager | Progress | frame=2370 | agents=32
2026-03-06 10:24:06,395 | INFO | evac_sim.simulation.simulation_manager | Progress | frame=2380 | agents=32
2026-03-06 10:24:06,416 | INFO | evac_sim.simulation.simulation_manager | Progress | frame=2390 | agents=32
2026-03-06 10:24:06,436 | INFO | evac_sim.simulation.simulation_manager | Progress | frame=2400 | agents=32
2026-03-06 10:24:06,990 | INFO | evac_sim.simulation.simulation_manager | Reroute applied | frame=2400 | group=92 | agents=10 | curr=154 next=153 | old_len=51 new_len=68
2026-03-06 10:24:07,017 | INFO | evac_sim.simulation.simulation_manager | Progress | frame=2410 | agents=32
2026-03-06 10:24:07,042 | INFO | evac_sim.simulation.simulation_manager | Progress | frame=2420 | agents=32
2026-03-06 10:24:07,065 | INFO | evac_sim.simulation.simulation_manager | Progress | frame=2430 | agents=32
2026-03-06 10:24:07,090 | INFO | evac_sim.simulation.simulation_manager | Progress | frame=2440 | agents=32
2026-03-06 10:24:07,115 | INFO | evac_sim.simulation.simulation_manager | Progress | frame=2450 | agents=32
2026-03-06 10:24:07,156 | INFO | evac_sim.simulation.simulation_manager | Progress | frame=2460 | agents=32
2026-03-06 10:24:07,179 | INFO | evac_sim.simulation.simulation_manager | Progress | frame=2470 | agents=32
2026-03-06 10:24:07,209 | INFO | evac_sim.simulation.simulation_manager | Progress | frame=2480 | agents=31
2026-03-06 10:24:07,233 | INFO | evac_sim.simulation.simulation_manager | Progress | frame=2490 | agents=31
2026-03-06 10:24:07,257 | INFO | evac_sim.simulation.simulation_manager | Progress | frame=2500 | agents=31
2026-03-06 10:24:07,301 | INFO | evac_sim.simulation.simulation_manager | Progress | frame=2510 | agents=31
2026-03-06 10:24:07,326 | INFO | evac_sim.simulation.simulation_manager | Progress | frame=2520 | agents=31
2026-03-06 10:24:07,352 | INFO | evac_sim.simulation.simulation_manager | Progress | frame=2530 | agents=31
2026-03-06 10:24:07,376 | INFO | evac_sim.simulation.simulation_manager | Progress | frame=2540 | agents=31
2026-03-06 10:24:07,398 | INFO | evac_sim.simulation.simulation_manager | Progress | frame=2550 | agents=31
2026-03-06 10:24:07,442 | INFO | evac_sim.simulation.simulation_manager | Progress | frame=2560 | agents=30
2026-03-06 10:24:07,467 | INFO | evac_sim.simulation.simulation_manager | Progress | frame=2570 | agents=30
2026-03-06 10:24:07,491 | INFO | evac_sim.simulation.simulation_manager | Progress | frame=2580 | agents=30
2026-03-06 10:24:07,515 | INFO | evac_sim.simulation.simulation_manager | Progress | frame=2590 | agents=30
2026-03-06 10:24:07,540 | INFO | evac_sim.simulation.simulation_manager | Progress | frame=2600 | agents=30
2026-03-06 10:24:07,580 | INFO | evac_sim.simulation.simulation_manager | Progress | frame=2610 | agents=30
2026-03-06 10:24:07,606 | INFO | evac_sim.simulation.simulation_manager | Progress | frame=2620 | agents=29
2026-03-06 10:24:07,629 | INFO | evac_sim.simulation.simulation_manager | Progress | frame=2630 | agents=29
2026-03-06 10:24:07,654 | INFO | evac_sim.simulation.simulation_manager | Progress | frame=2640 | agents=29
2026-03-06 10:24:07,675 | INFO | evac_sim.simulation.simulation_manager | Progress | frame=2650 | agents=29
2026-03-06 10:24:07,708 | INFO | evac_sim.simulation.simulation_manager | Progress | frame=2660 | agents=29
2026-03-06 10:24:07,728 | INFO | evac_sim.simulation.simulation_manager | Progress | frame=2670 | agents=28
2026-03-06 10:24:07,748 | INFO | evac_sim.simulation.simulation_manager | Progress | frame=2680 | agents=28
2026-03-06 10:24:07,768 | INFO | evac_sim.simulation.simulation_manager | Progress | frame=2690 | agents=28
2026-03-06 10:24:07,788 | INFO | evac_sim.simulation.simulation_manager | Progress | frame=2700 | agents=28
2026-03-06 10:24:07,821 | INFO | evac_sim.simulation.simulation_manager | Progress | frame=2710 | agents=28
2026-03-06 10:24:07,842 | INFO | evac_sim.simulation.simulation_manager | Progress | frame=2720 | agents=28
2026-03-06 10:24:07,867 | INFO | evac_sim.simulation.simulation_manager | Progress | frame=2730 | agents=27
2026-03-06 10:24:07,889 | INFO | evac_sim.simulation.simulation_manager | Progress | frame=2740 | agents=27
2026-03-06 10:24:07,915 | INFO | evac_sim.simulation.simulation_manager | Progress | frame=2750 | agents=27
2026-03-06 10:24:07,954 | INFO | evac_sim.simulation.simulation_manager | Progress | frame=2760 | agents=27
2026-03-06 10:24:07,978 | INFO | evac_sim.simulation.simulation_manager | Progress | frame=2770 | agents=27
2026-03-06 10:24:08,003 | INFO | evac_sim.simulation.simulation_manager | Progress | frame=2780 | agents=26
2026-03-06 10:24:08,025 | INFO | evac_sim.simulation.simulation_manager | Progress | frame=2790 | agents=26
2026-03-06 10:24:08,044 | INFO | evac_sim.simulation.simulation_manager | Progress | frame=2800 | agents=26
2026-03-06 10:24:08,075 | INFO | evac_sim.simulation.simulation_manager | Progress | frame=2810 | agents=26
2026-03-06 10:24:08,095 | INFO | evac_sim.simulation.simulation_manager | Progress | frame=2820 | agents=26
2026-03-06 10:24:08,114 | INFO | evac_sim.simulation.simulation_manager | Progress | frame=2830 | agents=26
2026-03-06 10:24:08,134 | INFO | evac_sim.simulation.simulation_manager | Progress | frame=2840 | agents=26
2026-03-06 10:24:08,154 | INFO | evac_sim.simulation.simulation_manager | Progress | frame=2850 | agents=26
2026-03-06 10:24:08,185 | INFO | evac_sim.simulation.simulation_manager | Progress | frame=2860 | agents=26
2026-03-06 10:24:08,204 | INFO | evac_sim.simulation.simulation_manager | Progress | frame=2870 | agents=26
2026-03-06 10:24:08,225 | INFO | evac_sim.simulation.simulation_manager | Progress | frame=2880 | agents=26
2026-03-06 10:24:08,244 | INFO | evac_sim.simulation.simulation_manager | Progress | frame=2890 | agents=26
2026-03-06 10:24:08,264 | INFO | evac_sim.simulation.simulation_manager | Progress | frame=2900 | agents=26
2026-03-06 10:24:08,798 | INFO | evac_sim.simulation.simulation_manager | Reroute applied | frame=2900 | group=92 | agents=10 | curr=202 next=201 | old_len=68 new_len=78
2026-03-06 10:24:08,819 | INFO | evac_sim.simulation.simulation_manager | Progress | frame=2910 | agents=25
2026-03-06 10:24:08,840 | INFO | evac_sim.simulation.simulation_manager | Progress | frame=2920 | agents=25
2026-03-06 10:24:08,859 | INFO | evac_sim.simulation.simulation_manager | Progress | frame=2930 | agents=25
2026-03-06 10:24:08,880 | INFO | evac_sim.simulation.simulation_manager | Progress | frame=2940 | agents=25
2026-03-06 10:24:08,899 | INFO | evac_sim.simulation.simulation_manager | Progress | frame=2950 | agents=25
2026-03-06 10:24:08,930 | INFO | evac_sim.simulation.simulation_manager | Progress | frame=2960 | agents=25
2026-03-06 10:24:08,951 | INFO | evac_sim.simulation.simulation_manager | Progress | frame=2970 | agents=24
2026-03-06 10:24:08,971 | INFO | evac_sim.simulation.simulation_manager | Progress | frame=2980 | agents=24
2026-03-06 10:24:08,992 | INFO | evac_sim.simulation.simulation_manager | Progress | frame=2990 | agents=24
2026-03-06 10:24:09,011 | INFO | evac_sim.simulation.simulation_manager | Progress | frame=3000 | agents=24
2026-03-06 10:24:09,041 | INFO | evac_sim.simulation.simulation_manager | Progress | frame=3010 | agents=24
2026-03-06 10:24:09,061 | INFO | evac_sim.simulation.simulation_manager | Progress | frame=3020 | agents=23
2026-03-06 10:24:09,080 | INFO | evac_sim.simulation.simulation_manager | Progress | frame=3030 | agents=23
2026-03-06 10:24:09,099 | INFO | evac_sim.simulation.simulation_manager | Progress | frame=3040 | agents=23
2026-03-06 10:24:09,119 | INFO | evac_sim.simulation.simulation_manager | Progress | frame=3050 | agents=23
2026-03-06 10:24:09,126 | INFO | evac_sim.simulation.simulation_manager | Reroute applied | frame=3050 | group=83 | agents=5 | curr=154 next=153 | old_len=54 new_len=71
2026-03-06 10:24:09,152 | INFO | evac_sim.simulation.simulation_manager | Progress | frame=3060 | agents=23
2026-03-06 10:24:09,172 | INFO | evac_sim.simulation.simulation_manager | Progress | frame=3070 | agents=23
2026-03-06 10:24:09,192 | INFO | evac_sim.simulation.simulation_manager | Progress | frame=3080 | agents=22
2026-03-06 10:24:09,212 | INFO | evac_sim.simulation.simulation_manager | Progress | frame=3090 | agents=22
2026-03-06 10:24:09,232 | INFO | evac_sim.simulation.simulation_manager | Progress | frame=3100 | agents=22
2026-03-06 10:24:09,262 | INFO | evac_sim.simulation.simulation_manager | Progress | frame=3110 | agents=22
2026-03-06 10:24:09,282 | INFO | evac_sim.simulation.simulation_manager | Progress | frame=3120 | agents=22
2026-03-06 10:24:09,301 | INFO | evac_sim.simulation.simulation_manager | Progress | frame=3130 | agents=22
2026-03-06 10:24:09,320 | INFO | evac_sim.simulation.simulation_manager | Progress | frame=3140 | agents=22
2026-03-06 10:24:09,339 | INFO | evac_sim.simulation.simulation_manager | Progress | frame=3150 | agents=22
2026-03-06 10:24:09,369 | INFO | evac_sim.simulation.simulation_manager | Progress | frame=3160 | agents=21
2026-03-06 10:24:09,389 | INFO | evac_sim.simulation.simulation_manager | Progress | frame=3170 | agents=21
2026-03-06 10:24:09,409 | INFO | evac_sim.simulation.simulation_manager | Progress | frame=3180 | agents=21
2026-03-06 10:24:09,428 | INFO | evac_sim.simulation.simulation_manager | Progress | frame=3190 | agents=21
2026-03-06 10:24:09,446 | INFO | evac_sim.simulation.simulation_manager | Progress | frame=3200 | agents=21
2026-03-06 10:24:09,477 | INFO | evac_sim.simulation.simulation_manager | Progress | frame=3210 | agents=21
2026-03-06 10:24:09,495 | INFO | evac_sim.simulation.simulation_manager | Progress | frame=3220 | agents=20
2026-03-06 10:24:09,514 | INFO | evac_sim.simulation.simulation_manager | Progress | frame=3230 | agents=20
2026-03-06 10:24:09,533 | INFO | evac_sim.simulation.simulation_manager | Progress | frame=3240 | agents=20
2026-03-06 10:24:09,553 | INFO | evac_sim.simulation.simulation_manager | Progress | frame=3250 | agents=20
2026-03-06 10:24:09,580 | INFO | evac_sim.simulation.simulation_manager | Progress | frame=3260 | agents=20
2026-03-06 10:24:09,599 | INFO | evac_sim.simulation.simulation_manager | Progress | frame=3270 | agents=20
2026-03-06 10:24:09,619 | INFO | evac_sim.simulation.simulation_manager | Progress | frame=3280 | agents=20
2026-03-06 10:24:09,637 | INFO | evac_sim.simulation.simulation_manager | Progress | frame=3290 | agents=20
2026-03-06 10:24:09,657 | INFO | evac_sim.simulation.simulation_manager | Progress | frame=3300 | agents=20
2026-03-06 10:24:09,684 | INFO | evac_sim.simulation.simulation_manager | Progress | frame=3310 | agents=20
2026-03-06 10:24:09,704 | INFO | evac_sim.simulation.simulation_manager | Progress | frame=3320 | agents=20
2026-03-06 10:24:09,722 | INFO | evac_sim.simulation.simulation_manager | Progress | frame=3330 | agents=20
2026-03-06 10:24:09,741 | INFO | evac_sim.simulation.simulation_manager | Progress | frame=3340 | agents=20
2026-03-06 10:24:09,760 | INFO | evac_sim.simulation.simulation_manager | Progress | frame=3350 | agents=20
2026-03-06 10:24:09,787 | INFO | evac_sim.simulation.simulation_manager | Progress | frame=3360 | agents=20
2026-03-06 10:24:09,806 | INFO | evac_sim.simulation.simulation_manager | Progress | frame=3370 | agents=20
2026-03-06 10:24:09,825 | INFO | evac_sim.simulation.simulation_manager | Progress | frame=3380 | agents=20
2026-03-06 10:24:09,845 | INFO | evac_sim.simulation.simulation_manager | Progress | frame=3390 | agents=20
2026-03-06 10:24:09,863 | INFO | evac_sim.simulation.simulation_manager | Progress | frame=3400 | agents=20
2026-03-06 10:24:09,891 | INFO | evac_sim.simulation.simulation_manager | Progress | frame=3410 | agents=20
2026-03-06 10:24:09,910 | INFO | evac_sim.simulation.simulation_manager | Progress | frame=3420 | agents=20
2026-03-06 10:24:09,928 | INFO | evac_sim.simulation.simulation_manager | Progress | frame=3430 | agents=20
2026-03-06 10:24:09,948 | INFO | evac_sim.simulation.simulation_manager | Progress | frame=3440 | agents=20
2026-03-06 10:24:09,967 | INFO | evac_sim.simulation.simulation_manager | Progress | frame=3450 | agents=20
2026-03-06 10:24:09,973 | INFO | evac_sim.simulation.simulation_manager | Reroute applied | frame=3450 | group=82 | agents=5 | curr=154 next=153 | old_len=69 new_len=86
2026-03-06 10:24:09,999 | INFO | evac_sim.simulation.simulation_manager | Progress | frame=3460 | agents=20
2026-03-06 10:24:10,018 | INFO | evac_sim.simulation.simulation_manager | Progress | frame=3470 | agents=20
2026-03-06 10:24:10,036 | INFO | evac_sim.simulation.simulation_manager | Progress | frame=3480 | agents=20
2026-03-06 10:24:10,054 | INFO | evac_sim.simulation.simulation_manager | Progress | frame=3490 | agents=20
2026-03-06 10:24:10,074 | INFO | evac_sim.simulation.simulation_manager | Progress | frame=3500 | agents=20
2026-03-06 10:24:10,101 | INFO | evac_sim.simulation.simulation_manager | Progress | frame=3510 | agents=20
2026-03-06 10:24:10,119 | INFO | evac_sim.simulation.simulation_manager | Progress | frame=3520 | agents=20
2026-03-06 10:24:10,138 | INFO | evac_sim.simulation.simulation_manager | Progress | frame=3530 | agents=20
2026-03-06 10:24:10,157 | INFO | evac_sim.simulation.simulation_manager | Progress | frame=3540 | agents=20
2026-03-06 10:24:10,176 | INFO | evac_sim.simulation.simulation_manager | Progress | frame=3550 | agents=20
2026-03-06 10:24:10,203 | INFO | evac_sim.simulation.simulation_manager | Progress | frame=3560 | agents=20
2026-03-06 10:24:10,221 | INFO | evac_sim.simulation.simulation_manager | Progress | frame=3570 | agents=20
2026-03-06 10:24:10,240 | INFO | evac_sim.simulation.simulation_manager | Progress | frame=3580 | agents=20
2026-03-06 10:24:10,259 | INFO | evac_sim.simulation.simulation_manager | Progress | frame=3590 | agents=20
2026-03-06 10:24:10,279 | INFO | evac_sim.simulation.simulation_manager | Progress | frame=3600 | agents=20
2026-03-06 10:24:10,873 | INFO | evac_sim.simulation.simulation_manager | Progress | frame=3610 | agents=20
2026-03-06 10:24:10,893 | INFO | evac_sim.simulation.simulation_manager | Progress | frame=3620 | agents=20
2026-03-06 10:24:10,911 | INFO | evac_sim.simulation.simulation_manager | Progress | frame=3630 | agents=20
2026-03-06 10:24:10,929 | INFO | evac_sim.simulation.simulation_manager | Progress | frame=3640 | agents=20
2026-03-06 10:24:10,948 | INFO | evac_sim.simulation.simulation_manager | Progress | frame=3650 | agents=20
2026-03-06 10:24:10,975 | INFO | evac_sim.simulation.simulation_manager | Progress | frame=3660 | agents=20
2026-03-06 10:24:10,993 | INFO | evac_sim.simulation.simulation_manager | Progress | frame=3670 | agents=20
2026-03-06 10:24:11,013 | INFO | evac_sim.simulation.simulation_manager | Progress | frame=3680 | agents=20
2026-03-06 10:24:11,031 | INFO | evac_sim.simulation.simulation_manager | Progress | frame=3690 | agents=20
2026-03-06 10:24:11,051 | INFO | evac_sim.simulation.simulation_manager | Progress | frame=3700 | agents=20
2026-03-06 10:24:11,057 | INFO | evac_sim.simulation.simulation_manager | Reroute applied | frame=3700 | group=83 | agents=5 | curr=202 next=201 | old_len=71 new_len=81
2026-03-06 10:24:11,081 | INFO | evac_sim.simulation.simulation_manager | Progress | frame=3710 | agents=20
2026-03-06 10:24:11,099 | INFO | evac_sim.simulation.simulation_manager | Progress | frame=3720 | agents=20
2026-03-06 10:24:11,118 | INFO | evac_sim.simulation.simulation_manager | Progress | frame=3730 | agents=20
2026-03-06 10:24:11,137 | INFO | evac_sim.simulation.simulation_manager | Progress | frame=3740 | agents=20
2026-03-06 10:24:11,156 | INFO | evac_sim.simulation.simulation_manager | Progress | frame=3750 | agents=20
2026-03-06 10:24:11,184 | INFO | evac_sim.simulation.simulation_manager | Progress | frame=3760 | agents=20
2026-03-06 10:24:11,202 | INFO | evac_sim.simulation.simulation_manager | Progress | frame=3770 | agents=20
2026-03-06 10:24:11,220 | INFO | evac_sim.simulation.simulation_manager | Progress | frame=3780 | agents=20
2026-03-06 10:24:11,240 | INFO | evac_sim.simulation.simulation_manager | Progress | frame=3790 | agents=20
2026-03-06 10:24:11,259 | INFO | evac_sim.simulation.simulation_manager | Progress | frame=3800 | agents=20
2026-03-06 10:24:11,285 | INFO | evac_sim.simulation.simulation_manager | Progress | frame=3810 | agents=20
2026-03-06 10:24:11,304 | INFO | evac_sim.simulation.simulation_manager | Progress | frame=3820 | agents=20
2026-03-06 10:24:11,323 | INFO | evac_sim.simulation.simulation_manager | Progress | frame=3830 | agents=20
2026-03-06 10:24:11,341 | INFO | evac_sim.simulation.simulation_manager | Progress | frame=3840 | agents=20
2026-03-06 10:24:11,361 | INFO | evac_sim.simulation.simulation_manager | Progress | frame=3850 | agents=20
2026-03-06 10:24:11,388 | INFO | evac_sim.simulation.simulation_manager | Progress | frame=3860 | agents=20
2026-03-06 10:24:11,406 | INFO | evac_sim.simulation.simulation_manager | Progress | frame=3870 | agents=20
2026-03-06 10:24:11,425 | INFO | evac_sim.simulation.simulation_manager | Progress | frame=3880 | agents=20
2026-03-06 10:24:11,445 | INFO | evac_sim.simulation.simulation_manager | Progress | frame=3890 | agents=20
2026-03-06 10:24:11,463 | INFO | evac_sim.simulation.simulation_manager | Progress | frame=3900 | agents=20
2026-03-06 10:24:11,490 | INFO | evac_sim.simulation.simulation_manager | Progress | frame=3910 | agents=20
2026-03-06 10:24:11,509 | INFO | evac_sim.simulation.simulation_manager | Progress | frame=3920 | agents=20
2026-03-06 10:24:11,528 | INFO | evac_sim.simulation.simulation_manager | Progress | frame=3930 | agents=20
2026-03-06 10:24:11,547 | INFO | evac_sim.simulation.simulation_manager | Progress | frame=3940 | agents=20
2026-03-06 10:24:11,566 | INFO | evac_sim.simulation.simulation_manager | Progress | frame=3950 | agents=20
2026-03-06 10:24:11,592 | INFO | evac_sim.simulation.simulation_manager | Progress | frame=3960 | agents=20
2026-03-06 10:24:11,611 | INFO | evac_sim.simulation.simulation_manager | Progress | frame=3970 | agents=20
2026-03-06 10:24:11,630 | INFO | evac_sim.simulation.simulation_manager | Progress | frame=3980 | agents=20
2026-03-06 10:24:11,649 | INFO | evac_sim.simulation.simulation_manager | Progress | frame=3990 | agents=20
2026-03-06 10:24:11,668 | INFO | evac_sim.simulation.simulation_manager | Progress | frame=4000 | agents=20
2026-03-06 10:24:11,696 | INFO | evac_sim.simulation.simulation_manager | Progress | frame=4010 | agents=20
2026-03-06 10:24:11,715 | INFO | evac_sim.simulation.simulation_manager | Progress | frame=4020 | agents=20
2026-03-06 10:24:11,734 | INFO | evac_sim.simulation.simulation_manager | Progress | frame=4030 | agents=20
2026-03-06 10:24:11,753 | INFO | evac_sim.simulation.simulation_manager | Progress | frame=4040 | agents=20
2026-03-06 10:24:11,771 | INFO | evac_sim.simulation.simulation_manager | Progress | frame=4050 | agents=20
2026-03-06 10:24:11,798 | INFO | evac_sim.simulation.simulation_manager | Progress | frame=4060 | agents=20
2026-03-06 10:24:11,817 | INFO | evac_sim.simulation.simulation_manager | Progress | frame=4070 | agents=20
2026-03-06 10:24:11,836 | INFO | evac_sim.simulation.simulation_manager | Progress | frame=4080 | agents=20
2026-03-06 10:24:11,854 | INFO | evac_sim.simulation.simulation_manager | Progress | frame=4090 | agents=20
2026-03-06 10:24:11,874 | INFO | evac_sim.simulation.simulation_manager | Progress | frame=4100 | agents=20
2026-03-06 10:24:11,904 | INFO | evac_sim.simulation.simulation_manager | Progress | frame=4110 | agents=20
2026-03-06 10:24:11,924 | INFO | evac_sim.simulation.simulation_manager | Progress | frame=4120 | agents=20
2026-03-06 10:24:11,946 | INFO | evac_sim.simulation.simulation_manager | Progress | frame=4130 | agents=20
2026-03-06 10:24:11,971 | INFO | evac_sim.simulation.simulation_manager | Progress | frame=4140 | agents=20
2026-03-06 10:24:11,992 | INFO | evac_sim.simulation.simulation_manager | Progress | frame=4150 | agents=20
2026-03-06 10:24:11,998 | INFO | evac_sim.simulation.simulation_manager | Reroute applied | frame=4150 | group=82 | agents=5 | curr=202 next=201 | old_len=86 new_len=96
2026-03-06 10:24:12,030 | INFO | evac_sim.simulation.simulation_manager | Progress | frame=4160 | agents=20
2026-03-06 10:24:12,052 | INFO | evac_sim.simulation.simulation_manager | Progress | frame=4170 | agents=20
2026-03-06 10:24:12,074 | INFO | evac_sim.simulation.simulation_manager | Progress | frame=4180 | agents=20
2026-03-06 10:24:12,096 | INFO | evac_sim.simulation.simulation_manager | Progress | frame=4190 | agents=20
2026-03-06 10:24:12,117 | INFO | evac_sim.simulation.simulation_manager | Progress | frame=4200 | agents=20
2026-03-06 10:24:12,144 | INFO | evac_sim.simulation.simulation_manager | Progress | frame=4210 | agents=20
2026-03-06 10:24:12,163 | INFO | evac_sim.simulation.simulation_manager | Progress | frame=4220 | agents=20
2026-03-06 10:24:12,182 | INFO | evac_sim.simulation.simulation_manager | Progress | frame=4230 | agents=20
2026-03-06 10:24:12,200 | INFO | evac_sim.simulation.simulation_manager | Progress | frame=4240 | agents=20
2026-03-06 10:24:12,220 | INFO | evac_sim.simulation.simulation_manager | Progress | frame=4250 | agents=20
2026-03-06 10:24:12,247 | INFO | evac_sim.simulation.simulation_manager | Progress | frame=4260 | agents=20
2026-03-06 10:24:12,266 | INFO | evac_sim.simulation.simulation_manager | Progress | frame=4270 | agents=20
2026-03-06 10:24:12,285 | INFO | evac_sim.simulation.simulation_manager | Progress | frame=4280 | agents=20
2026-03-06 10:24:12,306 | INFO | evac_sim.simulation.simulation_manager | Progress | frame=4290 | agents=20
2026-03-06 10:24:12,324 | INFO | evac_sim.simulation.simulation_manager | Progress | frame=4300 | agents=20
2026-03-06 10:24:12,351 | INFO | evac_sim.simulation.simulation_manager | Progress | frame=4310 | agents=20
2026-03-06 10:24:12,370 | INFO | evac_sim.simulation.simulation_manager | Progress | frame=4320 | agents=20
2026-03-06 10:24:12,389 | INFO | evac_sim.simulation.simulation_manager | Progress | frame=4330 | agents=20
2026-03-06 10:24:12,407 | INFO | evac_sim.simulation.simulation_manager | Progress | frame=4340 | agents=20
2026-03-06 10:24:12,426 | INFO | evac_sim.simulation.simulation_manager | Progress | frame=4350 | agents=20
2026-03-06 10:24:12,454 | INFO | evac_sim.simulation.simulation_manager | Progress | frame=4360 | agents=20
2026-03-06 10:24:12,474 | INFO | evac_sim.simulation.simulation_manager | Progress | frame=4370 | agents=20
2026-03-06 10:24:12,493 | INFO | evac_sim.simulation.simulation_manager | Progress | frame=4380 | agents=20
2026-03-06 10:24:12,513 | INFO | evac_sim.simulation.simulation_manager | Progress | frame=4390 | agents=19
2026-03-06 10:24:12,532 | INFO | evac_sim.simulation.simulation_manager | Progress | frame=4400 | agents=19
2026-03-06 10:24:12,558 | INFO | evac_sim.simulation.simulation_manager | Progress | frame=4410 | agents=19
2026-03-06 10:24:12,576 | INFO | evac_sim.simulation.simulation_manager | Progress | frame=4420 | agents=19
2026-03-06 10:24:12,595 | INFO | evac_sim.simulation.simulation_manager | Progress | frame=4430 | agents=19
2026-03-06 10:24:12,615 | INFO | evac_sim.simulation.simulation_manager | Progress | frame=4440 | agents=19
2026-03-06 10:24:12,633 | INFO | evac_sim.simulation.simulation_manager | Progress | frame=4450 | agents=18
2026-03-06 10:24:12,660 | INFO | evac_sim.simulation.simulation_manager | Progress | frame=4460 | agents=18
2026-03-06 10:24:12,678 | INFO | evac_sim.simulation.simulation_manager | Progress | frame=4470 | agents=18
2026-03-06 10:24:12,697 | INFO | evac_sim.simulation.simulation_manager | Progress | frame=4480 | agents=18
2026-03-06 10:24:12,716 | INFO | evac_sim.simulation.simulation_manager | Progress | frame=4490 | agents=18
2026-03-06 10:24:12,735 | INFO | evac_sim.simulation.simulation_manager | Progress | frame=4500 | agents=17
2026-03-06 10:24:12,762 | INFO | evac_sim.simulation.simulation_manager | Progress | frame=4510 | agents=17
2026-03-06 10:24:12,781 | INFO | evac_sim.simulation.simulation_manager | Progress | frame=4520 | agents=17
2026-03-06 10:24:12,799 | INFO | evac_sim.simulation.simulation_manager | Progress | frame=4530 | agents=17
2026-03-06 10:24:12,819 | INFO | evac_sim.simulation.simulation_manager | Progress | frame=4540 | agents=17
2026-03-06 10:24:12,837 | INFO | evac_sim.simulation.simulation_manager | Progress | frame=4550 | agents=16
2026-03-06 10:24:12,865 | INFO | evac_sim.simulation.simulation_manager | Progress | frame=4560 | agents=16
2026-03-06 10:24:12,883 | INFO | evac_sim.simulation.simulation_manager | Progress | frame=4570 | agents=16
2026-03-06 10:24:12,901 | INFO | evac_sim.simulation.simulation_manager | Progress | frame=4580 | agents=16
2026-03-06 10:24:12,920 | INFO | evac_sim.simulation.simulation_manager | Progress | frame=4590 | agents=15
2026-03-06 10:24:12,939 | INFO | evac_sim.simulation.simulation_manager | Progress | frame=4600 | agents=15
2026-03-06 10:24:12,965 | INFO | evac_sim.simulation.simulation_manager | Progress | frame=4610 | agents=15
2026-03-06 10:24:12,983 | INFO | evac_sim.simulation.simulation_manager | Progress | frame=4620 | agents=15
2026-03-06 10:24:13,002 | INFO | evac_sim.simulation.simulation_manager | Progress | frame=4630 | agents=15
2026-03-06 10:24:13,021 | INFO | evac_sim.simulation.simulation_manager | Progress | frame=4640 | agents=14
2026-03-06 10:24:13,039 | INFO | evac_sim.simulation.simulation_manager | Progress | frame=4650 | agents=14
2026-03-06 10:24:13,068 | INFO | evac_sim.simulation.simulation_manager | Progress | frame=4660 | agents=14
2026-03-06 10:24:13,085 | INFO | evac_sim.simulation.simulation_manager | Progress | frame=4670 | agents=14
2026-03-06 10:24:13,104 | INFO | evac_sim.simulation.simulation_manager | Progress | frame=4680 | agents=14
2026-03-06 10:24:13,122 | INFO | evac_sim.simulation.simulation_manager | Progress | frame=4690 | agents=13
2026-03-06 10:24:13,140 | INFO | evac_sim.simulation.simulation_manager | Progress | frame=4700 | agents=13
2026-03-06 10:24:13,166 | INFO | evac_sim.simulation.simulation_manager | Progress | frame=4710 | agents=13
2026-03-06 10:24:13,185 | INFO | evac_sim.simulation.simulation_manager | Progress | frame=4720 | agents=13
2026-03-06 10:24:13,203 | INFO | evac_sim.simulation.simulation_manager | Progress | frame=4730 | agents=13
2026-03-06 10:24:13,222 | INFO | evac_sim.simulation.simulation_manager | Progress | frame=4740 | agents=13
2026-03-06 10:24:13,240 | INFO | evac_sim.simulation.simulation_manager | Progress | frame=4750 | agents=13
2026-03-06 10:24:13,267 | INFO | evac_sim.simulation.simulation_manager | Progress | frame=4760 | agents=13
2026-03-06 10:24:13,285 | INFO | evac_sim.simulation.simulation_manager | Progress | frame=4770 | agents=13
2026-03-06 10:24:13,304 | INFO | evac_sim.simulation.simulation_manager | Progress | frame=4780 | agents=13
2026-03-06 10:24:13,322 | INFO | evac_sim.simulation.simulation_manager | Progress | frame=4790 | agents=13
2026-03-06 10:24:13,341 | INFO | evac_sim.simulation.simulation_manager | Progress | frame=4800 | agents=13
2026-03-06 10:24:13,367 | INFO | evac_sim.simulation.simulation_manager | Progress | frame=4810 | agents=13
2026-03-06 10:24:13,385 | INFO | evac_sim.simulation.simulation_manager | Progress | frame=4820 | agents=13
2026-03-06 10:24:13,404 | INFO | evac_sim.simulation.simulation_manager | Progress | frame=4830 | agents=13
2026-03-06 10:24:13,422 | INFO | evac_sim.simulation.simulation_manager | Progress | frame=4840 | agents=13
2026-03-06 10:24:13,440 | INFO | evac_sim.simulation.simulation_manager | Progress | frame=4850 | agents=13
2026-03-06 10:24:13,466 | INFO | evac_sim.simulation.simulation_manager | Progress | frame=4860 | agents=13
2026-03-06 10:24:13,484 | INFO | evac_sim.simulation.simulation_manager | Progress | frame=4870 | agents=12
2026-03-06 10:24:13,503 | INFO | evac_sim.simulation.simulation_manager | Progress | frame=4880 | agents=12
2026-03-06 10:24:13,521 | INFO | evac_sim.simulation.simulation_manager | Progress | frame=4890 | agents=12
2026-03-06 10:24:13,539 | INFO | evac_sim.simulation.simulation_manager | Progress | frame=4900 | agents=12
2026-03-06 10:24:13,566 | INFO | evac_sim.simulation.simulation_manager | Progress | frame=4910 | agents=12
2026-03-06 10:24:13,583 | INFO | evac_sim.simulation.simulation_manager | Progress | frame=4920 | agents=12
2026-03-06 10:24:13,602 | INFO | evac_sim.simulation.simulation_manager | Progress | frame=4930 | agents=12
2026-03-06 10:24:13,621 | INFO | evac_sim.simulation.simulation_manager | Progress | frame=4940 | agents=12
2026-03-06 10:24:13,639 | INFO | evac_sim.simulation.simulation_manager | Progress | frame=4950 | agents=12
2026-03-06 10:24:13,667 | INFO | evac_sim.simulation.simulation_manager | Progress | frame=4960 | agents=12
2026-03-06 10:24:13,685 | INFO | evac_sim.simulation.simulation_manager | Progress | frame=4970 | agents=12
2026-03-06 10:24:13,704 | INFO | evac_sim.simulation.simulation_manager | Progress | frame=4980 | agents=12
2026-03-06 10:24:13,722 | INFO | evac_sim.simulation.simulation_manager | Progress | frame=4990 | agents=12
2026-03-06 10:24:13,741 | INFO | evac_sim.simulation.simulation_manager | Progress | frame=5000 | agents=12
2026-03-06 10:24:13,767 | INFO | evac_sim.simulation.simulation_manager | Progress | frame=5010 | agents=12
2026-03-06 10:24:13,786 | INFO | evac_sim.simulation.simulation_manager | Progress | frame=5020 | agents=11
2026-03-06 10:24:13,804 | INFO | evac_sim.simulation.simulation_manager | Progress | frame=5030 | agents=11
2026-03-06 10:24:13,823 | INFO | evac_sim.simulation.simulation_manager | Progress | frame=5040 | agents=11
2026-03-06 10:24:13,842 | INFO | evac_sim.simulation.simulation_manager | Progress | frame=5050 | agents=11
2026-03-06 10:24:13,867 | INFO | evac_sim.simulation.simulation_manager | Progress | frame=5060 | agents=11
2026-03-06 10:24:13,885 | INFO | evac_sim.simulation.simulation_manager | Progress | frame=5070 | agents=11
2026-03-06 10:24:13,903 | INFO | evac_sim.simulation.simulation_manager | Progress | frame=5080 | agents=11
2026-03-06 10:24:13,922 | INFO | evac_sim.simulation.simulation_manager | Progress | frame=5090 | agents=11
2026-03-06 10:24:13,941 | INFO | evac_sim.simulation.simulation_manager | Progress | frame=5100 | agents=11
2026-03-06 10:24:13,966 | INFO | evac_sim.simulation.simulation_manager | Progress | frame=5110 | agents=10
2026-03-06 10:24:13,985 | INFO | evac_sim.simulation.simulation_manager | Progress | frame=5120 | agents=10
2026-03-06 10:24:14,003 | INFO | evac_sim.simulation.simulation_manager | Progress | frame=5130 | agents=10
2026-03-06 10:24:14,021 | INFO | evac_sim.simulation.simulation_manager | Progress | frame=5140 | agents=10
2026-03-06 10:24:14,040 | INFO | evac_sim.simulation.simulation_manager | Progress | frame=5150 | agents=10
2026-03-06 10:24:14,063 | INFO | evac_sim.simulation.simulation_manager | Progress | frame=5160 | agents=10
2026-03-06 10:24:14,081 | INFO | evac_sim.simulation.simulation_manager | Progress | frame=5170 | agents=10
2026-03-06 10:24:14,099 | INFO | evac_sim.simulation.simulation_manager | Progress | frame=5180 | agents=9
2026-03-06 10:24:14,116 | INFO | evac_sim.simulation.simulation_manager | Progress | frame=5190 | agents=9
2026-03-06 10:24:14,136 | INFO | evac_sim.simulation.simulation_manager | Progress | frame=5200 | agents=9
2026-03-06 10:24:14,160 | INFO | evac_sim.simulation.simulation_manager | Progress | frame=5210 | agents=9
2026-03-06 10:24:14,177 | INFO | evac_sim.simulation.simulation_manager | Progress | frame=5220 | agents=9
2026-03-06 10:24:14,196 | INFO | evac_sim.simulation.simulation_manager | Progress | frame=5230 | agents=8
2026-03-06 10:24:14,214 | INFO | evac_sim.simulation.simulation_manager | Progress | frame=5240 | agents=8
2026-03-06 10:24:14,232 | INFO | evac_sim.simulation.simulation_manager | Progress | frame=5250 | agents=8
2026-03-06 10:24:14,256 | INFO | evac_sim.simulation.simulation_manager | Progress | frame=5260 | agents=8
2026-03-06 10:24:14,273 | INFO | evac_sim.simulation.simulation_manager | Progress | frame=5270 | agents=8
2026-03-06 10:24:14,291 | INFO | evac_sim.simulation.simulation_manager | Progress | frame=5280 | agents=7
2026-03-06 10:24:14,309 | INFO | evac_sim.simulation.simulation_manager | Progress | frame=5290 | agents=7
2026-03-06 10:24:14,327 | INFO | evac_sim.simulation.simulation_manager | Progress | frame=5300 | agents=7
2026-03-06 10:24:14,351 | INFO | evac_sim.simulation.simulation_manager | Progress | frame=5310 | agents=7
2026-03-06 10:24:14,369 | INFO | evac_sim.simulation.simulation_manager | Progress | frame=5320 | agents=6
2026-03-06 10:24:14,386 | INFO | evac_sim.simulation.simulation_manager | Progress | frame=5330 | agents=6
2026-03-06 10:24:14,404 | INFO | evac_sim.simulation.simulation_manager | Progress | frame=5340 | agents=6
2026-03-06 10:24:14,423 | INFO | evac_sim.simulation.simulation_manager | Progress | frame=5350 | agents=6
2026-03-06 10:24:14,446 | INFO | evac_sim.simulation.simulation_manager | Progress | frame=5360 | agents=6
2026-03-06 10:24:14,464 | INFO | evac_sim.simulation.simulation_manager | Progress | frame=5370 | agents=5
2026-03-06 10:24:14,481 | INFO | evac_sim.simulation.simulation_manager | Progress | frame=5380 | agents=5
2026-03-06 10:24:14,498 | INFO | evac_sim.simulation.simulation_manager | Progress | frame=5390 | agents=5
2026-03-06 10:24:14,515 | INFO | evac_sim.simulation.simulation_manager | Progress | frame=5400 | agents=5
2026-03-06 10:24:14,536 | INFO | evac_sim.simulation.simulation_manager | Progress | frame=5410 | agents=5
2026-03-06 10:24:14,553 | INFO | evac_sim.simulation.simulation_manager | Progress | frame=5420 | agents=5
2026-03-06 10:24:14,572 | INFO | evac_sim.simulation.simulation_manager | Progress | frame=5430 | agents=5
2026-03-06 10:24:14,589 | INFO | evac_sim.simulation.simulation_manager | Progress | frame=5440 | agents=5
2026-03-06 10:24:14,607 | INFO | evac_sim.simulation.simulation_manager | Progress | frame=5450 | agents=5
2026-03-06 10:24:14,627 | INFO | evac_sim.simulation.simulation_manager | Progress | frame=5460 | agents=5
2026-03-06 10:24:14,645 | INFO | evac_sim.simulation.simulation_manager | Progress | frame=5470 | agents=5
2026-03-06 10:24:14,662 | INFO | evac_sim.simulation.simulation_manager | Progress | frame=5480 | agents=5
2026-03-06 10:24:14,680 | INFO | evac_sim.simulation.simulation_manager | Progress | frame=5490 | agents=5
2026-03-06 10:24:14,697 | INFO | evac_sim.simulation.simulation_manager | Progress | frame=5500 | agents=5
2026-03-06 10:24:14,717 | INFO | evac_sim.simulation.simulation_manager | Progress | frame=5510 | agents=5
2026-03-06 10:24:14,735 | INFO | evac_sim.simulation.simulation_manager | Progress | frame=5520 | agents=5
2026-03-06 10:24:14,752 | INFO | evac_sim.simulation.simulation_manager | Progress | frame=5530 | agents=5
2026-03-06 10:24:14,770 | INFO | evac_sim.simulation.simulation_manager | Progress | frame=5540 | agents=5
2026-03-06 10:24:14,788 | INFO | evac_sim.simulation.simulation_manager | Progress | frame=5550 | agents=5
2026-03-06 10:24:14,808 | INFO | evac_sim.simulation.simulation_manager | Progress | frame=5560 | agents=5
2026-03-06 10:24:14,827 | INFO | evac_sim.simulation.simulation_manager | Progress | frame=5570 | agents=5
2026-03-06 10:24:14,844 | INFO | evac_sim.simulation.simulation_manager | Progress | frame=5580 | agents=5
2026-03-06 10:24:14,862 | INFO | evac_sim.simulation.simulation_manager | Progress | frame=5590 | agents=5
2026-03-06 10:24:14,880 | INFO | evac_sim.simulation.simulation_manager | Progress | frame=5600 | agents=5
2026-03-06 10:24:14,901 | INFO | evac_sim.simulation.simulation_manager | Progress | frame=5610 | agents=5
2026-03-06 10:24:14,918 | INFO | evac_sim.simulation.simulation_manager | Progress | frame=5620 | agents=5
2026-03-06 10:24:14,936 | INFO | evac_sim.simulation.simulation_manager | Progress | frame=5630 | agents=5
2026-03-06 10:24:14,959 | INFO | evac_sim.simulation.simulation_manager | Progress | frame=5640 | agents=5
2026-03-06 10:24:14,976 | INFO | evac_sim.simulation.simulation_manager | Progress | frame=5650 | agents=5
2026-03-06 10:24:14,998 | INFO | evac_sim.simulation.simulation_manager | Progress | frame=5660 | agents=4
2026-03-06 10:24:15,014 | INFO | evac_sim.simulation.simulation_manager | Progress | frame=5670 | agents=4
2026-03-06 10:24:15,032 | INFO | evac_sim.simulation.simulation_manager | Progress | frame=5680 | agents=4
2026-03-06 10:24:15,049 | INFO | evac_sim.simulation.simulation_manager | Progress | frame=5690 | agents=4
2026-03-06 10:24:15,066 | INFO | evac_sim.simulation.simulation_manager | Progress | frame=5700 | agents=4
2026-03-06 10:24:15,086 | INFO | evac_sim.simulation.simulation_manager | Progress | frame=5710 | agents=3
2026-03-06 10:24:15,103 | INFO | evac_sim.simulation.simulation_manager | Progress | frame=5720 | agents=3
2026-03-06 10:24:15,120 | INFO | evac_sim.simulation.simulation_manager | Progress | frame=5730 | agents=3
2026-03-06 10:24:15,138 | INFO | evac_sim.simulation.simulation_manager | Progress | frame=5740 | agents=3
2026-03-06 10:24:15,155 | INFO | evac_sim.simulation.simulation_manager | Progress | frame=5750 | agents=3
2026-03-06 10:24:15,176 | INFO | evac_sim.simulation.simulation_manager | Progress | frame=5760 | agents=2
2026-03-06 10:24:15,193 | INFO | evac_sim.simulation.simulation_manager | Progress | frame=5770 | agents=2
2026-03-06 10:24:15,211 | INFO | evac_sim.simulation.simulation_manager | Progress | frame=5780 | agents=2
2026-03-06 10:24:15,230 | INFO | evac_sim.simulation.simulation_manager | Progress | frame=5790 | agents=2
2026-03-06 10:24:15,247 | INFO | evac_sim.simulation.simulation_manager | Progress | frame=5800 | agents=1
2026-03-06 10:24:15,266 | INFO | evac_sim.simulation.simulation_manager | Progress | frame=5810 | agents=1
2026-03-06 10:24:15,283 | INFO | evac_sim.simulation.simulation_manager | Progress | frame=5820 | agents=1
2026-03-06 10:24:15,300 | INFO | evac_sim.simulation.simulation_manager | Progress | frame=5830 | agents=1
2026-03-06 10:24:15,318 | INFO | evac_sim.simulation.simulation_manager | Progress | frame=5840 | agents=1
2026-03-06 10:24:15,323 | INFO | evac_sim.simulation.simulation_manager | Simulation end | last_frame=5843
2026-03-06 10:24:15,354 | INFO | evac_sim.runner | Metrics preview | mode=0 group=82 agents=5 min=16968.000 avg=17250.600 median=17253.000 p90=17473.800 max=17529.000
2026-03-06 10:24:15,365 | INFO | evac_sim.runner | Metrics preview | mode=0 group=83 agents=5 min=15525.000 avg=15811.200 median=15813.000 p90=16036.800 max=16092.000
2026-03-06 10:24:15,374 | INFO | evac_sim.runner | Metrics preview | mode=0 group=73 agents=6 min=7416.000 avg=7899.500 median=7915.500 p90=8244.000 max=8325.000
2026-03-06 10:24:15,384 | INFO | evac_sim.runner | Metrics preview | mode=0 group=77 agents=6 min=8715.000 avg=9162.500 median=9139.500 p90=9546.000 max=9630.000
2026-03-06 10:24:15,398 | INFO | evac_sim.runner | Metrics preview | mode=0 group=92 agents=10 min=13140.000 avg=14026.200 median=13833.000 p90=15078.000 max=15321.000
2026-03-06 10:24:15,399 | INFO | evac_sim.runner | Finished mode=0
2026-03-06 10:24:15,399 | INFO | evac_sim.runner | Mode start | mode=1 env=Cruise_Ship case=unknown
2026-03-06 10:24:15,460 | INFO | evac_sim.simulation.simulation_manager | Simulation start | agents=32
2026-03-06 10:24:15,498 | INFO | evac_sim.simulation.simulation_manager | Progress | frame=10 | agents=32
2026-03-06 10:24:15,519 | INFO | evac_sim.simulation.simulation_manager | Progress | frame=20 | agents=32
2026-03-06 10:24:15,540 | INFO | evac_sim.simulation.simulation_manager | Progress | frame=30 | agents=32
2026-03-06 10:24:15,560 | INFO | evac_sim.simulation.simulation_manager | Progress | frame=40 | agents=32
2026-03-06 10:24:15,581 | INFO | evac_sim.simulation.simulation_manager | Progress | frame=50 | agents=32
2026-03-06 10:24:15,616 | INFO | evac_sim.simulation.simulation_manager | Progress | frame=60 | agents=32
2026-03-06 10:24:15,637 | INFO | evac_sim.simulation.simulation_manager | Progress | frame=70 | agents=32
2026-03-06 10:24:15,658 | INFO | evac_sim.simulation.simulation_manager | Progress | frame=80 | agents=32
2026-03-06 10:24:15,680 | INFO | evac_sim.simulation.simulation_manager | Progress | frame=90 | agents=32
2026-03-06 10:24:15,701 | INFO | evac_sim.simulation.simulation_manager | Progress | frame=100 | agents=32
2026-03-06 10:24:15,735 | INFO | evac_sim.simulation.simulation_manager | Progress | frame=110 | agents=32
2026-03-06 10:24:15,755 | INFO | evac_sim.simulation.simulation_manager | Progress | frame=120 | agents=32
2026-03-06 10:24:15,777 | INFO | evac_sim.simulation.simulation_manager | Progress | frame=130 | agents=32
2026-03-06 10:24:15,800 | INFO | evac_sim.simulation.simulation_manager | Progress | frame=140 | agents=32
2026-03-06 10:24:15,822 | INFO | evac_sim.simulation.simulation_manager | Progress | frame=150 | agents=32
2026-03-06 10:24:15,859 | INFO | evac_sim.simulation.simulation_manager | Progress | frame=160 | agents=32
2026-03-06 10:24:15,880 | INFO | evac_sim.simulation.simulation_manager | Progress | frame=170 | agents=32
2026-03-06 10:24:15,901 | INFO | evac_sim.simulation.simulation_manager | Progress | frame=180 | agents=32
2026-03-06 10:24:15,923 | INFO | evac_sim.simulation.simulation_manager | Progress | frame=190 | agents=32
2026-03-06 10:24:15,945 | INFO | evac_sim.simulation.simulation_manager | Progress | frame=200 | agents=32
2026-03-06 10:24:15,980 | INFO | evac_sim.simulation.simulation_manager | Progress | frame=210 | agents=32
2026-03-06 10:24:16,001 | INFO | evac_sim.simulation.simulation_manager | Progress | frame=220 | agents=32
2026-03-06 10:24:16,023 | INFO | evac_sim.simulation.simulation_manager | Progress | frame=230 | agents=32
2026-03-06 10:24:16,045 | INFO | evac_sim.simulation.simulation_manager | Progress | frame=240 | agents=32
2026-03-06 10:24:16,067 | INFO | evac_sim.simulation.simulation_manager | Progress | frame=250 | agents=32
2026-03-06 10:24:16,102 | INFO | evac_sim.simulation.simulation_manager | Progress | frame=260 | agents=32
2026-03-06 10:24:16,123 | INFO | evac_sim.simulation.simulation_manager | Progress | frame=270 | agents=32
2026-03-06 10:24:16,144 | INFO | evac_sim.simulation.simulation_manager | Progress | frame=280 | agents=32
2026-03-06 10:24:16,167 | INFO | evac_sim.simulation.simulation_manager | Progress | frame=290 | agents=32
2026-03-06 10:24:16,188 | INFO | evac_sim.simulation.simulation_manager | Progress | frame=300 | agents=32
2026-03-06 10:24:16,223 | INFO | evac_sim.simulation.simulation_manager | Progress | frame=310 | agents=32
2026-03-06 10:24:16,245 | INFO | evac_sim.simulation.simulation_manager | Progress | frame=320 | agents=32
2026-03-06 10:24:16,266 | INFO | evac_sim.simulation.simulation_manager | Progress | frame=330 | agents=32
2026-03-06 10:24:16,288 | INFO | evac_sim.simulation.simulation_manager | Progress | frame=340 | agents=32
2026-03-06 10:24:16,309 | INFO | evac_sim.simulation.simulation_manager | Progress | frame=350 | agents=32
2026-03-06 10:24:16,343 | INFO | evac_sim.simulation.simulation_manager | Progress | frame=360 | agents=32
2026-03-06 10:24:16,365 | INFO | evac_sim.simulation.simulation_manager | Progress | frame=370 | agents=32
2026-03-06 10:24:16,386 | INFO | evac_sim.simulation.simulation_manager | Progress | frame=380 | agents=32
2026-03-06 10:24:16,408 | INFO | evac_sim.simulation.simulation_manager | Progress | frame=390 | agents=32
2026-03-06 10:24:16,429 | INFO | evac_sim.simulation.simulation_manager | Progress | frame=400 | agents=32
2026-03-06 10:24:16,434 | INFO | evac_sim.simulation.simulation_manager | Reroute applied | frame=400 | group=83 | agents=5 | curr=92 next=91 | old_len=46 new_len=48
2026-03-06 10:24:16,670 | INFO | evac_sim.simulation.simulation_manager | Reroute applied | frame=400 | group=77 | agents=6 | curr=56 next=24 | old_len=40 new_len=46
2026-03-06 10:24:16,898 | INFO | evac_sim.simulation.simulation_manager | Reroute applied | frame=400 | group=92 | agents=10 | curr=61 next=60 | old_len=43 new_len=48
2026-03-06 10:24:16,921 | INFO | evac_sim.simulation.simulation_manager | Progress | frame=410 | agents=32
2026-03-06 10:24:16,942 | INFO | evac_sim.simulation.simulation_manager | Progress | frame=420 | agents=32
2026-03-06 10:24:16,962 | INFO | evac_sim.simulation.simulation_manager | Progress | frame=430 | agents=32
2026-03-06 10:24:16,984 | INFO | evac_sim.simulation.simulation_manager | Progress | frame=440 | agents=32
2026-03-06 10:24:17,004 | INFO | evac_sim.simulation.simulation_manager | Progress | frame=450 | agents=32
2026-03-06 10:24:17,038 | INFO | evac_sim.simulation.simulation_manager | Progress | frame=460 | agents=32
2026-03-06 10:24:17,060 | INFO | evac_sim.simulation.simulation_manager | Progress | frame=470 | agents=32
2026-03-06 10:24:17,080 | INFO | evac_sim.simulation.simulation_manager | Progress | frame=480 | agents=32
2026-03-06 10:24:17,101 | INFO | evac_sim.simulation.simulation_manager | Progress | frame=490 | agents=32
2026-03-06 10:24:17,123 | INFO | evac_sim.simulation.simulation_manager | Progress | frame=500 | agents=32
2026-03-06 10:24:17,159 | INFO | evac_sim.simulation.simulation_manager | Progress | frame=510 | agents=32
2026-03-06 10:24:17,180 | INFO | evac_sim.simulation.simulation_manager | Progress | frame=520 | agents=32
2026-03-06 10:24:17,202 | INFO | evac_sim.simulation.simulation_manager | Progress | frame=530 | agents=32
2026-03-06 10:24:17,224 | INFO | evac_sim.simulation.simulation_manager | Progress | frame=540 | agents=32
2026-03-06 10:24:17,246 | INFO | evac_sim.simulation.simulation_manager | Progress | frame=550 | agents=32
2026-03-06 10:24:17,281 | INFO | evac_sim.simulation.simulation_manager | Progress | frame=560 | agents=32
2026-03-06 10:24:17,302 | INFO | evac_sim.simulation.simulation_manager | Progress | frame=570 | agents=32
2026-03-06 10:24:17,323 | INFO | evac_sim.simulation.simulation_manager | Progress | frame=580 | agents=32
2026-03-06 10:24:17,346 | INFO | evac_sim.simulation.simulation_manager | Progress | frame=590 | agents=32
2026-03-06 10:24:17,366 | INFO | evac_sim.simulation.simulation_manager | Progress | frame=600 | agents=32
2026-03-06 10:24:17,403 | INFO | evac_sim.simulation.simulation_manager | Progress | frame=610 | agents=32
2026-03-06 10:24:17,424 | INFO | evac_sim.simulation.simulation_manager | Progress | frame=620 | agents=32
2026-03-06 10:24:17,445 | INFO | evac_sim.simulation.simulation_manager | Progress | frame=630 | agents=32
2026-03-06 10:24:17,467 | INFO | evac_sim.simulation.simulation_manager | Progress | frame=640 | agents=32
2026-03-06 10:24:17,493 | INFO | evac_sim.simulation.simulation_manager | Progress | frame=650 | agents=32
2026-03-06 10:24:17,537 | INFO | evac_sim.simulation.simulation_manager | Progress | frame=660 | agents=32
2026-03-06 10:24:17,563 | INFO | evac_sim.simulation.simulation_manager | Progress | frame=670 | agents=32
2026-03-06 10:24:17,589 | INFO | evac_sim.simulation.simulation_manager | Progress | frame=680 | agents=32
2026-03-06 10:24:17,615 | INFO | evac_sim.simulation.simulation_manager | Progress | frame=690 | agents=32
2026-03-06 10:24:17,642 | INFO | evac_sim.simulation.simulation_manager | Progress | frame=700 | agents=32
2026-03-06 10:24:17,684 | INFO | evac_sim.simulation.simulation_manager | Progress | frame=710 | agents=32
2026-03-06 10:24:17,710 | INFO | evac_sim.simulation.simulation_manager | Progress | frame=720 | agents=32
2026-03-06 10:24:17,735 | INFO | evac_sim.simulation.simulation_manager | Progress | frame=730 | agents=32
2026-03-06 10:24:17,759 | INFO | evac_sim.simulation.simulation_manager | Progress | frame=740 | agents=32
2026-03-06 10:24:17,786 | INFO | evac_sim.simulation.simulation_manager | Progress | frame=750 | agents=32
2026-03-06 10:24:17,827 | INFO | evac_sim.simulation.simulation_manager | Progress | frame=760 | agents=32
2026-03-06 10:24:17,854 | INFO | evac_sim.simulation.simulation_manager | Progress | frame=770 | agents=32
2026-03-06 10:24:17,880 | INFO | evac_sim.simulation.simulation_manager | Progress | frame=780 | agents=32
2026-03-06 10:24:17,905 | INFO | evac_sim.simulation.simulation_manager | Progress | frame=790 | agents=32
2026-03-06 10:24:17,932 | INFO | evac_sim.simulation.simulation_manager | Progress | frame=800 | agents=32
2026-03-06 10:24:17,973 | INFO | evac_sim.simulation.simulation_manager | Progress | frame=810 | agents=32
2026-03-06 10:24:17,997 | INFO | evac_sim.simulation.simulation_manager | Progress | frame=820 | agents=32
2026-03-06 10:24:18,022 | INFO | evac_sim.simulation.simulation_manager | Progress | frame=830 | agents=32
2026-03-06 10:24:18,047 | INFO | evac_sim.simulation.simulation_manager | Progress | frame=840 | agents=32
2026-03-06 10:24:18,073 | INFO | evac_sim.simulation.simulation_manager | Progress | frame=850 | agents=32
2026-03-06 10:24:18,115 | INFO | evac_sim.simulation.simulation_manager | Progress | frame=860 | agents=32
2026-03-06 10:24:18,139 | INFO | evac_sim.simulation.simulation_manager | Progress | frame=870 | agents=32
2026-03-06 10:24:18,166 | INFO | evac_sim.simulation.simulation_manager | Progress | frame=880 | agents=32
2026-03-06 10:24:18,188 | INFO | evac_sim.simulation.simulation_manager | Progress | frame=890 | agents=32
2026-03-06 10:24:18,216 | INFO | evac_sim.simulation.simulation_manager | Progress | frame=900 | agents=32
2026-03-06 10:24:18,256 | INFO | evac_sim.simulation.simulation_manager | Progress | frame=910 | agents=32
2026-03-06 10:24:18,280 | INFO | evac_sim.simulation.simulation_manager | Progress | frame=920 | agents=32
2026-03-06 10:24:18,308 | INFO | evac_sim.simulation.simulation_manager | Progress | frame=930 | agents=32
2026-03-06 10:24:18,339 | INFO | evac_sim.simulation.simulation_manager | Progress | frame=940 | agents=32
2026-03-06 10:24:18,360 | INFO | evac_sim.simulation.simulation_manager | Progress | frame=950 | agents=32
2026-03-06 10:24:18,396 | INFO | evac_sim.simulation.simulation_manager | Progress | frame=960 | agents=32
2026-03-06 10:24:18,417 | INFO | evac_sim.simulation.simulation_manager | Progress | frame=970 | agents=32
2026-03-06 10:24:18,438 | INFO | evac_sim.simulation.simulation_manager | Progress | frame=980 | agents=32
2026-03-06 10:24:18,459 | INFO | evac_sim.simulation.simulation_manager | Progress | frame=990 | agents=32
2026-03-06 10:24:18,479 | INFO | evac_sim.simulation.simulation_manager | Progress | frame=1000 | agents=32
2026-03-06 10:24:18,517 | INFO | evac_sim.simulation.simulation_manager | Progress | frame=1010 | agents=32
2026-03-06 10:24:18,538 | INFO | evac_sim.simulation.simulation_manager | Progress | frame=1020 | agents=32
2026-03-06 10:24:18,557 | INFO | evac_sim.simulation.simulation_manager | Progress | frame=1030 | agents=32
2026-03-06 10:24:18,579 | INFO | evac_sim.simulation.simulation_manager | Progress | frame=1040 | agents=32
2026-03-06 10:24:18,600 | INFO | evac_sim.simulation.simulation_manager | Progress | frame=1050 | agents=32
2026-03-06 10:24:18,634 | INFO | evac_sim.simulation.simulation_manager | Progress | frame=1060 | agents=32
2026-03-06 10:24:18,655 | INFO | evac_sim.simulation.simulation_manager | Progress | frame=1070 | agents=32
2026-03-06 10:24:18,676 | INFO | evac_sim.simulation.simulation_manager | Progress | frame=1080 | agents=32
2026-03-06 10:24:18,697 | INFO | evac_sim.simulation.simulation_manager | Progress | frame=1090 | agents=32
2026-03-06 10:24:18,718 | INFO | evac_sim.simulation.simulation_manager | Progress | frame=1100 | agents=32
2026-03-06 10:24:18,752 | INFO | evac_sim.simulation.simulation_manager | Progress | frame=1110 | agents=32
2026-03-06 10:24:18,774 | INFO | evac_sim.simulation.simulation_manager | Progress | frame=1120 | agents=32
2026-03-06 10:24:18,795 | INFO | evac_sim.simulation.simulation_manager | Progress | frame=1130 | agents=32
2026-03-06 10:24:18,816 | INFO | evac_sim.simulation.simulation_manager | Progress | frame=1140 | agents=32
2026-03-06 10:24:18,837 | INFO | evac_sim.simulation.simulation_manager | Progress | frame=1150 | agents=32
2026-03-06 10:24:18,872 | INFO | evac_sim.simulation.simulation_manager | Progress | frame=1160 | agents=32
2026-03-06 10:24:18,893 | INFO | evac_sim.simulation.simulation_manager | Progress | frame=1170 | agents=32
2026-03-06 10:24:18,913 | INFO | evac_sim.simulation.simulation_manager | Progress | frame=1180 | agents=32
2026-03-06 10:24:18,935 | INFO | evac_sim.simulation.simulation_manager | Progress | frame=1190 | agents=32
2026-03-06 10:24:18,957 | INFO | evac_sim.simulation.simulation_manager | Progress | frame=1200 | agents=32
2026-03-06 10:24:18,991 | INFO | evac_sim.simulation.simulation_manager | Progress | frame=1210 | agents=32
2026-03-06 10:24:19,013 | INFO | evac_sim.simulation.simulation_manager | Progress | frame=1220 | agents=32
2026-03-06 10:24:19,034 | INFO | evac_sim.simulation.simulation_manager | Progress | frame=1230 | agents=32
2026-03-06 10:24:19,055 | INFO | evac_sim.simulation.simulation_manager | Progress | frame=1240 | agents=32
2026-03-06 10:24:19,076 | INFO | evac_sim.simulation.simulation_manager | Progress | frame=1250 | agents=32
2026-03-06 10:24:19,110 | INFO | evac_sim.simulation.simulation_manager | Progress | frame=1260 | agents=32
2026-03-06 10:24:19,132 | INFO | evac_sim.simulation.simulation_manager | Progress | frame=1270 | agents=32
2026-03-06 10:24:19,153 | INFO | evac_sim.simulation.simulation_manager | Progress | frame=1280 | agents=32
2026-03-06 10:24:19,175 | INFO | evac_sim.simulation.simulation_manager | Progress | frame=1290 | agents=32
2026-03-06 10:24:19,195 | INFO | evac_sim.simulation.simulation_manager | Progress | frame=1300 | agents=32
2026-03-06 10:24:19,236 | INFO | evac_sim.simulation.simulation_manager | Progress | frame=1310 | agents=32
2026-03-06 10:24:19,260 | INFO | evac_sim.simulation.simulation_manager | Progress | frame=1320 | agents=32
2026-03-06 10:24:19,286 | INFO | evac_sim.simulation.simulation_manager | Progress | frame=1330 | agents=32
2026-03-06 10:24:19,312 | INFO | evac_sim.simulation.simulation_manager | Progress | frame=1340 | agents=32
2026-03-06 10:24:19,337 | INFO | evac_sim.simulation.simulation_manager | Progress | frame=1350 | agents=32
2026-03-06 10:24:19,378 | INFO | evac_sim.simulation.simulation_manager | Progress | frame=1360 | agents=32
2026-03-06 10:24:19,404 | INFO | evac_sim.simulation.simulation_manager | Progress | frame=1370 | agents=32
2026-03-06 10:24:19,429 | INFO | evac_sim.simulation.simulation_manager | Progress | frame=1380 | agents=32
2026-03-06 10:24:19,454 | INFO | evac_sim.simulation.simulation_manager | Progress | frame=1390 | agents=32
2026-03-06 10:24:19,478 | INFO | evac_sim.simulation.simulation_manager | Progress | frame=1400 | agents=32
2026-03-06 10:24:19,513 | INFO | evac_sim.simulation.simulation_manager | Progress | frame=1410 | agents=32
2026-03-06 10:24:19,535 | INFO | evac_sim.simulation.simulation_manager | Progress | frame=1420 | agents=32
2026-03-06 10:24:19,556 | INFO | evac_sim.simulation.simulation_manager | Progress | frame=1430 | agents=32
2026-03-06 10:24:19,578 | INFO | evac_sim.simulation.simulation_manager | Progress | frame=1440 | agents=32
2026-03-06 10:24:19,599 | INFO | evac_sim.simulation.simulation_manager | Progress | frame=1450 | agents=32
2026-03-06 10:24:19,634 | INFO | evac_sim.simulation.simulation_manager | Progress | frame=1460 | agents=32
2026-03-06 10:24:19,656 | INFO | evac_sim.simulation.simulation_manager | Progress | frame=1470 | agents=32
2026-03-06 10:24:19,678 | INFO | evac_sim.simulation.simulation_manager | Progress | frame=1480 | agents=32
2026-03-06 10:24:19,700 | INFO | evac_sim.simulation.simulation_manager | Progress | frame=1490 | agents=32
2026-03-06 10:24:19,723 | INFO | evac_sim.simulation.simulation_manager | Progress | frame=1500 | agents=32
2026-03-06 10:24:19,758 | INFO | evac_sim.simulation.simulation_manager | Progress | frame=1510 | agents=32
2026-03-06 10:24:19,780 | INFO | evac_sim.simulation.simulation_manager | Progress | frame=1520 | agents=32
2026-03-06 10:24:19,801 | INFO | evac_sim.simulation.simulation_manager | Progress | frame=1530 | agents=32
2026-03-06 10:24:19,822 | INFO | evac_sim.simulation.simulation_manager | Progress | frame=1540 | agents=32
2026-03-06 10:24:19,844 | INFO | evac_sim.simulation.simulation_manager | Progress | frame=1550 | agents=32
2026-03-06 10:24:19,880 | INFO | evac_sim.simulation.simulation_manager | Progress | frame=1560 | agents=32
2026-03-06 10:24:19,902 | INFO | evac_sim.simulation.simulation_manager | Progress | frame=1570 | agents=32
2026-03-06 10:24:19,923 | INFO | evac_sim.simulation.simulation_manager | Progress | frame=1580 | agents=32
2026-03-06 10:24:19,944 | INFO | evac_sim.simulation.simulation_manager | Progress | frame=1590 | agents=32
2026-03-06 10:24:19,966 | INFO | evac_sim.simulation.simulation_manager | Progress | frame=1600 | agents=32
2026-03-06 10:24:20,001 | INFO | evac_sim.simulation.simulation_manager | Progress | frame=1610 | agents=32
2026-03-06 10:24:20,022 | INFO | evac_sim.simulation.simulation_manager | Progress | frame=1620 | agents=32
2026-03-06 10:24:20,043 | INFO | evac_sim.simulation.simulation_manager | Progress | frame=1630 | agents=32
2026-03-06 10:24:20,064 | INFO | evac_sim.simulation.simulation_manager | Progress | frame=1640 | agents=32
2026-03-06 10:24:20,090 | INFO | evac_sim.simulation.simulation_manager | Progress | frame=1650 | agents=32
2026-03-06 10:24:20,125 | INFO | evac_sim.simulation.simulation_manager | Progress | frame=1660 | agents=32
2026-03-06 10:24:20,147 | INFO | evac_sim.simulation.simulation_manager | Progress | frame=1670 | agents=32
2026-03-06 10:24:20,168 | INFO | evac_sim.simulation.simulation_manager | Progress | frame=1680 | agents=32
2026-03-06 10:24:20,189 | INFO | evac_sim.simulation.simulation_manager | Progress | frame=1690 | agents=32
2026-03-06 10:24:20,211 | INFO | evac_sim.simulation.simulation_manager | Progress | frame=1700 | agents=32
2026-03-06 10:24:20,245 | INFO | evac_sim.simulation.simulation_manager | Progress | frame=1710 | agents=32
2026-03-06 10:24:20,266 | INFO | evac_sim.simulation.simulation_manager | Progress | frame=1720 | agents=32
2026-03-06 10:24:20,288 | INFO | evac_sim.simulation.simulation_manager | Progress | frame=1730 | agents=32
2026-03-06 10:24:20,308 | INFO | evac_sim.simulation.simulation_manager | Progress | frame=1740 | agents=32
2026-03-06 10:24:20,329 | INFO | evac_sim.simulation.simulation_manager | Progress | frame=1750 | agents=32
2026-03-06 10:24:20,364 | INFO | evac_sim.simulation.simulation_manager | Progress | frame=1760 | agents=32
2026-03-06 10:24:20,386 | INFO | evac_sim.simulation.simulation_manager | Progress | frame=1770 | agents=32
2026-03-06 10:24:20,406 | INFO | evac_sim.simulation.simulation_manager | Progress | frame=1780 | agents=32
2026-03-06 10:24:20,428 | INFO | evac_sim.simulation.simulation_manager | Progress | frame=1790 | agents=32
2026-03-06 10:24:20,449 | INFO | evac_sim.simulation.simulation_manager | Progress | frame=1800 | agents=32
2026-03-06 10:24:20,483 | INFO | evac_sim.simulation.simulation_manager | Progress | frame=1810 | agents=32
2026-03-06 10:24:20,505 | INFO | evac_sim.simulation.simulation_manager | Progress | frame=1820 | agents=32
2026-03-06 10:24:20,526 | INFO | evac_sim.simulation.simulation_manager | Progress | frame=1830 | agents=32
2026-03-06 10:24:20,547 | INFO | evac_sim.simulation.simulation_manager | Progress | frame=1840 | agents=32
2026-03-06 10:24:20,568 | INFO | evac_sim.simulation.simulation_manager | Progress | frame=1850 | agents=32
2026-03-06 10:24:20,602 | INFO | evac_sim.simulation.simulation_manager | Progress | frame=1860 | agents=32
2026-03-06 10:24:20,624 | INFO | evac_sim.simulation.simulation_manager | Progress | frame=1870 | agents=32
2026-03-06 10:24:20,645 | INFO | evac_sim.simulation.simulation_manager | Progress | frame=1880 | agents=32
2026-03-06 10:24:20,666 | INFO | evac_sim.simulation.simulation_manager | Progress | frame=1890 | agents=32
2026-03-06 10:24:20,687 | INFO | evac_sim.simulation.simulation_manager | Progress | frame=1900 | agents=32
2026-03-06 10:24:20,721 | INFO | evac_sim.simulation.simulation_manager | Progress | frame=1910 | agents=32
2026-03-06 10:24:20,742 | INFO | evac_sim.simulation.simulation_manager | Progress | frame=1920 | agents=32
2026-03-06 10:24:20,764 | INFO | evac_sim.simulation.simulation_manager | Progress | frame=1930 | agents=32
2026-03-06 10:24:20,784 | INFO | evac_sim.simulation.simulation_manager | Progress | frame=1940 | agents=32
2026-03-06 10:24:20,805 | INFO | evac_sim.simulation.simulation_manager | Progress | frame=1950 | agents=32
2026-03-06 10:24:20,839 | INFO | evac_sim.simulation.simulation_manager | Progress | frame=1960 | agents=32
2026-03-06 10:24:20,860 | INFO | evac_sim.simulation.simulation_manager | Progress | frame=1970 | agents=32
2026-03-06 10:24:20,882 | INFO | evac_sim.simulation.simulation_manager | Progress | frame=1980 | agents=32
2026-03-06 10:24:20,902 | INFO | evac_sim.simulation.simulation_manager | Progress | frame=1990 | agents=32
2026-03-06 10:24:20,924 | INFO | evac_sim.simulation.simulation_manager | Progress | frame=2000 | agents=32
2026-03-06 10:24:20,959 | INFO | evac_sim.simulation.simulation_manager | Progress | frame=2010 | agents=32
2026-03-06 10:24:20,980 | INFO | evac_sim.simulation.simulation_manager | Progress | frame=2020 | agents=32
2026-03-06 10:24:21,001 | INFO | evac_sim.simulation.simulation_manager | Progress | frame=2030 | agents=32
2026-03-06 10:24:21,022 | INFO | evac_sim.simulation.simulation_manager | Progress | frame=2040 | agents=32
2026-03-06 10:24:21,043 | INFO | evac_sim.simulation.simulation_manager | Progress | frame=2050 | agents=32
2026-03-06 10:24:21,078 | INFO | evac_sim.simulation.simulation_manager | Progress | frame=2060 | agents=32
2026-03-06 10:24:21,098 | INFO | evac_sim.simulation.simulation_manager | Progress | frame=2070 | agents=32
2026-03-06 10:24:21,119 | INFO | evac_sim.simulation.simulation_manager | Progress | frame=2080 | agents=32
2026-03-06 10:24:21,140 | INFO | evac_sim.simulation.simulation_manager | Progress | frame=2090 | agents=32
2026-03-06 10:24:21,162 | INFO | evac_sim.simulation.simulation_manager | Progress | frame=2100 | agents=32
2026-03-06 10:24:21,196 | INFO | evac_sim.simulation.simulation_manager | Progress | frame=2110 | agents=32
2026-03-06 10:24:21,217 | INFO | evac_sim.simulation.simulation_manager | Progress | frame=2120 | agents=32
2026-03-06 10:24:21,238 | INFO | evac_sim.simulation.simulation_manager | Progress | frame=2130 | agents=32
2026-03-06 10:24:21,259 | INFO | evac_sim.simulation.simulation_manager | Progress | frame=2140 | agents=32
2026-03-06 10:24:21,279 | INFO | evac_sim.simulation.simulation_manager | Progress | frame=2150 | agents=32
2026-03-06 10:24:21,313 | INFO | evac_sim.simulation.simulation_manager | Progress | frame=2160 | agents=32
2026-03-06 10:24:21,335 | INFO | evac_sim.simulation.simulation_manager | Progress | frame=2170 | agents=32
2026-03-06 10:24:21,355 | INFO | evac_sim.simulation.simulation_manager | Progress | frame=2180 | agents=32
2026-03-06 10:24:21,376 | INFO | evac_sim.simulation.simulation_manager | Progress | frame=2190 | agents=32
2026-03-06 10:24:21,397 | INFO | evac_sim.simulation.simulation_manager | Progress | frame=2200 | agents=32
2026-03-06 10:24:21,521 | INFO | evac_sim.simulation.simulation_manager | Reroute applied | frame=2200 | group=82 | agents=5 | curr=54 next=55 | old_len=48 new_len=56
2026-03-06 10:24:21,935 | INFO | evac_sim.simulation.simulation_manager | Reroute applied | frame=2200 | group=83 | agents=5 | curr=139 next=140 | old_len=48 new_len=56
2026-03-06 10:24:22,480 | INFO | evac_sim.simulation.simulation_manager | Reroute applied | frame=2200 | group=92 | agents=10 | curr=157 next=156 | old_len=48 new_len=66
2026-03-06 10:24:22,502 | INFO | evac_sim.simulation.simulation_manager | Progress | frame=2210 | agents=32
2026-03-06 10:24:22,522 | INFO | evac_sim.simulation.simulation_manager | Progress | frame=2220 | agents=32
2026-03-06 10:24:22,543 | INFO | evac_sim.simulation.simulation_manager | Progress | frame=2230 | agents=32
2026-03-06 10:24:22,564 | INFO | evac_sim.simulation.simulation_manager | Progress | frame=2240 | agents=32
2026-03-06 10:24:22,584 | INFO | evac_sim.simulation.simulation_manager | Progress | frame=2250 | agents=32
2026-03-06 10:24:22,619 | INFO | evac_sim.simulation.simulation_manager | Progress | frame=2260 | agents=32
2026-03-06 10:24:22,640 | INFO | evac_sim.simulation.simulation_manager | Progress | frame=2270 | agents=32
2026-03-06 10:24:22,660 | INFO | evac_sim.simulation.simulation_manager | Progress | frame=2280 | agents=32
2026-03-06 10:24:22,680 | INFO | evac_sim.simulation.simulation_manager | Progress | frame=2290 | agents=32
2026-03-06 10:24:22,701 | INFO | evac_sim.simulation.simulation_manager | Progress | frame=2300 | agents=32
2026-03-06 10:24:22,734 | INFO | evac_sim.simulation.simulation_manager | Progress | frame=2310 | agents=32
2026-03-06 10:24:22,755 | INFO | evac_sim.simulation.simulation_manager | Progress | frame=2320 | agents=32
2026-03-06 10:24:22,775 | INFO | evac_sim.simulation.simulation_manager | Progress | frame=2330 | agents=32
2026-03-06 10:24:22,796 | INFO | evac_sim.simulation.simulation_manager | Progress | frame=2340 | agents=32
2026-03-06 10:24:22,817 | INFO | evac_sim.simulation.simulation_manager | Progress | frame=2350 | agents=32
2026-03-06 10:24:22,852 | INFO | evac_sim.simulation.simulation_manager | Progress | frame=2360 | agents=32
2026-03-06 10:24:22,873 | INFO | evac_sim.simulation.simulation_manager | Progress | frame=2370 | agents=32
2026-03-06 10:24:22,894 | INFO | evac_sim.simulation.simulation_manager | Progress | frame=2380 | agents=32
2026-03-06 10:24:22,913 | INFO | evac_sim.simulation.simulation_manager | Progress | frame=2390 | agents=32
2026-03-06 10:24:22,936 | INFO | evac_sim.simulation.simulation_manager | Progress | frame=2400 | agents=32
2026-03-06 10:24:22,969 | INFO | evac_sim.simulation.simulation_manager | Progress | frame=2410 | agents=32
2026-03-06 10:24:22,990 | INFO | evac_sim.simulation.simulation_manager | Progress | frame=2420 | agents=32
2026-03-06 10:24:23,012 | INFO | evac_sim.simulation.simulation_manager | Progress | frame=2430 | agents=32
2026-03-06 10:24:23,032 | INFO | evac_sim.simulation.simulation_manager | Progress | frame=2440 | agents=32
2026-03-06 10:24:23,052 | INFO | evac_sim.simulation.simulation_manager | Progress | frame=2450 | agents=32
2026-03-06 10:24:23,090 | INFO | evac_sim.simulation.simulation_manager | Progress | frame=2460 | agents=32
2026-03-06 10:24:23,114 | INFO | evac_sim.simulation.simulation_manager | Progress | frame=2470 | agents=32
2026-03-06 10:24:23,140 | INFO | evac_sim.simulation.simulation_manager | Progress | frame=2480 | agents=31
2026-03-06 10:24:23,165 | INFO | evac_sim.simulation.simulation_manager | Progress | frame=2490 | agents=31
2026-03-06 10:24:23,189 | INFO | evac_sim.simulation.simulation_manager | Progress | frame=2500 | agents=31
2026-03-06 10:24:23,227 | INFO | evac_sim.simulation.simulation_manager | Progress | frame=2510 | agents=31
2026-03-06 10:24:23,250 | INFO | evac_sim.simulation.simulation_manager | Progress | frame=2520 | agents=31
2026-03-06 10:24:23,270 | INFO | evac_sim.simulation.simulation_manager | Progress | frame=2530 | agents=31
2026-03-06 10:24:23,291 | INFO | evac_sim.simulation.simulation_manager | Progress | frame=2540 | agents=31
2026-03-06 10:24:23,312 | INFO | evac_sim.simulation.simulation_manager | Progress | frame=2550 | agents=31
2026-03-06 10:24:23,346 | INFO | evac_sim.simulation.simulation_manager | Progress | frame=2560 | agents=30
2026-03-06 10:24:23,366 | INFO | evac_sim.simulation.simulation_manager | Progress | frame=2570 | agents=30
2026-03-06 10:24:23,386 | INFO | evac_sim.simulation.simulation_manager | Progress | frame=2580 | agents=30
2026-03-06 10:24:23,407 | INFO | evac_sim.simulation.simulation_manager | Progress | frame=2590 | agents=30
2026-03-06 10:24:23,428 | INFO | evac_sim.simulation.simulation_manager | Progress | frame=2600 | agents=30
2026-03-06 10:24:23,461 | INFO | evac_sim.simulation.simulation_manager | Progress | frame=2610 | agents=30
2026-03-06 10:24:23,482 | INFO | evac_sim.simulation.simulation_manager | Progress | frame=2620 | agents=29
2026-03-06 10:24:23,502 | INFO | evac_sim.simulation.simulation_manager | Progress | frame=2630 | agents=29
2026-03-06 10:24:23,522 | INFO | evac_sim.simulation.simulation_manager | Progress | frame=2640 | agents=29
2026-03-06 10:24:23,542 | INFO | evac_sim.simulation.simulation_manager | Progress | frame=2650 | agents=29
2026-03-06 10:24:23,576 | INFO | evac_sim.simulation.simulation_manager | Progress | frame=2660 | agents=29
2026-03-06 10:24:23,596 | INFO | evac_sim.simulation.simulation_manager | Progress | frame=2670 | agents=28
2026-03-06 10:24:23,615 | INFO | evac_sim.simulation.simulation_manager | Progress | frame=2680 | agents=28
2026-03-06 10:24:23,635 | INFO | evac_sim.simulation.simulation_manager | Progress | frame=2690 | agents=28
2026-03-06 10:24:23,655 | INFO | evac_sim.simulation.simulation_manager | Progress | frame=2700 | agents=28
2026-03-06 10:24:23,689 | INFO | evac_sim.simulation.simulation_manager | Progress | frame=2710 | agents=28
2026-03-06 10:24:23,709 | INFO | evac_sim.simulation.simulation_manager | Progress | frame=2720 | agents=28
2026-03-06 10:24:23,730 | INFO | evac_sim.simulation.simulation_manager | Progress | frame=2730 | agents=27
2026-03-06 10:24:23,749 | INFO | evac_sim.simulation.simulation_manager | Progress | frame=2740 | agents=27
2026-03-06 10:24:23,770 | INFO | evac_sim.simulation.simulation_manager | Progress | frame=2750 | agents=27
2026-03-06 10:24:23,803 | INFO | evac_sim.simulation.simulation_manager | Progress | frame=2760 | agents=27
2026-03-06 10:24:23,823 | INFO | evac_sim.simulation.simulation_manager | Progress | frame=2770 | agents=27
2026-03-06 10:24:23,843 | INFO | evac_sim.simulation.simulation_manager | Progress | frame=2780 | agents=26
2026-03-06 10:24:23,862 | INFO | evac_sim.simulation.simulation_manager | Progress | frame=2790 | agents=26
2026-03-06 10:24:23,882 | INFO | evac_sim.simulation.simulation_manager | Progress | frame=2800 | agents=26
2026-03-06 10:24:23,913 | INFO | evac_sim.simulation.simulation_manager | Progress | frame=2810 | agents=26
2026-03-06 10:24:23,933 | INFO | evac_sim.simulation.simulation_manager | Progress | frame=2820 | agents=26
2026-03-06 10:24:23,952 | INFO | evac_sim.simulation.simulation_manager | Progress | frame=2830 | agents=26
2026-03-06 10:24:23,974 | INFO | evac_sim.simulation.simulation_manager | Progress | frame=2840 | agents=26
2026-03-06 10:24:23,994 | INFO | evac_sim.simulation.simulation_manager | Progress | frame=2850 | agents=26
2026-03-06 10:24:24,023 | INFO | evac_sim.simulation.simulation_manager | Progress | frame=2860 | agents=25
2026-03-06 10:24:24,043 | INFO | evac_sim.simulation.simulation_manager | Progress | frame=2870 | agents=25
2026-03-06 10:24:24,062 | INFO | evac_sim.simulation.simulation_manager | Progress | frame=2880 | agents=25
2026-03-06 10:24:24,082 | INFO | evac_sim.simulation.simulation_manager | Progress | frame=2890 | agents=25
2026-03-06 10:24:24,101 | INFO | evac_sim.simulation.simulation_manager | Progress | frame=2900 | agents=25
2026-03-06 10:24:24,131 | INFO | evac_sim.simulation.simulation_manager | Progress | frame=2910 | agents=25
2026-03-06 10:24:24,151 | INFO | evac_sim.simulation.simulation_manager | Progress | frame=2920 | agents=24
2026-03-06 10:24:24,171 | INFO | evac_sim.simulation.simulation_manager | Progress | frame=2930 | agents=24
2026-03-06 10:24:24,191 | INFO | evac_sim.simulation.simulation_manager | Progress | frame=2940 | agents=24
2026-03-06 10:24:24,210 | INFO | evac_sim.simulation.simulation_manager | Progress | frame=2950 | agents=24
2026-03-06 10:24:24,239 | INFO | evac_sim.simulation.simulation_manager | Progress | frame=2960 | agents=24
2026-03-06 10:24:24,259 | INFO | evac_sim.simulation.simulation_manager | Progress | frame=2970 | agents=23
2026-03-06 10:24:24,278 | INFO | evac_sim.simulation.simulation_manager | Progress | frame=2980 | agents=23
2026-03-06 10:24:24,298 | INFO | evac_sim.simulation.simulation_manager | Progress | frame=2990 | agents=23
2026-03-06 10:24:24,317 | INFO | evac_sim.simulation.simulation_manager | Progress | frame=3000 | agents=23
2026-03-06 10:24:24,347 | INFO | evac_sim.simulation.simulation_manager | Progress | frame=3010 | agents=23
2026-03-06 10:24:24,368 | INFO | evac_sim.simulation.simulation_manager | Progress | frame=3020 | agents=23
2026-03-06 10:24:24,387 | INFO | evac_sim.simulation.simulation_manager | Progress | frame=3030 | agents=22
2026-03-06 10:24:24,406 | INFO | evac_sim.simulation.simulation_manager | Progress | frame=3040 | agents=22
2026-03-06 10:24:24,426 | INFO | evac_sim.simulation.simulation_manager | Progress | frame=3050 | agents=22
2026-03-06 10:24:24,456 | INFO | evac_sim.simulation.simulation_manager | Progress | frame=3060 | agents=22
2026-03-06 10:24:24,475 | INFO | evac_sim.simulation.simulation_manager | Progress | frame=3070 | agents=22
2026-03-06 10:24:24,494 | INFO | evac_sim.simulation.simulation_manager | Progress | frame=3080 | agents=21
2026-03-06 10:24:24,514 | INFO | evac_sim.simulation.simulation_manager | Progress | frame=3090 | agents=21
2026-03-06 10:24:24,533 | INFO | evac_sim.simulation.simulation_manager | Progress | frame=3100 | agents=21
2026-03-06 10:24:24,564 | INFO | evac_sim.simulation.simulation_manager | Progress | frame=3110 | agents=21
2026-03-06 10:24:24,583 | INFO | evac_sim.simulation.simulation_manager | Progress | frame=3120 | agents=21
2026-03-06 10:24:24,601 | INFO | evac_sim.simulation.simulation_manager | Progress | frame=3130 | agents=21
2026-03-06 10:24:24,621 | INFO | evac_sim.simulation.simulation_manager | Progress | frame=3140 | agents=21
2026-03-06 10:24:24,640 | INFO | evac_sim.simulation.simulation_manager | Progress | frame=3150 | agents=21
2026-03-06 10:24:24,669 | INFO | evac_sim.simulation.simulation_manager | Progress | frame=3160 | agents=20
2026-03-06 10:24:24,688 | INFO | evac_sim.simulation.simulation_manager | Progress | frame=3170 | agents=20
2026-03-06 10:24:24,708 | INFO | evac_sim.simulation.simulation_manager | Progress | frame=3180 | agents=20
2026-03-06 10:24:24,727 | INFO | evac_sim.simulation.simulation_manager | Progress | frame=3190 | agents=20
2026-03-06 10:24:24,745 | INFO | evac_sim.simulation.simulation_manager | Progress | frame=3200 | agents=20
2026-03-06 10:24:24,772 | INFO | evac_sim.simulation.simulation_manager | Progress | frame=3210 | agents=20
2026-03-06 10:24:24,791 | INFO | evac_sim.simulation.simulation_manager | Progress | frame=3220 | agents=20
2026-03-06 10:24:24,811 | INFO | evac_sim.simulation.simulation_manager | Progress | frame=3230 | agents=20
2026-03-06 10:24:24,831 | INFO | evac_sim.simulation.simulation_manager | Progress | frame=3240 | agents=20
2026-03-06 10:24:24,849 | INFO | evac_sim.simulation.simulation_manager | Progress | frame=3250 | agents=20
2026-03-06 10:24:24,877 | INFO | evac_sim.simulation.simulation_manager | Progress | frame=3260 | agents=20
2026-03-06 10:24:24,896 | INFO | evac_sim.simulation.simulation_manager | Progress | frame=3270 | agents=20
2026-03-06 10:24:24,915 | INFO | evac_sim.simulation.simulation_manager | Progress | frame=3280 | agents=20
2026-03-06 10:24:24,934 | INFO | evac_sim.simulation.simulation_manager | Progress | frame=3290 | agents=20
2026-03-06 10:24:24,953 | INFO | evac_sim.simulation.simulation_manager | Progress | frame=3300 | agents=20
2026-03-06 10:24:24,980 | INFO | evac_sim.simulation.simulation_manager | Progress | frame=3310 | agents=20
2026-03-06 10:24:24,999 | INFO | evac_sim.simulation.simulation_manager | Progress | frame=3320 | agents=20
2026-03-06 10:24:25,018 | INFO | evac_sim.simulation.simulation_manager | Progress | frame=3330 | agents=20
2026-03-06 10:24:25,037 | INFO | evac_sim.simulation.simulation_manager | Progress | frame=3340 | agents=20
2026-03-06 10:24:25,055 | INFO | evac_sim.simulation.simulation_manager | Progress | frame=3350 | agents=20
2026-03-06 10:24:25,082 | INFO | evac_sim.simulation.simulation_manager | Progress | frame=3360 | agents=20
2026-03-06 10:24:25,107 | INFO | evac_sim.simulation.simulation_manager | Progress | frame=3370 | agents=20
2026-03-06 10:24:25,125 | INFO | evac_sim.simulation.simulation_manager | Progress | frame=3380 | agents=20
2026-03-06 10:24:25,144 | INFO | evac_sim.simulation.simulation_manager | Progress | frame=3390 | agents=20
2026-03-06 10:24:25,163 | INFO | evac_sim.simulation.simulation_manager | Progress | frame=3400 | agents=20
2026-03-06 10:24:25,190 | INFO | evac_sim.simulation.simulation_manager | Progress | frame=3410 | agents=20
2026-03-06 10:24:25,209 | INFO | evac_sim.simulation.simulation_manager | Progress | frame=3420 | agents=20
2026-03-06 10:24:25,229 | INFO | evac_sim.simulation.simulation_manager | Progress | frame=3430 | agents=20
2026-03-06 10:24:25,248 | INFO | evac_sim.simulation.simulation_manager | Progress | frame=3440 | agents=20
2026-03-06 10:24:25,266 | INFO | evac_sim.simulation.simulation_manager | Progress | frame=3450 | agents=20
2026-03-06 10:24:25,293 | INFO | evac_sim.simulation.simulation_manager | Progress | frame=3460 | agents=20
2026-03-06 10:24:25,312 | INFO | evac_sim.simulation.simulation_manager | Progress | frame=3470 | agents=20
2026-03-06 10:24:25,333 | INFO | evac_sim.simulation.simulation_manager | Progress | frame=3480 | agents=20
2026-03-06 10:24:25,352 | INFO | evac_sim.simulation.simulation_manager | Progress | frame=3490 | agents=20
2026-03-06 10:24:25,370 | INFO | evac_sim.simulation.simulation_manager | Progress | frame=3500 | agents=20
2026-03-06 10:24:25,397 | INFO | evac_sim.simulation.simulation_manager | Progress | frame=3510 | agents=20
2026-03-06 10:24:25,415 | INFO | evac_sim.simulation.simulation_manager | Progress | frame=3520 | agents=20
2026-03-06 10:24:25,434 | INFO | evac_sim.simulation.simulation_manager | Progress | frame=3530 | agents=20
2026-03-06 10:24:25,453 | INFO | evac_sim.simulation.simulation_manager | Progress | frame=3540 | agents=20
2026-03-06 10:24:25,472 | INFO | evac_sim.simulation.simulation_manager | Progress | frame=3550 | agents=20
2026-03-06 10:24:25,498 | INFO | evac_sim.simulation.simulation_manager | Progress | frame=3560 | agents=20
2026-03-06 10:24:25,516 | INFO | evac_sim.simulation.simulation_manager | Progress | frame=3570 | agents=20
2026-03-06 10:24:25,536 | INFO | evac_sim.simulation.simulation_manager | Progress | frame=3580 | agents=20
2026-03-06 10:24:25,554 | INFO | evac_sim.simulation.simulation_manager | Progress | frame=3590 | agents=20
2026-03-06 10:24:25,573 | INFO | evac_sim.simulation.simulation_manager | Progress | frame=3600 | agents=20
2026-03-06 10:24:25,601 | INFO | evac_sim.simulation.simulation_manager | Progress | frame=3610 | agents=20
2026-03-06 10:24:25,620 | INFO | evac_sim.simulation.simulation_manager | Progress | frame=3620 | agents=20
2026-03-06 10:24:25,639 | INFO | evac_sim.simulation.simulation_manager | Progress | frame=3630 | agents=20
2026-03-06 10:24:25,657 | INFO | evac_sim.simulation.simulation_manager | Progress | frame=3640 | agents=20
2026-03-06 10:24:25,676 | INFO | evac_sim.simulation.simulation_manager | Progress | frame=3650 | agents=20
2026-03-06 10:24:25,702 | INFO | evac_sim.simulation.simulation_manager | Progress | frame=3660 | agents=20
2026-03-06 10:24:25,721 | INFO | evac_sim.simulation.simulation_manager | Progress | frame=3670 | agents=20
2026-03-06 10:24:25,740 | INFO | evac_sim.simulation.simulation_manager | Progress | frame=3680 | agents=20
2026-03-06 10:24:25,760 | INFO | evac_sim.simulation.simulation_manager | Progress | frame=3690 | agents=20
2026-03-06 10:24:25,779 | INFO | evac_sim.simulation.simulation_manager | Progress | frame=3700 | agents=20
2026-03-06 10:24:25,805 | INFO | evac_sim.simulation.simulation_manager | Progress | frame=3710 | agents=20
2026-03-06 10:24:25,825 | INFO | evac_sim.simulation.simulation_manager | Progress | frame=3720 | agents=20
2026-03-06 10:24:25,844 | INFO | evac_sim.simulation.simulation_manager | Progress | frame=3730 | agents=20
2026-03-06 10:24:25,863 | INFO | evac_sim.simulation.simulation_manager | Progress | frame=3740 | agents=20
2026-03-06 10:24:25,881 | INFO | evac_sim.simulation.simulation_manager | Progress | frame=3750 | agents=20
2026-03-06 10:24:25,909 | INFO | evac_sim.simulation.simulation_manager | Progress | frame=3760 | agents=20
2026-03-06 10:24:25,927 | INFO | evac_sim.simulation.simulation_manager | Progress | frame=3770 | agents=20
2026-03-06 10:24:25,946 | INFO | evac_sim.simulation.simulation_manager | Progress | frame=3780 | agents=20
2026-03-06 10:24:25,965 | INFO | evac_sim.simulation.simulation_manager | Progress | frame=3790 | agents=20
2026-03-06 10:24:25,986 | INFO | evac_sim.simulation.simulation_manager | Progress | frame=3800 | agents=20
2026-03-06 10:24:26,013 | INFO | evac_sim.simulation.simulation_manager | Progress | frame=3810 | agents=20
2026-03-06 10:24:26,033 | INFO | evac_sim.simulation.simulation_manager | Progress | frame=3820 | agents=20
2026-03-06 10:24:26,052 | INFO | evac_sim.simulation.simulation_manager | Progress | frame=3830 | agents=20
2026-03-06 10:24:26,071 | INFO | evac_sim.simulation.simulation_manager | Progress | frame=3840 | agents=20
2026-03-06 10:24:26,089 | INFO | evac_sim.simulation.simulation_manager | Progress | frame=3850 | agents=20
2026-03-06 10:24:26,117 | INFO | evac_sim.simulation.simulation_manager | Progress | frame=3860 | agents=20
2026-03-06 10:24:26,136 | INFO | evac_sim.simulation.simulation_manager | Progress | frame=3870 | agents=20
2026-03-06 10:24:26,155 | INFO | evac_sim.simulation.simulation_manager | Progress | frame=3880 | agents=20
2026-03-06 10:24:26,174 | INFO | evac_sim.simulation.simulation_manager | Progress | frame=3890 | agents=20
2026-03-06 10:24:26,193 | INFO | evac_sim.simulation.simulation_manager | Progress | frame=3900 | agents=20
2026-03-06 10:24:26,220 | INFO | evac_sim.simulation.simulation_manager | Progress | frame=3910 | agents=20
2026-03-06 10:24:26,239 | INFO | evac_sim.simulation.simulation_manager | Progress | frame=3920 | agents=20
2026-03-06 10:24:26,258 | INFO | evac_sim.simulation.simulation_manager | Progress | frame=3930 | agents=20
2026-03-06 10:24:26,277 | INFO | evac_sim.simulation.simulation_manager | Progress | frame=3940 | agents=20
2026-03-06 10:24:26,296 | INFO | evac_sim.simulation.simulation_manager | Progress | frame=3950 | agents=20
2026-03-06 10:24:26,323 | INFO | evac_sim.simulation.simulation_manager | Progress | frame=3960 | agents=20
2026-03-06 10:24:26,342 | INFO | evac_sim.simulation.simulation_manager | Progress | frame=3970 | agents=20
2026-03-06 10:24:26,361 | INFO | evac_sim.simulation.simulation_manager | Progress | frame=3980 | agents=20
2026-03-06 10:24:26,380 | INFO | evac_sim.simulation.simulation_manager | Progress | frame=3990 | agents=20
2026-03-06 10:24:26,399 | INFO | evac_sim.simulation.simulation_manager | Progress | frame=4000 | agents=20
2026-03-06 10:24:26,427 | INFO | evac_sim.simulation.simulation_manager | Progress | frame=4010 | agents=20
2026-03-06 10:24:26,447 | INFO | evac_sim.simulation.simulation_manager | Progress | frame=4020 | agents=19
2026-03-06 10:24:26,466 | INFO | evac_sim.simulation.simulation_manager | Progress | frame=4030 | agents=19
2026-03-06 10:24:26,485 | INFO | evac_sim.simulation.simulation_manager | Progress | frame=4040 | agents=19
2026-03-06 10:24:26,504 | INFO | evac_sim.simulation.simulation_manager | Progress | frame=4050 | agents=19
2026-03-06 10:24:26,531 | INFO | evac_sim.simulation.simulation_manager | Progress | frame=4060 | agents=19
2026-03-06 10:24:26,550 | INFO | evac_sim.simulation.simulation_manager | Progress | frame=4070 | agents=18
2026-03-06 10:24:26,568 | INFO | evac_sim.simulation.simulation_manager | Progress | frame=4080 | agents=18
2026-03-06 10:24:26,588 | INFO | evac_sim.simulation.simulation_manager | Progress | frame=4090 | agents=18
2026-03-06 10:24:26,606 | INFO | evac_sim.simulation.simulation_manager | Progress | frame=4100 | agents=18
2026-03-06 10:24:26,635 | INFO | evac_sim.simulation.simulation_manager | Progress | frame=4110 | agents=17
2026-03-06 10:24:26,653 | INFO | evac_sim.simulation.simulation_manager | Progress | frame=4120 | agents=17
2026-03-06 10:24:26,673 | INFO | evac_sim.simulation.simulation_manager | Progress | frame=4130 | agents=17
2026-03-06 10:24:26,694 | INFO | evac_sim.simulation.simulation_manager | Progress | frame=4140 | agents=17
2026-03-06 10:24:26,713 | INFO | evac_sim.simulation.simulation_manager | Progress | frame=4150 | agents=17
2026-03-06 10:24:26,739 | INFO | evac_sim.simulation.simulation_manager | Progress | frame=4160 | agents=16
2026-03-06 10:24:26,757 | INFO | evac_sim.simulation.simulation_manager | Progress | frame=4170 | agents=16
2026-03-06 10:24:26,775 | INFO | evac_sim.simulation.simulation_manager | Progress | frame=4180 | agents=16
2026-03-06 10:24:26,794 | INFO | evac_sim.simulation.simulation_manager | Progress | frame=4190 | agents=16
2026-03-06 10:24:26,813 | INFO | evac_sim.simulation.simulation_manager | Progress | frame=4200 | agents=16
2026-03-06 10:24:26,839 | INFO | evac_sim.simulation.simulation_manager | Progress | frame=4210 | agents=15
2026-03-06 10:24:26,858 | INFO | evac_sim.simulation.simulation_manager | Progress | frame=4220 | agents=15
2026-03-06 10:24:26,877 | INFO | evac_sim.simulation.simulation_manager | Progress | frame=4230 | agents=15
2026-03-06 10:24:26,896 | INFO | evac_sim.simulation.simulation_manager | Progress | frame=4240 | agents=15
2026-03-06 10:24:26,915 | INFO | evac_sim.simulation.simulation_manager | Progress | frame=4250 | agents=14
2026-03-06 10:24:26,941 | INFO | evac_sim.simulation.simulation_manager | Progress | frame=4260 | agents=14
2026-03-06 10:24:26,960 | INFO | evac_sim.simulation.simulation_manager | Progress | frame=4270 | agents=14
2026-03-06 10:24:26,978 | INFO | evac_sim.simulation.simulation_manager | Progress | frame=4280 | agents=14
2026-03-06 10:24:26,998 | INFO | evac_sim.simulation.simulation_manager | Progress | frame=4290 | agents=14
2026-03-06 10:24:27,015 | INFO | evac_sim.simulation.simulation_manager | Progress | frame=4300 | agents=13
2026-03-06 10:24:27,043 | INFO | evac_sim.simulation.simulation_manager | Progress | frame=4310 | agents=13
2026-03-06 10:24:27,061 | INFO | evac_sim.simulation.simulation_manager | Progress | frame=4320 | agents=13
2026-03-06 10:24:27,080 | INFO | evac_sim.simulation.simulation_manager | Progress | frame=4330 | agents=13
2026-03-06 10:24:27,097 | INFO | evac_sim.simulation.simulation_manager | Progress | frame=4340 | agents=12
2026-03-06 10:24:27,115 | INFO | evac_sim.simulation.simulation_manager | Progress | frame=4350 | agents=12
2026-03-06 10:24:27,143 | INFO | evac_sim.simulation.simulation_manager | Progress | frame=4360 | agents=12
2026-03-06 10:24:27,161 | INFO | evac_sim.simulation.simulation_manager | Progress | frame=4370 | agents=12
2026-03-06 10:24:27,179 | INFO | evac_sim.simulation.simulation_manager | Progress | frame=4380 | agents=12
2026-03-06 10:24:27,198 | INFO | evac_sim.simulation.simulation_manager | Progress | frame=4390 | agents=11
2026-03-06 10:24:27,217 | INFO | evac_sim.simulation.simulation_manager | Progress | frame=4400 | agents=11
2026-03-06 10:24:27,243 | INFO | evac_sim.simulation.simulation_manager | Progress | frame=4410 | agents=11
2026-03-06 10:24:27,261 | INFO | evac_sim.simulation.simulation_manager | Progress | frame=4420 | agents=11
2026-03-06 10:24:27,280 | INFO | evac_sim.simulation.simulation_manager | Progress | frame=4430 | agents=10
2026-03-06 10:24:27,297 | INFO | evac_sim.simulation.simulation_manager | Progress | frame=4440 | agents=10
2026-03-06 10:24:27,316 | INFO | evac_sim.simulation.simulation_manager | Progress | frame=4450 | agents=10
2026-03-06 10:24:27,341 | INFO | evac_sim.simulation.simulation_manager | Progress | frame=4460 | agents=10
2026-03-06 10:24:27,359 | INFO | evac_sim.simulation.simulation_manager | Progress | frame=4470 | agents=10
2026-03-06 10:24:27,379 | INFO | evac_sim.simulation.simulation_manager | Progress | frame=4480 | agents=9
2026-03-06 10:24:27,397 | INFO | evac_sim.simulation.simulation_manager | Progress | frame=4490 | agents=9
2026-03-06 10:24:27,415 | INFO | evac_sim.simulation.simulation_manager | Progress | frame=4500 | agents=9
2026-03-06 10:24:27,441 | INFO | evac_sim.simulation.simulation_manager | Progress | frame=4510 | agents=9
2026-03-06 10:24:27,460 | INFO | evac_sim.simulation.simulation_manager | Progress | frame=4520 | agents=8
2026-03-06 10:24:27,478 | INFO | evac_sim.simulation.simulation_manager | Progress | frame=4530 | agents=8
2026-03-06 10:24:27,497 | INFO | evac_sim.simulation.simulation_manager | Progress | frame=4540 | agents=8
2026-03-06 10:24:27,515 | INFO | evac_sim.simulation.simulation_manager | Progress | frame=4550 | agents=8
2026-03-06 10:24:27,542 | INFO | evac_sim.simulation.simulation_manager | Progress | frame=4560 | agents=8
2026-03-06 10:24:27,560 | INFO | evac_sim.simulation.simulation_manager | Progress | frame=4570 | agents=7
2026-03-06 10:24:27,578 | INFO | evac_sim.simulation.simulation_manager | Progress | frame=4580 | agents=7
2026-03-06 10:24:27,597 | INFO | evac_sim.simulation.simulation_manager | Progress | frame=4590 | agents=7
2026-03-06 10:24:27,615 | INFO | evac_sim.simulation.simulation_manager | Progress | frame=4600 | agents=7
2026-03-06 10:24:27,641 | INFO | evac_sim.simulation.simulation_manager | Progress | frame=4610 | agents=7
2026-03-06 10:24:27,660 | INFO | evac_sim.simulation.simulation_manager | Progress | frame=4620 | agents=6
2026-03-06 10:24:27,677 | INFO | evac_sim.simulation.simulation_manager | Progress | frame=4630 | agents=6
2026-03-06 10:24:27,695 | INFO | evac_sim.simulation.simulation_manager | Progress | frame=4640 | agents=6
2026-03-06 10:24:27,712 | INFO | evac_sim.simulation.simulation_manager | Progress | frame=4650 | agents=6
2026-03-06 10:24:27,738 | INFO | evac_sim.simulation.simulation_manager | Progress | frame=4660 | agents=5
2026-03-06 10:24:27,756 | INFO | evac_sim.simulation.simulation_manager | Progress | frame=4670 | agents=5
2026-03-06 10:24:27,773 | INFO | evac_sim.simulation.simulation_manager | Progress | frame=4680 | agents=5
2026-03-06 10:24:27,790 | INFO | evac_sim.simulation.simulation_manager | Progress | frame=4690 | agents=5
2026-03-06 10:24:27,808 | INFO | evac_sim.simulation.simulation_manager | Progress | frame=4700 | agents=5
2026-03-06 10:24:27,834 | INFO | evac_sim.simulation.simulation_manager | Progress | frame=4710 | agents=4
2026-03-06 10:24:27,852 | INFO | evac_sim.simulation.simulation_manager | Progress | frame=4720 | agents=4
2026-03-06 10:24:27,870 | INFO | evac_sim.simulation.simulation_manager | Progress | frame=4730 | agents=4
2026-03-06 10:24:27,888 | INFO | evac_sim.simulation.simulation_manager | Progress | frame=4740 | agents=4
2026-03-06 10:24:27,906 | INFO | evac_sim.simulation.simulation_manager | Progress | frame=4750 | agents=3
2026-03-06 10:24:27,929 | INFO | evac_sim.simulation.simulation_manager | Progress | frame=4760 | agents=3
2026-03-06 10:24:27,946 | INFO | evac_sim.simulation.simulation_manager | Progress | frame=4770 | agents=3
2026-03-06 10:24:27,965 | INFO | evac_sim.simulation.simulation_manager | Progress | frame=4780 | agents=3
2026-03-06 10:24:27,983 | INFO | evac_sim.simulation.simulation_manager | Progress | frame=4790 | agents=3
2026-03-06 10:24:28,000 | INFO | evac_sim.simulation.simulation_manager | Progress | frame=4800 | agents=2
2026-03-06 10:24:28,021 | INFO | evac_sim.simulation.simulation_manager | Progress | frame=4810 | agents=2
2026-03-06 10:24:28,038 | INFO | evac_sim.simulation.simulation_manager | Progress | frame=4820 | agents=2
2026-03-06 10:24:28,058 | INFO | evac_sim.simulation.simulation_manager | Progress | frame=4830 | agents=2
2026-03-06 10:24:28,075 | INFO | evac_sim.simulation.simulation_manager | Progress | frame=4840 | agents=1
2026-03-06 10:24:28,092 | INFO | evac_sim.simulation.simulation_manager | Progress | frame=4850 | agents=1
2026-03-06 10:24:28,111 | INFO | evac_sim.simulation.simulation_manager | Progress | frame=4860 | agents=1
2026-03-06 10:24:28,128 | INFO | evac_sim.simulation.simulation_manager | Progress | frame=4870 | agents=1
2026-03-06 10:24:28,145 | INFO | evac_sim.simulation.simulation_manager | Progress | frame=4880 | agents=1
2026-03-06 10:24:28,148 | INFO | evac_sim.simulation.simulation_manager | Simulation end | last_frame=4882
2026-03-06 10:24:28,179 | INFO | evac_sim.runner | Metrics preview | mode=1 group=82 agents=5 min=12462.000 avg=13718.400 median=13557.000 p90=14590.800 max=14646.000
2026-03-06 10:24:28,188 | INFO | evac_sim.runner | Metrics preview | mode=1 group=83 agents=5 min=12039.000 avg=12896.400 median=12738.000 p90=13856.400 max=14238.000
2026-03-06 10:24:28,197 | INFO | evac_sim.runner | Metrics preview | mode=1 group=73 agents=6 min=7416.000 avg=7900.000 median=7915.500 p90=8245.500 max=8328.000
2026-03-06 10:24:28,207 | INFO | evac_sim.runner | Metrics preview | mode=1 group=77 agents=6 min=8565.000 avg=8991.000 median=8980.500 p90=9343.500 max=9462.000
2026-03-06 10:24:28,220 | INFO | evac_sim.runner | Metrics preview | mode=1 group=92 agents=10 min=12324.000 avg=13391.400 median=13419.000 p90=14127.300 max=14373.000
2026-03-06 10:24:28,222 | INFO | evac_sim.runner | Finished mode=1
2026-03-06 10:24:28,222 | INFO | evac_sim.runner | Mode start | mode=2 env=Cruise_Ship case=unknown
2026-03-06 10:24:28,283 | INFO | evac_sim.simulation.simulation_manager | Simulation start | agents=32
2026-03-06 10:24:28,321 | INFO | evac_sim.simulation.simulation_manager | Progress | frame=10 | agents=32
2026-03-06 10:24:28,342 | INFO | evac_sim.simulation.simulation_manager | Progress | frame=20 | agents=32
2026-03-06 10:24:28,363 | INFO | evac_sim.simulation.simulation_manager | Progress | frame=30 | agents=32
2026-03-06 10:24:28,385 | INFO | evac_sim.simulation.simulation_manager | Progress | frame=40 | agents=32
2026-03-06 10:24:28,406 | INFO | evac_sim.simulation.simulation_manager | Progress | frame=50 | agents=32
2026-03-06 10:24:28,441 | INFO | evac_sim.simulation.simulation_manager | Progress | frame=60 | agents=32
2026-03-06 10:24:28,462 | INFO | evac_sim.simulation.simulation_manager | Progress | frame=70 | agents=32
2026-03-06 10:24:28,484 | INFO | evac_sim.simulation.simulation_manager | Progress | frame=80 | agents=32
2026-03-06 10:24:28,506 | INFO | evac_sim.simulation.simulation_manager | Progress | frame=90 | agents=32
2026-03-06 10:24:28,528 | INFO | evac_sim.simulation.simulation_manager | Progress | frame=100 | agents=32
2026-03-06 10:24:28,563 | INFO | evac_sim.simulation.simulation_manager | Progress | frame=110 | agents=32
2026-03-06 10:24:28,591 | INFO | evac_sim.simulation.simulation_manager | Progress | frame=120 | agents=32
2026-03-06 10:24:28,617 | INFO | evac_sim.simulation.simulation_manager | Progress | frame=130 | agents=32
2026-03-06 10:24:28,641 | INFO | evac_sim.simulation.simulation_manager | Progress | frame=140 | agents=32
2026-03-06 10:24:28,665 | INFO | evac_sim.simulation.simulation_manager | Progress | frame=150 | agents=32
2026-03-06 10:24:28,715 | INFO | evac_sim.simulation.simulation_manager | Progress | frame=160 | agents=32
2026-03-06 10:24:28,747 | INFO | evac_sim.simulation.simulation_manager | Progress | frame=170 | agents=32
2026-03-06 10:24:28,774 | INFO | evac_sim.simulation.simulation_manager | Progress | frame=180 | agents=32
2026-03-06 10:24:28,802 | INFO | evac_sim.simulation.simulation_manager | Progress | frame=190 | agents=32
2026-03-06 10:24:28,825 | INFO | evac_sim.simulation.simulation_manager | Progress | frame=200 | agents=32
2026-03-06 10:24:28,866 | INFO | evac_sim.simulation.simulation_manager | Progress | frame=210 | agents=32
2026-03-06 10:24:28,895 | INFO | evac_sim.simulation.simulation_manager | Progress | frame=220 | agents=32
2026-03-06 10:24:28,919 | INFO | evac_sim.simulation.simulation_manager | Progress | frame=230 | agents=32
2026-03-06 10:24:28,951 | INFO | evac_sim.simulation.simulation_manager | Progress | frame=240 | agents=32
2026-03-06 10:24:28,978 | INFO | evac_sim.simulation.simulation_manager | Progress | frame=250 | agents=32
2026-03-06 10:24:29,022 | INFO | evac_sim.simulation.simulation_manager | Progress | frame=260 | agents=32
2026-03-06 10:24:29,049 | INFO | evac_sim.simulation.simulation_manager | Progress | frame=270 | agents=32
2026-03-06 10:24:29,074 | INFO | evac_sim.simulation.simulation_manager | Progress | frame=280 | agents=32
2026-03-06 10:24:29,104 | INFO | evac_sim.simulation.simulation_manager | Progress | frame=290 | agents=32
2026-03-06 10:24:29,130 | INFO | evac_sim.simulation.simulation_manager | Progress | frame=300 | agents=32
2026-03-06 10:24:29,174 | INFO | evac_sim.simulation.simulation_manager | Progress | frame=310 | agents=32
2026-03-06 10:24:29,200 | INFO | evac_sim.simulation.simulation_manager | Progress | frame=320 | agents=32
2026-03-06 10:24:29,225 | INFO | evac_sim.simulation.simulation_manager | Progress | frame=330 | agents=32
2026-03-06 10:24:29,251 | INFO | evac_sim.simulation.simulation_manager | Progress | frame=340 | agents=32
2026-03-06 10:24:29,278 | INFO | evac_sim.simulation.simulation_manager | Progress | frame=350 | agents=32
2026-03-06 10:24:29,320 | INFO | evac_sim.simulation.simulation_manager | Progress | frame=360 | agents=32
2026-03-06 10:24:29,344 | INFO | evac_sim.simulation.simulation_manager | Progress | frame=370 | agents=32
2026-03-06 10:24:29,368 | INFO | evac_sim.simulation.simulation_manager | Progress | frame=380 | agents=32
2026-03-06 10:24:29,393 | INFO | evac_sim.simulation.simulation_manager | Progress | frame=390 | agents=32
2026-03-06 10:24:29,420 | INFO | evac_sim.simulation.simulation_manager | Progress | frame=400 | agents=32
2026-03-06 10:24:29,460 | INFO | evac_sim.simulation.simulation_manager | Progress | frame=410 | agents=32
2026-03-06 10:24:29,485 | INFO | evac_sim.simulation.simulation_manager | Progress | frame=420 | agents=32
2026-03-06 10:24:29,510 | INFO | evac_sim.simulation.simulation_manager | Progress | frame=430 | agents=32
2026-03-06 10:24:29,534 | INFO | evac_sim.simulation.simulation_manager | Progress | frame=440 | agents=32
2026-03-06 10:24:29,558 | INFO | evac_sim.simulation.simulation_manager | Progress | frame=450 | agents=32
2026-03-06 10:24:29,597 | INFO | evac_sim.simulation.simulation_manager | Progress | frame=460 | agents=32
2026-03-06 10:24:29,618 | INFO | evac_sim.simulation.simulation_manager | Progress | frame=470 | agents=32
2026-03-06 10:24:29,638 | INFO | evac_sim.simulation.simulation_manager | Progress | frame=480 | agents=32
2026-03-06 10:24:29,659 | INFO | evac_sim.simulation.simulation_manager | Progress | frame=490 | agents=32
2026-03-06 10:24:29,680 | INFO | evac_sim.simulation.simulation_manager | Progress | frame=500 | agents=32
2026-03-06 10:24:29,716 | INFO | evac_sim.simulation.simulation_manager | Progress | frame=510 | agents=32
2026-03-06 10:24:29,736 | INFO | evac_sim.simulation.simulation_manager | Progress | frame=520 | agents=32
2026-03-06 10:24:29,758 | INFO | evac_sim.simulation.simulation_manager | Progress | frame=530 | agents=32
2026-03-06 10:24:29,779 | INFO | evac_sim.simulation.simulation_manager | Progress | frame=540 | agents=32
2026-03-06 10:24:29,799 | INFO | evac_sim.simulation.simulation_manager | Progress | frame=550 | agents=32
2026-03-06 10:24:29,808 | INFO | evac_sim.simulation.simulation_manager | Reroute applied | frame=550 | group=73 | agents=6 | curr=23 next=7 | old_len=44 new_len=50
2026-03-06 10:24:29,837 | INFO | evac_sim.simulation.simulation_manager | Progress | frame=560 | agents=32
2026-03-06 10:24:29,859 | INFO | evac_sim.simulation.simulation_manager | Progress | frame=570 | agents=32
2026-03-06 10:24:29,881 | INFO | evac_sim.simulation.simulation_manager | Progress | frame=580 | agents=32
2026-03-06 10:24:29,902 | INFO | evac_sim.simulation.simulation_manager | Progress | frame=590 | agents=32
2026-03-06 10:24:29,925 | INFO | evac_sim.simulation.simulation_manager | Progress | frame=600 | agents=32
2026-03-06 10:24:29,965 | INFO | evac_sim.simulation.simulation_manager | Progress | frame=610 | agents=32
2026-03-06 10:24:29,986 | INFO | evac_sim.simulation.simulation_manager | Progress | frame=620 | agents=32
2026-03-06 10:24:30,008 | INFO | evac_sim.simulation.simulation_manager | Progress | frame=630 | agents=32
2026-03-06 10:24:30,030 | INFO | evac_sim.simulation.simulation_manager | Progress | frame=640 | agents=32
2026-03-06 10:24:30,051 | INFO | evac_sim.simulation.simulation_manager | Progress | frame=650 | agents=32
2026-03-06 10:24:30,086 | INFO | evac_sim.simulation.simulation_manager | Progress | frame=660 | agents=32
2026-03-06 10:24:30,108 | INFO | evac_sim.simulation.simulation_manager | Progress | frame=670 | agents=32
2026-03-06 10:24:30,129 | INFO | evac_sim.simulation.simulation_manager | Progress | frame=680 | agents=32
2026-03-06 10:24:30,151 | INFO | evac_sim.simulation.simulation_manager | Progress | frame=690 | agents=32
2026-03-06 10:24:30,173 | INFO | evac_sim.simulation.simulation_manager | Progress | frame=700 | agents=32
2026-03-06 10:24:30,207 | INFO | evac_sim.simulation.simulation_manager | Progress | frame=710 | agents=32
2026-03-06 10:24:30,230 | INFO | evac_sim.simulation.simulation_manager | Progress | frame=720 | agents=32
2026-03-06 10:24:30,250 | INFO | evac_sim.simulation.simulation_manager | Progress | frame=730 | agents=32
2026-03-06 10:24:30,272 | INFO | evac_sim.simulation.simulation_manager | Progress | frame=740 | agents=32
2026-03-06 10:24:30,293 | INFO | evac_sim.simulation.simulation_manager | Progress | frame=750 | agents=32
2026-03-06 10:24:30,328 | INFO | evac_sim.simulation.simulation_manager | Progress | frame=760 | agents=32
2026-03-06 10:24:30,348 | INFO | evac_sim.simulation.simulation_manager | Progress | frame=770 | agents=32
2026-03-06 10:24:30,370 | INFO | evac_sim.simulation.simulation_manager | Progress | frame=780 | agents=32
2026-03-06 10:24:30,391 | INFO | evac_sim.simulation.simulation_manager | Progress | frame=790 | agents=32
2026-03-06 10:24:30,413 | INFO | evac_sim.simulation.simulation_manager | Progress | frame=800 | agents=32
2026-03-06 10:24:30,447 | INFO | evac_sim.simulation.simulation_manager | Progress | frame=810 | agents=32
2026-03-06 10:24:30,469 | INFO | evac_sim.simulation.simulation_manager | Progress | frame=820 | agents=32
2026-03-06 10:24:30,491 | INFO | evac_sim.simulation.simulation_manager | Progress | frame=830 | agents=32
2026-03-06 10:24:30,512 | INFO | evac_sim.simulation.simulation_manager | Progress | frame=840 | agents=32
2026-03-06 10:24:30,533 | INFO | evac_sim.simulation.simulation_manager | Progress | frame=850 | agents=32
2026-03-06 10:24:30,548 | INFO | evac_sim.simulation.simulation_manager | Reroute applied | frame=850 | group=92 | agents=10 | curr=23 next=7 | old_len=46 new_len=52
2026-03-06 10:24:30,570 | INFO | evac_sim.simulation.simulation_manager | Progress | frame=860 | agents=32
2026-03-06 10:24:30,592 | INFO | evac_sim.simulation.simulation_manager | Progress | frame=870 | agents=32
2026-03-06 10:24:30,613 | INFO | evac_sim.simulation.simulation_manager | Progress | frame=880 | agents=32
2026-03-06 10:24:30,634 | INFO | evac_sim.simulation.simulation_manager | Progress | frame=890 | agents=32
2026-03-06 10:24:30,655 | INFO | evac_sim.simulation.simulation_manager | Progress | frame=900 | agents=32
2026-03-06 10:24:30,697 | INFO | evac_sim.simulation.simulation_manager | Progress | frame=910 | agents=32
2026-03-06 10:24:30,720 | INFO | evac_sim.simulation.simulation_manager | Progress | frame=920 | agents=32
2026-03-06 10:24:30,746 | INFO | evac_sim.simulation.simulation_manager | Progress | frame=930 | agents=32
2026-03-06 10:24:30,770 | INFO | evac_sim.simulation.simulation_manager | Progress | frame=940 | agents=32
2026-03-06 10:24:30,796 | INFO | evac_sim.simulation.simulation_manager | Progress | frame=950 | agents=32
2026-03-06 10:24:30,836 | INFO | evac_sim.simulation.simulation_manager | Progress | frame=960 | agents=32
2026-03-06 10:24:30,860 | INFO | evac_sim.simulation.simulation_manager | Progress | frame=970 | agents=32
2026-03-06 10:24:30,885 | INFO | evac_sim.simulation.simulation_manager | Progress | frame=980 | agents=32
2026-03-06 10:24:30,908 | INFO | evac_sim.simulation.simulation_manager | Progress | frame=990 | agents=32
2026-03-06 10:24:30,934 | INFO | evac_sim.simulation.simulation_manager | Progress | frame=1000 | agents=32
2026-03-06 10:24:30,972 | INFO | evac_sim.simulation.simulation_manager | Progress | frame=1010 | agents=32
2026-03-06 10:24:30,991 | INFO | evac_sim.simulation.simulation_manager | Progress | frame=1020 | agents=32
2026-03-06 10:24:31,011 | INFO | evac_sim.simulation.simulation_manager | Progress | frame=1030 | agents=32
2026-03-06 10:24:31,032 | INFO | evac_sim.simulation.simulation_manager | Progress | frame=1040 | agents=32
2026-03-06 10:24:31,052 | INFO | evac_sim.simulation.simulation_manager | Progress | frame=1050 | agents=32
2026-03-06 10:24:31,087 | INFO | evac_sim.simulation.simulation_manager | Progress | frame=1060 | agents=32
2026-03-06 10:24:31,107 | INFO | evac_sim.simulation.simulation_manager | Progress | frame=1070 | agents=32
2026-03-06 10:24:31,130 | INFO | evac_sim.simulation.simulation_manager | Progress | frame=1080 | agents=32
2026-03-06 10:24:31,149 | INFO | evac_sim.simulation.simulation_manager | Progress | frame=1090 | agents=32
2026-03-06 10:24:31,171 | INFO | evac_sim.simulation.simulation_manager | Progress | frame=1100 | agents=32
2026-03-06 10:24:31,205 | INFO | evac_sim.simulation.simulation_manager | Progress | frame=1110 | agents=32
2026-03-06 10:24:31,226 | INFO | evac_sim.simulation.simulation_manager | Progress | frame=1120 | agents=32
2026-03-06 10:24:31,247 | INFO | evac_sim.simulation.simulation_manager | Progress | frame=1130 | agents=32
2026-03-06 10:24:31,268 | INFO | evac_sim.simulation.simulation_manager | Progress | frame=1140 | agents=32
2026-03-06 10:24:31,288 | INFO | evac_sim.simulation.simulation_manager | Progress | frame=1150 | agents=32
2026-03-06 10:24:31,324 | INFO | evac_sim.simulation.simulation_manager | Progress | frame=1160 | agents=32
2026-03-06 10:24:31,345 | INFO | evac_sim.simulation.simulation_manager | Progress | frame=1170 | agents=32
2026-03-06 10:24:31,365 | INFO | evac_sim.simulation.simulation_manager | Progress | frame=1180 | agents=32
2026-03-06 10:24:31,386 | INFO | evac_sim.simulation.simulation_manager | Progress | frame=1190 | agents=32
2026-03-06 10:24:31,408 | INFO | evac_sim.simulation.simulation_manager | Progress | frame=1200 | agents=32
2026-03-06 10:24:31,442 | INFO | evac_sim.simulation.simulation_manager | Progress | frame=1210 | agents=32
2026-03-06 10:24:31,462 | INFO | evac_sim.simulation.simulation_manager | Progress | frame=1220 | agents=32
2026-03-06 10:24:31,483 | INFO | evac_sim.simulation.simulation_manager | Progress | frame=1230 | agents=32
2026-03-06 10:24:31,504 | INFO | evac_sim.simulation.simulation_manager | Progress | frame=1240 | agents=32
2026-03-06 10:24:31,525 | INFO | evac_sim.simulation.simulation_manager | Progress | frame=1250 | agents=32
2026-03-06 10:24:31,531 | INFO | evac_sim.simulation.simulation_manager | Reroute applied | frame=1250 | group=83 | agents=5 | curr=23 next=7 | old_len=49 new_len=55
2026-03-06 10:24:31,561 | INFO | evac_sim.simulation.simulation_manager | Progress | frame=1260 | agents=32
2026-03-06 10:24:31,581 | INFO | evac_sim.simulation.simulation_manager | Progress | frame=1270 | agents=32
2026-03-06 10:24:31,601 | INFO | evac_sim.simulation.simulation_manager | Progress | frame=1280 | agents=32
2026-03-06 10:24:31,622 | INFO | evac_sim.simulation.simulation_manager | Progress | frame=1290 | agents=32
2026-03-06 10:24:31,643 | INFO | evac_sim.simulation.simulation_manager | Progress | frame=1300 | agents=32
2026-03-06 10:24:31,678 | INFO | evac_sim.simulation.simulation_manager | Progress | frame=1310 | agents=32
2026-03-06 10:24:31,699 | INFO | evac_sim.simulation.simulation_manager | Progress | frame=1320 | agents=32
2026-03-06 10:24:31,720 | INFO | evac_sim.simulation.simulation_manager | Progress | frame=1330 | agents=32
2026-03-06 10:24:31,742 | INFO | evac_sim.simulation.simulation_manager | Progress | frame=1340 | agents=32
2026-03-06 10:24:31,762 | INFO | evac_sim.simulation.simulation_manager | Progress | frame=1350 | agents=32
2026-03-06 10:24:31,797 | INFO | evac_sim.simulation.simulation_manager | Progress | frame=1360 | agents=32
2026-03-06 10:24:31,818 | INFO | evac_sim.simulation.simulation_manager | Progress | frame=1370 | agents=32
2026-03-06 10:24:31,839 | INFO | evac_sim.simulation.simulation_manager | Progress | frame=1380 | agents=32
2026-03-06 10:24:31,862 | INFO | evac_sim.simulation.simulation_manager | Progress | frame=1390 | agents=32
2026-03-06 10:24:31,882 | INFO | evac_sim.simulation.simulation_manager | Progress | frame=1400 | agents=32
2026-03-06 10:24:31,917 | INFO | evac_sim.simulation.simulation_manager | Progress | frame=1410 | agents=32
2026-03-06 10:24:31,939 | INFO | evac_sim.simulation.simulation_manager | Progress | frame=1420 | agents=32
2026-03-06 10:24:31,961 | INFO | evac_sim.simulation.simulation_manager | Progress | frame=1430 | agents=32
2026-03-06 10:24:31,982 | INFO | evac_sim.simulation.simulation_manager | Progress | frame=1440 | agents=32
2026-03-06 10:24:32,002 | INFO | evac_sim.simulation.simulation_manager | Progress | frame=1450 | agents=32
2026-03-06 10:24:32,039 | INFO | evac_sim.simulation.simulation_manager | Progress | frame=1460 | agents=32
2026-03-06 10:24:32,062 | INFO | evac_sim.simulation.simulation_manager | Progress | frame=1470 | agents=32
2026-03-06 10:24:32,082 | INFO | evac_sim.simulation.simulation_manager | Progress | frame=1480 | agents=32
2026-03-06 10:24:32,103 | INFO | evac_sim.simulation.simulation_manager | Progress | frame=1490 | agents=32
2026-03-06 10:24:32,126 | INFO | evac_sim.simulation.simulation_manager | Progress | frame=1500 | agents=32
2026-03-06 10:24:32,163 | INFO | evac_sim.simulation.simulation_manager | Progress | frame=1510 | agents=32
2026-03-06 10:24:32,184 | INFO | evac_sim.simulation.simulation_manager | Progress | frame=1520 | agents=32
2026-03-06 10:24:32,206 | INFO | evac_sim.simulation.simulation_manager | Progress | frame=1530 | agents=32
2026-03-06 10:24:32,226 | INFO | evac_sim.simulation.simulation_manager | Progress | frame=1540 | agents=32
2026-03-06 10:24:32,248 | INFO | evac_sim.simulation.simulation_manager | Progress | frame=1550 | agents=32
2026-03-06 10:24:32,282 | INFO | evac_sim.simulation.simulation_manager | Progress | frame=1560 | agents=32
2026-03-06 10:24:32,303 | INFO | evac_sim.simulation.simulation_manager | Progress | frame=1570 | agents=32
2026-03-06 10:24:32,323 | INFO | evac_sim.simulation.simulation_manager | Progress | frame=1580 | agents=32
2026-03-06 10:24:32,345 | INFO | evac_sim.simulation.simulation_manager | Progress | frame=1590 | agents=32
2026-03-06 10:24:32,366 | INFO | evac_sim.simulation.simulation_manager | Progress | frame=1600 | agents=32
2026-03-06 10:24:32,402 | INFO | evac_sim.simulation.simulation_manager | Progress | frame=1610 | agents=32
2026-03-06 10:24:32,423 | INFO | evac_sim.simulation.simulation_manager | Progress | frame=1620 | agents=32
2026-03-06 10:24:32,444 | INFO | evac_sim.simulation.simulation_manager | Progress | frame=1630 | agents=32
2026-03-06 10:24:32,466 | INFO | evac_sim.simulation.simulation_manager | Progress | frame=1640 | agents=32
2026-03-06 10:24:32,487 | INFO | evac_sim.simulation.simulation_manager | Progress | frame=1650 | agents=32
2026-03-06 10:24:32,523 | INFO | evac_sim.simulation.simulation_manager | Progress | frame=1660 | agents=32
2026-03-06 10:24:32,545 | INFO | evac_sim.simulation.simulation_manager | Progress | frame=1670 | agents=32
2026-03-06 10:24:32,567 | INFO | evac_sim.simulation.simulation_manager | Progress | frame=1680 | agents=32
2026-03-06 10:24:32,588 | INFO | evac_sim.simulation.simulation_manager | Progress | frame=1690 | agents=32
2026-03-06 10:24:32,609 | INFO | evac_sim.simulation.simulation_manager | Progress | frame=1700 | agents=32
2026-03-06 10:24:32,647 | INFO | evac_sim.simulation.simulation_manager | Progress | frame=1710 | agents=32
2026-03-06 10:24:32,669 | INFO | evac_sim.simulation.simulation_manager | Progress | frame=1720 | agents=32
2026-03-06 10:24:32,691 | INFO | evac_sim.simulation.simulation_manager | Progress | frame=1730 | agents=32
2026-03-06 10:24:32,713 | INFO | evac_sim.simulation.simulation_manager | Progress | frame=1740 | agents=32
2026-03-06 10:24:32,735 | INFO | evac_sim.simulation.simulation_manager | Progress | frame=1750 | agents=32
2026-03-06 10:24:32,771 | INFO | evac_sim.simulation.simulation_manager | Progress | frame=1760 | agents=32
2026-03-06 10:24:32,793 | INFO | evac_sim.simulation.simulation_manager | Progress | frame=1770 | agents=32
2026-03-06 10:24:32,814 | INFO | evac_sim.simulation.simulation_manager | Progress | frame=1780 | agents=32
2026-03-06 10:24:32,837 | INFO | evac_sim.simulation.simulation_manager | Progress | frame=1790 | agents=32
2026-03-06 10:24:32,859 | INFO | evac_sim.simulation.simulation_manager | Progress | frame=1800 | agents=32
2026-03-06 10:24:32,895 | INFO | evac_sim.simulation.simulation_manager | Progress | frame=1810 | agents=32
2026-03-06 10:24:32,917 | INFO | evac_sim.simulation.simulation_manager | Progress | frame=1820 | agents=32
2026-03-06 10:24:32,939 | INFO | evac_sim.simulation.simulation_manager | Progress | frame=1830 | agents=32
2026-03-06 10:24:32,962 | INFO | evac_sim.simulation.simulation_manager | Progress | frame=1840 | agents=32
2026-03-06 10:24:32,983 | INFO | evac_sim.simulation.simulation_manager | Progress | frame=1850 | agents=32
2026-03-06 10:24:33,020 | INFO | evac_sim.simulation.simulation_manager | Progress | frame=1860 | agents=32
2026-03-06 10:24:33,042 | INFO | evac_sim.simulation.simulation_manager | Progress | frame=1870 | agents=32
2026-03-06 10:24:33,063 | INFO | evac_sim.simulation.simulation_manager | Progress | frame=1880 | agents=32
2026-03-06 10:24:33,088 | INFO | evac_sim.simulation.simulation_manager | Progress | frame=1890 | agents=32
2026-03-06 10:24:33,112 | INFO | evac_sim.simulation.simulation_manager | Progress | frame=1900 | agents=32
2026-03-06 10:24:33,158 | INFO | evac_sim.simulation.simulation_manager | Progress | frame=1910 | agents=32
2026-03-06 10:24:33,188 | INFO | evac_sim.simulation.simulation_manager | Progress | frame=1920 | agents=32
2026-03-06 10:24:33,213 | INFO | evac_sim.simulation.simulation_manager | Progress | frame=1930 | agents=32
2026-03-06 10:24:33,238 | INFO | evac_sim.simulation.simulation_manager | Progress | frame=1940 | agents=32
2026-03-06 10:24:33,265 | INFO | evac_sim.simulation.simulation_manager | Progress | frame=1950 | agents=32
2026-03-06 10:24:33,308 | INFO | evac_sim.simulation.simulation_manager | Progress | frame=1960 | agents=32
2026-03-06 10:24:33,332 | INFO | evac_sim.simulation.simulation_manager | Progress | frame=1970 | agents=32
2026-03-06 10:24:33,359 | INFO | evac_sim.simulation.simulation_manager | Progress | frame=1980 | agents=32
2026-03-06 10:24:33,383 | INFO | evac_sim.simulation.simulation_manager | Progress | frame=1990 | agents=32
2026-03-06 10:24:33,408 | INFO | evac_sim.simulation.simulation_manager | Progress | frame=2000 | agents=32
2026-03-06 10:24:33,447 | INFO | evac_sim.simulation.simulation_manager | Progress | frame=2010 | agents=32
2026-03-06 10:24:33,469 | INFO | evac_sim.simulation.simulation_manager | Progress | frame=2020 | agents=32
2026-03-06 10:24:33,492 | INFO | evac_sim.simulation.simulation_manager | Progress | frame=2030 | agents=32
2026-03-06 10:24:33,514 | INFO | evac_sim.simulation.simulation_manager | Progress | frame=2040 | agents=32
2026-03-06 10:24:33,535 | INFO | evac_sim.simulation.simulation_manager | Progress | frame=2050 | agents=32
2026-03-06 10:24:33,572 | INFO | evac_sim.simulation.simulation_manager | Progress | frame=2060 | agents=32
2026-03-06 10:24:33,593 | INFO | evac_sim.simulation.simulation_manager | Progress | frame=2070 | agents=32
2026-03-06 10:24:33,614 | INFO | evac_sim.simulation.simulation_manager | Progress | frame=2080 | agents=32
2026-03-06 10:24:33,636 | INFO | evac_sim.simulation.simulation_manager | Progress | frame=2090 | agents=32
2026-03-06 10:24:33,656 | INFO | evac_sim.simulation.simulation_manager | Progress | frame=2100 | agents=32
2026-03-06 10:24:33,691 | INFO | evac_sim.simulation.simulation_manager | Progress | frame=2110 | agents=32
2026-03-06 10:24:33,713 | INFO | evac_sim.simulation.simulation_manager | Progress | frame=2120 | agents=32
2026-03-06 10:24:33,733 | INFO | evac_sim.simulation.simulation_manager | Progress | frame=2130 | agents=32
2026-03-06 10:24:33,754 | INFO | evac_sim.simulation.simulation_manager | Progress | frame=2140 | agents=32
2026-03-06 10:24:33,776 | INFO | evac_sim.simulation.simulation_manager | Progress | frame=2150 | agents=32
2026-03-06 10:24:33,812 | INFO | evac_sim.simulation.simulation_manager | Progress | frame=2160 | agents=32
2026-03-06 10:24:33,834 | INFO | evac_sim.simulation.simulation_manager | Progress | frame=2170 | agents=32
2026-03-06 10:24:33,855 | INFO | evac_sim.simulation.simulation_manager | Progress | frame=2180 | agents=32
2026-03-06 10:24:33,876 | INFO | evac_sim.simulation.simulation_manager | Progress | frame=2190 | agents=32
2026-03-06 10:24:33,898 | INFO | evac_sim.simulation.simulation_manager | Progress | frame=2200 | agents=32
2026-03-06 10:24:33,932 | INFO | evac_sim.simulation.simulation_manager | Progress | frame=2210 | agents=32
2026-03-06 10:24:33,953 | INFO | evac_sim.simulation.simulation_manager | Progress | frame=2220 | agents=32
2026-03-06 10:24:33,974 | INFO | evac_sim.simulation.simulation_manager | Progress | frame=2230 | agents=32
2026-03-06 10:24:33,995 | INFO | evac_sim.simulation.simulation_manager | Progress | frame=2240 | agents=32
2026-03-06 10:24:34,016 | INFO | evac_sim.simulation.simulation_manager | Progress | frame=2250 | agents=32
2026-03-06 10:24:34,027 | INFO | evac_sim.simulation.simulation_manager | Reroute applied | frame=2250 | group=73 | agents=6 | curr=202 next=201 | old_len=50 new_len=60
2026-03-06 10:24:34,055 | INFO | evac_sim.simulation.simulation_manager | Progress | frame=2260 | agents=32
2026-03-06 10:24:34,076 | INFO | evac_sim.simulation.simulation_manager | Progress | frame=2270 | agents=32
2026-03-06 10:24:34,097 | INFO | evac_sim.simulation.simulation_manager | Progress | frame=2280 | agents=32
2026-03-06 10:24:34,118 | INFO | evac_sim.simulation.simulation_manager | Progress | frame=2290 | agents=32
2026-03-06 10:24:34,138 | INFO | evac_sim.simulation.simulation_manager | Progress | frame=2300 | agents=32
2026-03-06 10:24:34,175 | INFO | evac_sim.simulation.simulation_manager | Progress | frame=2310 | agents=32
2026-03-06 10:24:34,196 | INFO | evac_sim.simulation.simulation_manager | Progress | frame=2320 | agents=32
2026-03-06 10:24:34,217 | INFO | evac_sim.simulation.simulation_manager | Progress | frame=2330 | agents=32
2026-03-06 10:24:34,238 | INFO | evac_sim.simulation.simulation_manager | Progress | frame=2340 | agents=32
2026-03-06 10:24:34,259 | INFO | evac_sim.simulation.simulation_manager | Progress | frame=2350 | agents=32
2026-03-06 10:24:34,296 | INFO | evac_sim.simulation.simulation_manager | Progress | frame=2360 | agents=32
2026-03-06 10:24:34,323 | INFO | evac_sim.simulation.simulation_manager | Progress | frame=2370 | agents=32
2026-03-06 10:24:34,348 | INFO | evac_sim.simulation.simulation_manager | Progress | frame=2380 | agents=32
2026-03-06 10:24:34,370 | INFO | evac_sim.simulation.simulation_manager | Progress | frame=2390 | agents=32
2026-03-06 10:24:34,395 | INFO | evac_sim.simulation.simulation_manager | Progress | frame=2400 | agents=32
2026-03-06 10:24:34,438 | INFO | evac_sim.simulation.simulation_manager | Progress | frame=2410 | agents=32
2026-03-06 10:24:34,460 | INFO | evac_sim.simulation.simulation_manager | Progress | frame=2420 | agents=32
2026-03-06 10:24:34,481 | INFO | evac_sim.simulation.simulation_manager | Progress | frame=2430 | agents=32
2026-03-06 10:24:34,502 | INFO | evac_sim.simulation.simulation_manager | Progress | frame=2440 | agents=32
2026-03-06 10:24:34,524 | INFO | evac_sim.simulation.simulation_manager | Progress | frame=2450 | agents=32
2026-03-06 10:24:34,559 | INFO | evac_sim.simulation.simulation_manager | Progress | frame=2460 | agents=32
2026-03-06 10:24:34,581 | INFO | evac_sim.simulation.simulation_manager | Progress | frame=2470 | agents=32
2026-03-06 10:24:34,602 | INFO | evac_sim.simulation.simulation_manager | Progress | frame=2480 | agents=32
2026-03-06 10:24:34,623 | INFO | evac_sim.simulation.simulation_manager | Progress | frame=2490 | agents=32
2026-03-06 10:24:34,645 | INFO | evac_sim.simulation.simulation_manager | Progress | frame=2500 | agents=32
2026-03-06 10:24:34,679 | INFO | evac_sim.simulation.simulation_manager | Progress | frame=2510 | agents=32
2026-03-06 10:24:34,699 | INFO | evac_sim.simulation.simulation_manager | Progress | frame=2520 | agents=32
2026-03-06 10:24:34,720 | INFO | evac_sim.simulation.simulation_manager | Progress | frame=2530 | agents=32
2026-03-06 10:24:34,741 | INFO | evac_sim.simulation.simulation_manager | Progress | frame=2540 | agents=32
2026-03-06 10:24:34,761 | INFO | evac_sim.simulation.simulation_manager | Progress | frame=2550 | agents=32
2026-03-06 10:24:34,797 | INFO | evac_sim.simulation.simulation_manager | Progress | frame=2560 | agents=32
2026-03-06 10:24:34,817 | INFO | evac_sim.simulation.simulation_manager | Progress | frame=2570 | agents=32
2026-03-06 10:24:34,838 | INFO | evac_sim.simulation.simulation_manager | Progress | frame=2580 | agents=32
2026-03-06 10:24:34,861 | INFO | evac_sim.simulation.simulation_manager | Progress | frame=2590 | agents=32
2026-03-06 10:24:34,881 | INFO | evac_sim.simulation.simulation_manager | Progress | frame=2600 | agents=32
2026-03-06 10:24:34,897 | INFO | evac_sim.simulation.simulation_manager | Reroute applied | frame=2600 | group=92 | agents=10 | curr=202 next=201 | old_len=52 new_len=62
2026-03-06 10:24:34,926 | INFO | evac_sim.simulation.simulation_manager | Progress | frame=2610 | agents=32
2026-03-06 10:24:34,947 | INFO | evac_sim.simulation.simulation_manager | Progress | frame=2620 | agents=32
2026-03-06 10:24:34,968 | INFO | evac_sim.simulation.simulation_manager | Progress | frame=2630 | agents=32
2026-03-06 10:24:34,988 | INFO | evac_sim.simulation.simulation_manager | Progress | frame=2640 | agents=32
2026-03-06 10:24:35,008 | INFO | evac_sim.simulation.simulation_manager | Progress | frame=2650 | agents=32
2026-03-06 10:24:35,043 | INFO | evac_sim.simulation.simulation_manager | Progress | frame=2660 | agents=32
2026-03-06 10:24:35,062 | INFO | evac_sim.simulation.simulation_manager | Progress | frame=2670 | agents=32
2026-03-06 10:24:35,083 | INFO | evac_sim.simulation.simulation_manager | Progress | frame=2680 | agents=32
2026-03-06 10:24:35,105 | INFO | evac_sim.simulation.simulation_manager | Progress | frame=2690 | agents=32
2026-03-06 10:24:35,125 | INFO | evac_sim.simulation.simulation_manager | Progress | frame=2700 | agents=32
2026-03-06 10:24:35,160 | INFO | evac_sim.simulation.simulation_manager | Progress | frame=2710 | agents=32
2026-03-06 10:24:35,180 | INFO | evac_sim.simulation.simulation_manager | Progress | frame=2720 | agents=32
2026-03-06 10:24:35,201 | INFO | evac_sim.simulation.simulation_manager | Progress | frame=2730 | agents=32
2026-03-06 10:24:35,222 | INFO | evac_sim.simulation.simulation_manager | Progress | frame=2740 | agents=32
2026-03-06 10:24:35,242 | INFO | evac_sim.simulation.simulation_manager | Progress | frame=2750 | agents=32
2026-03-06 10:24:35,277 | INFO | evac_sim.simulation.simulation_manager | Progress | frame=2760 | agents=32
2026-03-06 10:24:35,298 | INFO | evac_sim.simulation.simulation_manager | Progress | frame=2770 | agents=32
2026-03-06 10:24:35,319 | INFO | evac_sim.simulation.simulation_manager | Progress | frame=2780 | agents=32
2026-03-06 10:24:35,341 | INFO | evac_sim.simulation.simulation_manager | Progress | frame=2790 | agents=32
2026-03-06 10:24:35,361 | INFO | evac_sim.simulation.simulation_manager | Progress | frame=2800 | agents=32
2026-03-06 10:24:35,367 | INFO | evac_sim.simulation.simulation_manager | Reroute applied | frame=2800 | group=82 | agents=5 | curr=202 next=201 | old_len=49 new_len=59
2026-03-06 10:24:35,399 | INFO | evac_sim.simulation.simulation_manager | Progress | frame=2810 | agents=32
2026-03-06 10:24:35,419 | INFO | evac_sim.simulation.simulation_manager | Progress | frame=2820 | agents=32
2026-03-06 10:24:35,440 | INFO | evac_sim.simulation.simulation_manager | Progress | frame=2830 | agents=31
2026-03-06 10:24:35,460 | INFO | evac_sim.simulation.simulation_manager | Progress | frame=2840 | agents=31
2026-03-06 10:24:35,480 | INFO | evac_sim.simulation.simulation_manager | Progress | frame=2850 | agents=31
2026-03-06 10:24:35,514 | INFO | evac_sim.simulation.simulation_manager | Progress | frame=2860 | agents=31
2026-03-06 10:24:35,534 | INFO | evac_sim.simulation.simulation_manager | Progress | frame=2870 | agents=31
2026-03-06 10:24:35,555 | INFO | evac_sim.simulation.simulation_manager | Progress | frame=2880 | agents=31
2026-03-06 10:24:35,576 | INFO | evac_sim.simulation.simulation_manager | Progress | frame=2890 | agents=31
2026-03-06 10:24:35,596 | INFO | evac_sim.simulation.simulation_manager | Progress | frame=2900 | agents=31
2026-03-06 10:24:35,631 | INFO | evac_sim.simulation.simulation_manager | Progress | frame=2910 | agents=30
2026-03-06 10:24:35,651 | INFO | evac_sim.simulation.simulation_manager | Progress | frame=2920 | agents=30
2026-03-06 10:24:35,671 | INFO | evac_sim.simulation.simulation_manager | Progress | frame=2930 | agents=30
2026-03-06 10:24:35,691 | INFO | evac_sim.simulation.simulation_manager | Progress | frame=2940 | agents=30
2026-03-06 10:24:35,712 | INFO | evac_sim.simulation.simulation_manager | Progress | frame=2950 | agents=30
2026-03-06 10:24:35,745 | INFO | evac_sim.simulation.simulation_manager | Progress | frame=2960 | agents=30
2026-03-06 10:24:35,764 | INFO | evac_sim.simulation.simulation_manager | Progress | frame=2970 | agents=29
2026-03-06 10:24:35,784 | INFO | evac_sim.simulation.simulation_manager | Progress | frame=2980 | agents=29
2026-03-06 10:24:35,804 | INFO | evac_sim.simulation.simulation_manager | Progress | frame=2990 | agents=29
2026-03-06 10:24:35,823 | INFO | evac_sim.simulation.simulation_manager | Progress | frame=3000 | agents=29
2026-03-06 10:24:35,857 | INFO | evac_sim.simulation.simulation_manager | Progress | frame=3010 | agents=29
2026-03-06 10:24:35,877 | INFO | evac_sim.simulation.simulation_manager | Progress | frame=3020 | agents=29
2026-03-06 10:24:35,896 | INFO | evac_sim.simulation.simulation_manager | Progress | frame=3030 | agents=28
2026-03-06 10:24:35,916 | INFO | evac_sim.simulation.simulation_manager | Progress | frame=3040 | agents=28
2026-03-06 10:24:35,936 | INFO | evac_sim.simulation.simulation_manager | Progress | frame=3050 | agents=28
2026-03-06 10:24:35,968 | INFO | evac_sim.simulation.simulation_manager | Progress | frame=3060 | agents=28
2026-03-06 10:24:35,987 | INFO | evac_sim.simulation.simulation_manager | Progress | frame=3070 | agents=28
2026-03-06 10:24:36,007 | INFO | evac_sim.simulation.simulation_manager | Progress | frame=3080 | agents=27
2026-03-06 10:24:36,027 | INFO | evac_sim.simulation.simulation_manager | Progress | frame=3090 | agents=27
2026-03-06 10:24:36,047 | INFO | evac_sim.simulation.simulation_manager | Progress | frame=3100 | agents=27
2026-03-06 10:24:36,080 | INFO | evac_sim.simulation.simulation_manager | Progress | frame=3110 | agents=27
2026-03-06 10:24:36,100 | INFO | evac_sim.simulation.simulation_manager | Progress | frame=3120 | agents=27
2026-03-06 10:24:36,119 | INFO | evac_sim.simulation.simulation_manager | Progress | frame=3130 | agents=27
2026-03-06 10:24:36,138 | INFO | evac_sim.simulation.simulation_manager | Progress | frame=3140 | agents=26
2026-03-06 10:24:36,157 | INFO | evac_sim.simulation.simulation_manager | Progress | frame=3150 | agents=26
2026-03-06 10:24:36,187 | INFO | evac_sim.simulation.simulation_manager | Progress | frame=3160 | agents=26
2026-03-06 10:24:36,206 | INFO | evac_sim.simulation.simulation_manager | Progress | frame=3170 | agents=26
2026-03-06 10:24:36,225 | INFO | evac_sim.simulation.simulation_manager | Progress | frame=3180 | agents=26
2026-03-06 10:24:36,247 | INFO | evac_sim.simulation.simulation_manager | Progress | frame=3190 | agents=26
2026-03-06 10:24:36,267 | INFO | evac_sim.simulation.simulation_manager | Progress | frame=3200 | agents=26
2026-03-06 10:24:36,296 | INFO | evac_sim.simulation.simulation_manager | Progress | frame=3210 | agents=26
2026-03-06 10:24:36,315 | INFO | evac_sim.simulation.simulation_manager | Progress | frame=3220 | agents=26
2026-03-06 10:24:36,334 | INFO | evac_sim.simulation.simulation_manager | Progress | frame=3230 | agents=26
2026-03-06 10:24:36,354 | INFO | evac_sim.simulation.simulation_manager | Progress | frame=3240 | agents=26
2026-03-06 10:24:36,373 | INFO | evac_sim.simulation.simulation_manager | Progress | frame=3250 | agents=26
2026-03-06 10:24:36,403 | INFO | evac_sim.simulation.simulation_manager | Progress | frame=3260 | agents=26
2026-03-06 10:24:36,423 | INFO | evac_sim.simulation.simulation_manager | Progress | frame=3270 | agents=26
2026-03-06 10:24:36,442 | INFO | evac_sim.simulation.simulation_manager | Progress | frame=3280 | agents=26
2026-03-06 10:24:36,460 | INFO | evac_sim.simulation.simulation_manager | Progress | frame=3290 | agents=26
2026-03-06 10:24:36,480 | INFO | evac_sim.simulation.simulation_manager | Progress | frame=3300 | agents=26
2026-03-06 10:24:36,509 | INFO | evac_sim.simulation.simulation_manager | Progress | frame=3310 | agents=26
2026-03-06 10:24:36,528 | INFO | evac_sim.simulation.simulation_manager | Progress | frame=3320 | agents=26
2026-03-06 10:24:36,548 | INFO | evac_sim.simulation.simulation_manager | Progress | frame=3330 | agents=26
2026-03-06 10:24:36,567 | INFO | evac_sim.simulation.simulation_manager | Progress | frame=3340 | agents=26
2026-03-06 10:24:36,586 | INFO | evac_sim.simulation.simulation_manager | Progress | frame=3350 | agents=26
2026-03-06 10:24:36,616 | INFO | evac_sim.simulation.simulation_manager | Progress | frame=3360 | agents=26
2026-03-06 10:24:36,636 | INFO | evac_sim.simulation.simulation_manager | Progress | frame=3370 | agents=26
2026-03-06 10:24:36,655 | INFO | evac_sim.simulation.simulation_manager | Progress | frame=3380 | agents=26
2026-03-06 10:24:36,675 | INFO | evac_sim.simulation.simulation_manager | Progress | frame=3390 | agents=26
2026-03-06 10:24:36,695 | INFO | evac_sim.simulation.simulation_manager | Progress | frame=3400 | agents=26
2026-03-06 10:24:36,702 | INFO | evac_sim.simulation.simulation_manager | Reroute applied | frame=3400 | group=83 | agents=5 | curr=202 next=201 | old_len=55 new_len=65
2026-03-06 10:24:36,727 | INFO | evac_sim.simulation.simulation_manager | Progress | frame=3410 | agents=26
2026-03-06 10:24:36,747 | INFO | evac_sim.simulation.simulation_manager | Progress | frame=3420 | agents=26
2026-03-06 10:24:36,765 | INFO | evac_sim.simulation.simulation_manager | Progress | frame=3430 | agents=26
2026-03-06 10:24:36,785 | INFO | evac_sim.simulation.simulation_manager | Progress | frame=3440 | agents=26
2026-03-06 10:24:36,804 | INFO | evac_sim.simulation.simulation_manager | Progress | frame=3450 | agents=26
2026-03-06 10:24:36,834 | INFO | evac_sim.simulation.simulation_manager | Progress | frame=3460 | agents=26
2026-03-06 10:24:36,853 | INFO | evac_sim.simulation.simulation_manager | Progress | frame=3470 | agents=26
2026-03-06 10:24:36,873 | INFO | evac_sim.simulation.simulation_manager | Progress | frame=3480 | agents=26
2026-03-06 10:24:36,892 | INFO | evac_sim.simulation.simulation_manager | Progress | frame=3490 | agents=26
2026-03-06 10:24:36,911 | INFO | evac_sim.simulation.simulation_manager | Progress | frame=3500 | agents=26
2026-03-06 10:24:36,941 | INFO | evac_sim.simulation.simulation_manager | Progress | frame=3510 | agents=26
2026-03-06 10:24:36,961 | INFO | evac_sim.simulation.simulation_manager | Progress | frame=3520 | agents=26
2026-03-06 10:24:36,980 | INFO | evac_sim.simulation.simulation_manager | Progress | frame=3530 | agents=26
2026-03-06 10:24:36,999 | INFO | evac_sim.simulation.simulation_manager | Progress | frame=3540 | agents=26
2026-03-06 10:24:37,018 | INFO | evac_sim.simulation.simulation_manager | Progress | frame=3550 | agents=26
2026-03-06 10:24:37,049 | INFO | evac_sim.simulation.simulation_manager | Progress | frame=3560 | agents=26
2026-03-06 10:24:37,069 | INFO | evac_sim.simulation.simulation_manager | Progress | frame=3570 | agents=26
2026-03-06 10:24:37,087 | INFO | evac_sim.simulation.simulation_manager | Progress | frame=3580 | agents=26
2026-03-06 10:24:37,107 | INFO | evac_sim.simulation.simulation_manager | Progress | frame=3590 | agents=26
2026-03-06 10:24:37,127 | INFO | evac_sim.simulation.simulation_manager | Progress | frame=3600 | agents=26
2026-03-06 10:24:37,159 | INFO | evac_sim.simulation.simulation_manager | Progress | frame=3610 | agents=26
2026-03-06 10:24:37,179 | INFO | evac_sim.simulation.simulation_manager | Progress | frame=3620 | agents=26
2026-03-06 10:24:37,198 | INFO | evac_sim.simulation.simulation_manager | Progress | frame=3630 | agents=26
2026-03-06 10:24:37,217 | INFO | evac_sim.simulation.simulation_manager | Progress | frame=3640 | agents=26
2026-03-06 10:24:37,236 | INFO | evac_sim.simulation.simulation_manager | Progress | frame=3650 | agents=26
2026-03-06 10:24:37,267 | INFO | evac_sim.simulation.simulation_manager | Progress | frame=3660 | agents=26
2026-03-06 10:24:37,286 | INFO | evac_sim.simulation.simulation_manager | Progress | frame=3670 | agents=26
2026-03-06 10:24:37,306 | INFO | evac_sim.simulation.simulation_manager | Progress | frame=3680 | agents=26
2026-03-06 10:24:37,325 | INFO | evac_sim.simulation.simulation_manager | Progress | frame=3690 | agents=26
2026-03-06 10:24:37,344 | INFO | evac_sim.simulation.simulation_manager | Progress | frame=3700 | agents=26
2026-03-06 10:24:37,374 | INFO | evac_sim.simulation.simulation_manager | Progress | frame=3710 | agents=26
2026-03-06 10:24:37,393 | INFO | evac_sim.simulation.simulation_manager | Progress | frame=3720 | agents=26
2026-03-06 10:24:37,413 | INFO | evac_sim.simulation.simulation_manager | Progress | frame=3730 | agents=25
2026-03-06 10:24:37,432 | INFO | evac_sim.simulation.simulation_manager | Progress | frame=3740 | agents=25
2026-03-06 10:24:37,452 | INFO | evac_sim.simulation.simulation_manager | Progress | frame=3750 | agents=25
2026-03-06 10:24:37,481 | INFO | evac_sim.simulation.simulation_manager | Progress | frame=3760 | agents=25
2026-03-06 10:24:37,500 | INFO | evac_sim.simulation.simulation_manager | Progress | frame=3770 | agents=25
2026-03-06 10:24:37,519 | INFO | evac_sim.simulation.simulation_manager | Progress | frame=3780 | agents=25
2026-03-06 10:24:37,539 | INFO | evac_sim.simulation.simulation_manager | Progress | frame=3790 | agents=25
2026-03-06 10:24:37,557 | INFO | evac_sim.simulation.simulation_manager | Progress | frame=3800 | agents=24
2026-03-06 10:24:37,587 | INFO | evac_sim.simulation.simulation_manager | Progress | frame=3810 | agents=24
2026-03-06 10:24:37,608 | INFO | evac_sim.simulation.simulation_manager | Progress | frame=3820 | agents=24
2026-03-06 10:24:37,628 | INFO | evac_sim.simulation.simulation_manager | Progress | frame=3830 | agents=24
2026-03-06 10:24:37,647 | INFO | evac_sim.simulation.simulation_manager | Progress | frame=3840 | agents=24
2026-03-06 10:24:37,667 | INFO | evac_sim.simulation.simulation_manager | Progress | frame=3850 | agents=23
2026-03-06 10:24:37,697 | INFO | evac_sim.simulation.simulation_manager | Progress | frame=3860 | agents=23
2026-03-06 10:24:37,716 | INFO | evac_sim.simulation.simulation_manager | Progress | frame=3870 | agents=23
2026-03-06 10:24:37,735 | INFO | evac_sim.simulation.simulation_manager | Progress | frame=3880 | agents=23
2026-03-06 10:24:37,754 | INFO | evac_sim.simulation.simulation_manager | Progress | frame=3890 | agents=22
2026-03-06 10:24:37,773 | INFO | evac_sim.simulation.simulation_manager | Progress | frame=3900 | agents=22
2026-03-06 10:24:37,803 | INFO | evac_sim.simulation.simulation_manager | Progress | frame=3910 | agents=22
2026-03-06 10:24:37,822 | INFO | evac_sim.simulation.simulation_manager | Progress | frame=3920 | agents=22
2026-03-06 10:24:37,841 | INFO | evac_sim.simulation.simulation_manager | Progress | frame=3930 | agents=22
2026-03-06 10:24:37,860 | INFO | evac_sim.simulation.simulation_manager | Progress | frame=3940 | agents=21
2026-03-06 10:24:37,878 | INFO | evac_sim.simulation.simulation_manager | Progress | frame=3950 | agents=21
2026-03-06 10:24:37,909 | INFO | evac_sim.simulation.simulation_manager | Progress | frame=3960 | agents=21
2026-03-06 10:24:37,928 | INFO | evac_sim.simulation.simulation_manager | Progress | frame=3970 | agents=21
2026-03-06 10:24:37,948 | INFO | evac_sim.simulation.simulation_manager | Progress | frame=3980 | agents=20
2026-03-06 10:24:37,966 | INFO | evac_sim.simulation.simulation_manager | Progress | frame=3990 | agents=20
2026-03-06 10:24:37,985 | INFO | evac_sim.simulation.simulation_manager | Progress | frame=4000 | agents=20
2026-03-06 10:24:38,012 | INFO | evac_sim.simulation.simulation_manager | Progress | frame=4010 | agents=20
2026-03-06 10:24:38,031 | INFO | evac_sim.simulation.simulation_manager | Progress | frame=4020 | agents=20
2026-03-06 10:24:38,050 | INFO | evac_sim.simulation.simulation_manager | Progress | frame=4030 | agents=20
2026-03-06 10:24:38,070 | INFO | evac_sim.simulation.simulation_manager | Progress | frame=4040 | agents=20
2026-03-06 10:24:38,088 | INFO | evac_sim.simulation.simulation_manager | Progress | frame=4050 | agents=20
2026-03-06 10:24:38,116 | INFO | evac_sim.simulation.simulation_manager | Progress | frame=4060 | agents=20
2026-03-06 10:24:38,135 | INFO | evac_sim.simulation.simulation_manager | Progress | frame=4070 | agents=20
2026-03-06 10:24:38,153 | INFO | evac_sim.simulation.simulation_manager | Progress | frame=4080 | agents=20
2026-03-06 10:24:38,172 | INFO | evac_sim.simulation.simulation_manager | Progress | frame=4090 | agents=19
2026-03-06 10:24:38,191 | INFO | evac_sim.simulation.simulation_manager | Progress | frame=4100 | agents=19
2026-03-06 10:24:38,218 | INFO | evac_sim.simulation.simulation_manager | Progress | frame=4110 | agents=19
2026-03-06 10:24:38,237 | INFO | evac_sim.simulation.simulation_manager | Progress | frame=4120 | agents=19
2026-03-06 10:24:38,256 | INFO | evac_sim.simulation.simulation_manager | Progress | frame=4130 | agents=19
2026-03-06 10:24:38,275 | INFO | evac_sim.simulation.simulation_manager | Progress | frame=4140 | agents=18
2026-03-06 10:24:38,294 | INFO | evac_sim.simulation.simulation_manager | Progress | frame=4150 | agents=18
2026-03-06 10:24:38,320 | INFO | evac_sim.simulation.simulation_manager | Progress | frame=4160 | agents=18
2026-03-06 10:24:38,339 | INFO | evac_sim.simulation.simulation_manager | Progress | frame=4170 | agents=18
2026-03-06 10:24:38,358 | INFO | evac_sim.simulation.simulation_manager | Progress | frame=4180 | agents=18
2026-03-06 10:24:38,377 | INFO | evac_sim.simulation.simulation_manager | Progress | frame=4190 | agents=17
2026-03-06 10:24:38,396 | INFO | evac_sim.simulation.simulation_manager | Progress | frame=4200 | agents=17
2026-03-06 10:24:38,422 | INFO | evac_sim.simulation.simulation_manager | Progress | frame=4210 | agents=17
2026-03-06 10:24:38,441 | INFO | evac_sim.simulation.simulation_manager | Progress | frame=4220 | agents=17
2026-03-06 10:24:38,459 | INFO | evac_sim.simulation.simulation_manager | Progress | frame=4230 | agents=17
2026-03-06 10:24:38,478 | INFO | evac_sim.simulation.simulation_manager | Progress | frame=4240 | agents=17
2026-03-06 10:24:38,497 | INFO | evac_sim.simulation.simulation_manager | Progress | frame=4250 | agents=17
2026-03-06 10:24:38,523 | INFO | evac_sim.simulation.simulation_manager | Progress | frame=4260 | agents=16
2026-03-06 10:24:38,542 | INFO | evac_sim.simulation.simulation_manager | Progress | frame=4270 | agents=16
2026-03-06 10:24:38,561 | INFO | evac_sim.simulation.simulation_manager | Progress | frame=4280 | agents=16
2026-03-06 10:24:38,579 | INFO | evac_sim.simulation.simulation_manager | Progress | frame=4290 | agents=16
2026-03-06 10:24:38,599 | INFO | evac_sim.simulation.simulation_manager | Progress | frame=4300 | agents=16
2026-03-06 10:24:38,626 | INFO | evac_sim.simulation.simulation_manager | Progress | frame=4310 | agents=15
2026-03-06 10:24:38,645 | INFO | evac_sim.simulation.simulation_manager | Progress | frame=4320 | agents=15
2026-03-06 10:24:38,664 | INFO | evac_sim.simulation.simulation_manager | Progress | frame=4330 | agents=15
2026-03-06 10:24:38,682 | INFO | evac_sim.simulation.simulation_manager | Progress | frame=4340 | agents=15
2026-03-06 10:24:38,701 | INFO | evac_sim.simulation.simulation_manager | Progress | frame=4350 | agents=15
2026-03-06 10:24:38,729 | INFO | evac_sim.simulation.simulation_manager | Progress | frame=4360 | agents=14
2026-03-06 10:24:38,748 | INFO | evac_sim.simulation.simulation_manager | Progress | frame=4370 | agents=14
2026-03-06 10:24:38,767 | INFO | evac_sim.simulation.simulation_manager | Progress | frame=4380 | agents=14
2026-03-06 10:24:38,785 | INFO | evac_sim.simulation.simulation_manager | Progress | frame=4390 | agents=14
2026-03-06 10:24:38,804 | INFO | evac_sim.simulation.simulation_manager | Progress | frame=4400 | agents=14
2026-03-06 10:24:38,830 | INFO | evac_sim.simulation.simulation_manager | Progress | frame=4410 | agents=13
2026-03-06 10:24:38,848 | INFO | evac_sim.simulation.simulation_manager | Progress | frame=4420 | agents=13
2026-03-06 10:24:38,867 | INFO | evac_sim.simulation.simulation_manager | Progress | frame=4430 | agents=13
2026-03-06 10:24:38,886 | INFO | evac_sim.simulation.simulation_manager | Progress | frame=4440 | agents=13
2026-03-06 10:24:38,904 | INFO | evac_sim.simulation.simulation_manager | Progress | frame=4450 | agents=13
2026-03-06 10:24:38,934 | INFO | evac_sim.simulation.simulation_manager | Progress | frame=4460 | agents=12
2026-03-06 10:24:38,953 | INFO | evac_sim.simulation.simulation_manager | Progress | frame=4470 | agents=12
2026-03-06 10:24:38,973 | INFO | evac_sim.simulation.simulation_manager | Progress | frame=4480 | agents=12
2026-03-06 10:24:38,991 | INFO | evac_sim.simulation.simulation_manager | Progress | frame=4490 | agents=12
2026-03-06 10:24:39,010 | INFO | evac_sim.simulation.simulation_manager | Progress | frame=4500 | agents=11
2026-03-06 10:24:39,036 | INFO | evac_sim.simulation.simulation_manager | Progress | frame=4510 | agents=11
2026-03-06 10:24:39,054 | INFO | evac_sim.simulation.simulation_manager | Progress | frame=4520 | agents=11
2026-03-06 10:24:39,072 | INFO | evac_sim.simulation.simulation_manager | Progress | frame=4530 | agents=11
2026-03-06 10:24:39,091 | INFO | evac_sim.simulation.simulation_manager | Progress | frame=4540 | agents=11
2026-03-06 10:24:39,109 | INFO | evac_sim.simulation.simulation_manager | Progress | frame=4550 | agents=10
2026-03-06 10:24:39,137 | INFO | evac_sim.simulation.simulation_manager | Progress | frame=4560 | agents=10
2026-03-06 10:24:39,154 | INFO | evac_sim.simulation.simulation_manager | Progress | frame=4570 | agents=10
2026-03-06 10:24:39,173 | INFO | evac_sim.simulation.simulation_manager | Progress | frame=4580 | agents=10
2026-03-06 10:24:39,191 | INFO | evac_sim.simulation.simulation_manager | Progress | frame=4590 | agents=9
2026-03-06 10:24:39,209 | INFO | evac_sim.simulation.simulation_manager | Progress | frame=4600 | agents=9
2026-03-06 10:24:39,236 | INFO | evac_sim.simulation.simulation_manager | Progress | frame=4610 | agents=9
2026-03-06 10:24:39,255 | INFO | evac_sim.simulation.simulation_manager | Progress | frame=4620 | agents=9
2026-03-06 10:24:39,275 | INFO | evac_sim.simulation.simulation_manager | Progress | frame=4630 | agents=9
2026-03-06 10:24:39,293 | INFO | evac_sim.simulation.simulation_manager | Progress | frame=4640 | agents=8
2026-03-06 10:24:39,311 | INFO | evac_sim.simulation.simulation_manager | Progress | frame=4650 | agents=8
2026-03-06 10:24:39,338 | INFO | evac_sim.simulation.simulation_manager | Progress | frame=4660 | agents=8
2026-03-06 10:24:39,355 | INFO | evac_sim.simulation.simulation_manager | Progress | frame=4670 | agents=8
2026-03-06 10:24:39,374 | INFO | evac_sim.simulation.simulation_manager | Progress | frame=4680 | agents=7
2026-03-06 10:24:39,392 | INFO | evac_sim.simulation.simulation_manager | Progress | frame=4690 | agents=7
2026-03-06 10:24:39,410 | INFO | evac_sim.simulation.simulation_manager | Progress | frame=4700 | agents=7
2026-03-06 10:24:39,436 | INFO | evac_sim.simulation.simulation_manager | Progress | frame=4710 | agents=7
2026-03-06 10:24:39,455 | INFO | evac_sim.simulation.simulation_manager | Progress | frame=4720 | agents=7
2026-03-06 10:24:39,473 | INFO | evac_sim.simulation.simulation_manager | Progress | frame=4730 | agents=6
2026-03-06 10:24:39,496 | INFO | evac_sim.simulation.simulation_manager | Progress | frame=4740 | agents=6
2026-03-06 10:24:39,514 | INFO | evac_sim.simulation.simulation_manager | Progress | frame=4750 | agents=6
2026-03-06 10:24:39,537 | INFO | evac_sim.simulation.simulation_manager | Progress | frame=4760 | agents=6
2026-03-06 10:24:39,555 | INFO | evac_sim.simulation.simulation_manager | Progress | frame=4770 | agents=6
2026-03-06 10:24:39,573 | INFO | evac_sim.simulation.simulation_manager | Progress | frame=4780 | agents=5
2026-03-06 10:24:39,589 | INFO | evac_sim.simulation.simulation_manager | Progress | frame=4790 | agents=5
2026-03-06 10:24:39,606 | INFO | evac_sim.simulation.simulation_manager | Progress | frame=4800 | agents=5
2026-03-06 10:24:39,627 | INFO | evac_sim.simulation.simulation_manager | Progress | frame=4810 | agents=5
2026-03-06 10:24:39,644 | INFO | evac_sim.simulation.simulation_manager | Progress | frame=4820 | agents=5
2026-03-06 10:24:39,661 | INFO | evac_sim.simulation.simulation_manager | Progress | frame=4830 | agents=5
2026-03-06 10:24:39,678 | INFO | evac_sim.simulation.simulation_manager | Progress | frame=4840 | agents=5
2026-03-06 10:24:39,697 | INFO | evac_sim.simulation.simulation_manager | Progress | frame=4850 | agents=5
2026-03-06 10:24:39,717 | INFO | evac_sim.simulation.simulation_manager | Progress | frame=4860 | agents=4
2026-03-06 10:24:39,735 | INFO | evac_sim.simulation.simulation_manager | Progress | frame=4870 | agents=4
2026-03-06 10:24:39,753 | INFO | evac_sim.simulation.simulation_manager | Progress | frame=4880 | agents=4
2026-03-06 10:24:39,771 | INFO | evac_sim.simulation.simulation_manager | Progress | frame=4890 | agents=4
2026-03-06 10:24:39,788 | INFO | evac_sim.simulation.simulation_manager | Progress | frame=4900 | agents=4
2026-03-06 10:24:39,809 | INFO | evac_sim.simulation.simulation_manager | Progress | frame=4910 | agents=3
2026-03-06 10:24:39,826 | INFO | evac_sim.simulation.simulation_manager | Progress | frame=4920 | agents=3
2026-03-06 10:24:39,843 | INFO | evac_sim.simulation.simulation_manager | Progress | frame=4930 | agents=3
2026-03-06 10:24:39,861 | INFO | evac_sim.simulation.simulation_manager | Progress | frame=4940 | agents=3
2026-03-06 10:24:39,884 | INFO | evac_sim.simulation.simulation_manager | Progress | frame=4950 | agents=3
2026-03-06 10:24:39,909 | INFO | evac_sim.simulation.simulation_manager | Progress | frame=4960 | agents=2
2026-03-06 10:24:39,931 | INFO | evac_sim.simulation.simulation_manager | Progress | frame=4970 | agents=2
2026-03-06 10:24:39,952 | INFO | evac_sim.simulation.simulation_manager | Progress | frame=4980 | agents=2
2026-03-06 10:24:39,972 | INFO | evac_sim.simulation.simulation_manager | Progress | frame=4990 | agents=2
2026-03-06 10:24:39,994 | INFO | evac_sim.simulation.simulation_manager | Progress | frame=5000 | agents=2
2026-03-06 10:24:40,020 | INFO | evac_sim.simulation.simulation_manager | Progress | frame=5010 | agents=1
2026-03-06 10:24:40,039 | INFO | evac_sim.simulation.simulation_manager | Progress | frame=5020 | agents=1
2026-03-06 10:24:40,060 | INFO | evac_sim.simulation.simulation_manager | Progress | frame=5030 | agents=1
2026-03-06 10:24:40,084 | INFO | evac_sim.simulation.simulation_manager | Progress | frame=5040 | agents=1
2026-03-06 10:24:40,102 | INFO | evac_sim.simulation.simulation_manager | Progress | frame=5050 | agents=1
2026-03-06 10:24:40,111 | INFO | evac_sim.simulation.simulation_manager | Simulation end | last_frame=5053
2026-03-06 10:24:40,143 | INFO | evac_sim.runner | Metrics preview | mode=2 group=82 agents=5 min=13068.000 avg=13512.000 median=13350.000 p90=14007.600 max=14172.000
2026-03-06 10:24:40,154 | INFO | evac_sim.runner | Metrics preview | mode=2 group=83 agents=5 min=14574.000 avg=14868.000 median=14874.000 p90=15102.600 max=15159.000
2026-03-06 10:24:40,164 | INFO | evac_sim.runner | Metrics preview | mode=2 group=73 agents=6 min=11187.000 avg=11581.500 median=11592.000 p90=11869.500 max=11937.000
2026-03-06 10:24:40,175 | INFO | evac_sim.runner | Metrics preview | mode=2 group=77 agents=6 min=8472.000 avg=8960.000 median=8976.000 p90=9307.500 max=9390.000
2026-03-06 10:24:40,189 | INFO | evac_sim.runner | Metrics preview | mode=2 group=92 agents=10 min=12261.000 avg=13230.000 median=13204.500 p90=14064.300 max=14310.000
2026-03-06 10:24:40,191 | INFO | evac_sim.runner | Finished mode=2
2026-03-06 10:24:40,191 | INFO | evac_sim.runner | Mode start | mode=3 env=Cruise_Ship case=unknown
2026-03-06 10:24:40,252 | INFO | evac_sim.simulation.simulation_manager | Simulation start | agents=32
2026-03-06 10:24:40,297 | INFO | evac_sim.simulation.simulation_manager | Progress | frame=10 | agents=32
2026-03-06 10:24:40,321 | INFO | evac_sim.simulation.simulation_manager | Progress | frame=20 | agents=32
2026-03-06 10:24:40,347 | INFO | evac_sim.simulation.simulation_manager | Progress | frame=30 | agents=32
2026-03-06 10:24:40,371 | INFO | evac_sim.simulation.simulation_manager | Progress | frame=40 | agents=32
2026-03-06 10:24:40,398 | INFO | evac_sim.simulation.simulation_manager | Progress | frame=50 | agents=32
2026-03-06 10:24:40,439 | INFO | evac_sim.simulation.simulation_manager | Progress | frame=60 | agents=32
2026-03-06 10:24:40,467 | INFO | evac_sim.simulation.simulation_manager | Progress | frame=70 | agents=32
2026-03-06 10:24:40,491 | INFO | evac_sim.simulation.simulation_manager | Progress | frame=80 | agents=32
2026-03-06 10:24:40,514 | INFO | evac_sim.simulation.simulation_manager | Progress | frame=90 | agents=32
2026-03-06 10:24:40,540 | INFO | evac_sim.simulation.simulation_manager | Progress | frame=100 | agents=32
2026-03-06 10:24:40,583 | INFO | evac_sim.simulation.simulation_manager | Progress | frame=110 | agents=32
2026-03-06 10:24:40,609 | INFO | evac_sim.simulation.simulation_manager | Progress | frame=120 | agents=32
2026-03-06 10:24:40,636 | INFO | evac_sim.simulation.simulation_manager | Progress | frame=130 | agents=32
2026-03-06 10:24:40,662 | INFO | evac_sim.simulation.simulation_manager | Progress | frame=140 | agents=32
2026-03-06 10:24:40,687 | INFO | evac_sim.simulation.simulation_manager | Progress | frame=150 | agents=32
2026-03-06 10:24:40,732 | INFO | evac_sim.simulation.simulation_manager | Progress | frame=160 | agents=32
2026-03-06 10:24:40,759 | INFO | evac_sim.simulation.simulation_manager | Progress | frame=170 | agents=32
2026-03-06 10:24:40,786 | INFO | evac_sim.simulation.simulation_manager | Progress | frame=180 | agents=32
2026-03-06 10:24:40,814 | INFO | evac_sim.simulation.simulation_manager | Progress | frame=190 | agents=32
2026-03-06 10:24:40,835 | INFO | evac_sim.simulation.simulation_manager | Progress | frame=200 | agents=32
2026-03-06 10:24:40,872 | INFO | evac_sim.simulation.simulation_manager | Progress | frame=210 | agents=32
2026-03-06 10:24:40,893 | INFO | evac_sim.simulation.simulation_manager | Progress | frame=220 | agents=32
2026-03-06 10:24:40,915 | INFO | evac_sim.simulation.simulation_manager | Progress | frame=230 | agents=32
2026-03-06 10:24:40,937 | INFO | evac_sim.simulation.simulation_manager | Progress | frame=240 | agents=32
2026-03-06 10:24:40,959 | INFO | evac_sim.simulation.simulation_manager | Progress | frame=250 | agents=32
2026-03-06 10:24:40,994 | INFO | evac_sim.simulation.simulation_manager | Progress | frame=260 | agents=32
2026-03-06 10:24:41,015 | INFO | evac_sim.simulation.simulation_manager | Progress | frame=270 | agents=32
2026-03-06 10:24:41,038 | INFO | evac_sim.simulation.simulation_manager | Progress | frame=280 | agents=32
2026-03-06 10:24:41,059 | INFO | evac_sim.simulation.simulation_manager | Progress | frame=290 | agents=32
2026-03-06 10:24:41,080 | INFO | evac_sim.simulation.simulation_manager | Progress | frame=300 | agents=32
2026-03-06 10:24:41,115 | INFO | evac_sim.simulation.simulation_manager | Progress | frame=310 | agents=32
2026-03-06 10:24:41,136 | INFO | evac_sim.simulation.simulation_manager | Progress | frame=320 | agents=32
2026-03-06 10:24:41,157 | INFO | evac_sim.simulation.simulation_manager | Progress | frame=330 | agents=32
2026-03-06 10:24:41,179 | INFO | evac_sim.simulation.simulation_manager | Progress | frame=340 | agents=32
2026-03-06 10:24:41,200 | INFO | evac_sim.simulation.simulation_manager | Progress | frame=350 | agents=32
2026-03-06 10:24:41,233 | INFO | evac_sim.simulation.simulation_manager | Progress | frame=360 | agents=32
2026-03-06 10:24:41,254 | INFO | evac_sim.simulation.simulation_manager | Progress | frame=370 | agents=32
2026-03-06 10:24:41,276 | INFO | evac_sim.simulation.simulation_manager | Progress | frame=380 | agents=32
2026-03-06 10:24:41,295 | INFO | evac_sim.simulation.simulation_manager | Progress | frame=390 | agents=32
2026-03-06 10:24:41,315 | INFO | evac_sim.simulation.simulation_manager | Progress | frame=400 | agents=32
2026-03-06 10:24:41,322 | INFO | evac_sim.simulation.simulation_manager | Reroute applied | frame=400 | group=83 | agents=5 | curr=92 next=91 | old_len=49 new_len=49
2026-03-06 10:24:41,556 | INFO | evac_sim.simulation.simulation_manager | Reroute applied | frame=400 | group=73 | agents=6 | curr=57 next=56 | old_len=44 new_len=47
2026-03-06 10:24:41,563 | INFO | evac_sim.simulation.simulation_manager | Reroute applied | frame=400 | group=92 | agents=10 | curr=61 next=60 | old_len=46 new_len=49
2026-03-06 10:24:41,585 | INFO | evac_sim.simulation.simulation_manager | Progress | frame=410 | agents=32
2026-03-06 10:24:41,605 | INFO | evac_sim.simulation.simulation_manager | Progress | frame=420 | agents=32
2026-03-06 10:24:41,626 | INFO | evac_sim.simulation.simulation_manager | Progress | frame=430 | agents=32
2026-03-06 10:24:41,646 | INFO | evac_sim.simulation.simulation_manager | Progress | frame=440 | agents=32
2026-03-06 10:24:41,667 | INFO | evac_sim.simulation.simulation_manager | Progress | frame=450 | agents=32
2026-03-06 10:24:41,703 | INFO | evac_sim.simulation.simulation_manager | Progress | frame=460 | agents=32
2026-03-06 10:24:41,723 | INFO | evac_sim.simulation.simulation_manager | Progress | frame=470 | agents=32
2026-03-06 10:24:41,744 | INFO | evac_sim.simulation.simulation_manager | Progress | frame=480 | agents=32
2026-03-06 10:24:41,764 | INFO | evac_sim.simulation.simulation_manager | Progress | frame=490 | agents=32
2026-03-06 10:24:41,784 | INFO | evac_sim.simulation.simulation_manager | Progress | frame=500 | agents=32
2026-03-06 10:24:41,818 | INFO | evac_sim.simulation.simulation_manager | Progress | frame=510 | agents=32
2026-03-06 10:24:41,838 | INFO | evac_sim.simulation.simulation_manager | Progress | frame=520 | agents=32
2026-03-06 10:24:41,860 | INFO | evac_sim.simulation.simulation_manager | Progress | frame=530 | agents=32
2026-03-06 10:24:41,885 | INFO | evac_sim.simulation.simulation_manager | Progress | frame=540 | agents=32
2026-03-06 10:24:41,908 | INFO | evac_sim.simulation.simulation_manager | Progress | frame=550 | agents=32
2026-03-06 10:24:41,950 | INFO | evac_sim.simulation.simulation_manager | Progress | frame=560 | agents=32
2026-03-06 10:24:41,976 | INFO | evac_sim.simulation.simulation_manager | Progress | frame=570 | agents=32
2026-03-06 10:24:42,001 | INFO | evac_sim.simulation.simulation_manager | Progress | frame=580 | agents=32
2026-03-06 10:24:42,024 | INFO | evac_sim.simulation.simulation_manager | Progress | frame=590 | agents=32
2026-03-06 10:24:42,050 | INFO | evac_sim.simulation.simulation_manager | Progress | frame=600 | agents=32
2026-03-06 10:24:42,092 | INFO | evac_sim.simulation.simulation_manager | Progress | frame=610 | agents=32
2026-03-06 10:24:42,113 | INFO | evac_sim.simulation.simulation_manager | Progress | frame=620 | agents=32
2026-03-06 10:24:42,134 | INFO | evac_sim.simulation.simulation_manager | Progress | frame=630 | agents=32
2026-03-06 10:24:42,155 | INFO | evac_sim.simulation.simulation_manager | Progress | frame=640 | agents=32
2026-03-06 10:24:42,177 | INFO | evac_sim.simulation.simulation_manager | Progress | frame=650 | agents=32
2026-03-06 10:24:42,211 | INFO | evac_sim.simulation.simulation_manager | Progress | frame=660 | agents=32
2026-03-06 10:24:42,232 | INFO | evac_sim.simulation.simulation_manager | Progress | frame=670 | agents=32
2026-03-06 10:24:42,253 | INFO | evac_sim.simulation.simulation_manager | Progress | frame=680 | agents=32
2026-03-06 10:24:42,274 | INFO | evac_sim.simulation.simulation_manager | Progress | frame=690 | agents=32
2026-03-06 10:24:42,295 | INFO | evac_sim.simulation.simulation_manager | Progress | frame=700 | agents=32
2026-03-06 10:24:42,330 | INFO | evac_sim.simulation.simulation_manager | Progress | frame=710 | agents=32
2026-03-06 10:24:42,350 | INFO | evac_sim.simulation.simulation_manager | Progress | frame=720 | agents=32
2026-03-06 10:24:42,371 | INFO | evac_sim.simulation.simulation_manager | Progress | frame=730 | agents=32
2026-03-06 10:24:42,393 | INFO | evac_sim.simulation.simulation_manager | Progress | frame=740 | agents=32
2026-03-06 10:24:42,413 | INFO | evac_sim.simulation.simulation_manager | Progress | frame=750 | agents=32
2026-03-06 10:24:42,448 | INFO | evac_sim.simulation.simulation_manager | Progress | frame=760 | agents=32
2026-03-06 10:24:42,469 | INFO | evac_sim.simulation.simulation_manager | Progress | frame=770 | agents=32
2026-03-06 10:24:42,489 | INFO | evac_sim.simulation.simulation_manager | Progress | frame=780 | agents=32
2026-03-06 10:24:42,510 | INFO | evac_sim.simulation.simulation_manager | Progress | frame=790 | agents=32
2026-03-06 10:24:42,531 | INFO | evac_sim.simulation.simulation_manager | Progress | frame=800 | agents=32
2026-03-06 10:24:42,565 | INFO | evac_sim.simulation.simulation_manager | Progress | frame=810 | agents=32
2026-03-06 10:24:42,586 | INFO | evac_sim.simulation.simulation_manager | Progress | frame=820 | agents=32
2026-03-06 10:24:42,607 | INFO | evac_sim.simulation.simulation_manager | Progress | frame=830 | agents=32
2026-03-06 10:24:42,628 | INFO | evac_sim.simulation.simulation_manager | Progress | frame=840 | agents=32
2026-03-06 10:24:42,649 | INFO | evac_sim.simulation.simulation_manager | Progress | frame=850 | agents=32
2026-03-06 10:24:42,684 | INFO | evac_sim.simulation.simulation_manager | Progress | frame=860 | agents=32
2026-03-06 10:24:42,704 | INFO | evac_sim.simulation.simulation_manager | Progress | frame=870 | agents=32
2026-03-06 10:24:42,726 | INFO | evac_sim.simulation.simulation_manager | Progress | frame=880 | agents=32
2026-03-06 10:24:42,747 | INFO | evac_sim.simulation.simulation_manager | Progress | frame=890 | agents=32
2026-03-06 10:24:42,768 | INFO | evac_sim.simulation.simulation_manager | Progress | frame=900 | agents=32
2026-03-06 10:24:42,801 | INFO | evac_sim.simulation.simulation_manager | Progress | frame=910 | agents=32
2026-03-06 10:24:42,822 | INFO | evac_sim.simulation.simulation_manager | Progress | frame=920 | agents=32
2026-03-06 10:24:42,843 | INFO | evac_sim.simulation.simulation_manager | Progress | frame=930 | agents=32
2026-03-06 10:24:42,864 | INFO | evac_sim.simulation.simulation_manager | Progress | frame=940 | agents=32
2026-03-06 10:24:42,884 | INFO | evac_sim.simulation.simulation_manager | Progress | frame=950 | agents=32
2026-03-06 10:24:42,918 | INFO | evac_sim.simulation.simulation_manager | Progress | frame=960 | agents=32
2026-03-06 10:24:42,939 | INFO | evac_sim.simulation.simulation_manager | Progress | frame=970 | agents=32
2026-03-06 10:24:42,960 | INFO | evac_sim.simulation.simulation_manager | Progress | frame=980 | agents=32
2026-03-06 10:24:42,981 | INFO | evac_sim.simulation.simulation_manager | Progress | frame=990 | agents=32
2026-03-06 10:24:43,001 | INFO | evac_sim.simulation.simulation_manager | Progress | frame=1000 | agents=32
2026-03-06 10:24:43,035 | INFO | evac_sim.simulation.simulation_manager | Progress | frame=1010 | agents=32
2026-03-06 10:24:43,058 | INFO | evac_sim.simulation.simulation_manager | Progress | frame=1020 | agents=32
2026-03-06 10:24:43,078 | INFO | evac_sim.simulation.simulation_manager | Progress | frame=1030 | agents=32
2026-03-06 10:24:43,098 | INFO | evac_sim.simulation.simulation_manager | Progress | frame=1040 | agents=32
2026-03-06 10:24:43,118 | INFO | evac_sim.simulation.simulation_manager | Progress | frame=1050 | agents=32
2026-03-06 10:24:43,152 | INFO | evac_sim.simulation.simulation_manager | Progress | frame=1060 | agents=32
2026-03-06 10:24:43,173 | INFO | evac_sim.simulation.simulation_manager | Progress | frame=1070 | agents=32
2026-03-06 10:24:43,194 | INFO | evac_sim.simulation.simulation_manager | Progress | frame=1080 | agents=32
2026-03-06 10:24:43,214 | INFO | evac_sim.simulation.simulation_manager | Progress | frame=1090 | agents=32
2026-03-06 10:24:43,235 | INFO | evac_sim.simulation.simulation_manager | Progress | frame=1100 | agents=32
2026-03-06 10:24:43,270 | INFO | evac_sim.simulation.simulation_manager | Progress | frame=1110 | agents=32
2026-03-06 10:24:43,291 | INFO | evac_sim.simulation.simulation_manager | Progress | frame=1120 | agents=32
2026-03-06 10:24:43,312 | INFO | evac_sim.simulation.simulation_manager | Progress | frame=1130 | agents=32
2026-03-06 10:24:43,333 | INFO | evac_sim.simulation.simulation_manager | Progress | frame=1140 | agents=32
2026-03-06 10:24:43,354 | INFO | evac_sim.simulation.simulation_manager | Progress | frame=1150 | agents=32
2026-03-06 10:24:43,389 | INFO | evac_sim.simulation.simulation_manager | Progress | frame=1160 | agents=32
2026-03-06 10:24:43,411 | INFO | evac_sim.simulation.simulation_manager | Progress | frame=1170 | agents=32
2026-03-06 10:24:43,431 | INFO | evac_sim.simulation.simulation_manager | Progress | frame=1180 | agents=32
2026-03-06 10:24:43,452 | INFO | evac_sim.simulation.simulation_manager | Progress | frame=1190 | agents=32
2026-03-06 10:24:43,473 | INFO | evac_sim.simulation.simulation_manager | Progress | frame=1200 | agents=32
2026-03-06 10:24:43,508 | INFO | evac_sim.simulation.simulation_manager | Progress | frame=1210 | agents=32
2026-03-06 10:24:43,530 | INFO | evac_sim.simulation.simulation_manager | Progress | frame=1220 | agents=32
2026-03-06 10:24:43,551 | INFO | evac_sim.simulation.simulation_manager | Progress | frame=1230 | agents=32
2026-03-06 10:24:43,572 | INFO | evac_sim.simulation.simulation_manager | Progress | frame=1240 | agents=32
2026-03-06 10:24:43,593 | INFO | evac_sim.simulation.simulation_manager | Progress | frame=1250 | agents=32
2026-03-06 10:24:43,628 | INFO | evac_sim.simulation.simulation_manager | Progress | frame=1260 | agents=32
2026-03-06 10:24:43,649 | INFO | evac_sim.simulation.simulation_manager | Progress | frame=1270 | agents=32
2026-03-06 10:24:43,670 | INFO | evac_sim.simulation.simulation_manager | Progress | frame=1280 | agents=32
2026-03-06 10:24:43,692 | INFO | evac_sim.simulation.simulation_manager | Progress | frame=1290 | agents=32
2026-03-06 10:24:43,715 | INFO | evac_sim.simulation.simulation_manager | Progress | frame=1300 | agents=32
2026-03-06 10:24:43,750 | INFO | evac_sim.simulation.simulation_manager | Progress | frame=1310 | agents=32
2026-03-06 10:24:43,771 | INFO | evac_sim.simulation.simulation_manager | Progress | frame=1320 | agents=32
2026-03-06 10:24:43,793 | INFO | evac_sim.simulation.simulation_manager | Progress | frame=1330 | agents=32
2026-03-06 10:24:43,815 | INFO | evac_sim.simulation.simulation_manager | Progress | frame=1340 | agents=32
2026-03-06 10:24:43,836 | INFO | evac_sim.simulation.simulation_manager | Progress | frame=1350 | agents=32
2026-03-06 10:24:43,870 | INFO | evac_sim.simulation.simulation_manager | Progress | frame=1360 | agents=32
2026-03-06 10:24:43,891 | INFO | evac_sim.simulation.simulation_manager | Progress | frame=1370 | agents=32
2026-03-06 10:24:43,913 | INFO | evac_sim.simulation.simulation_manager | Progress | frame=1380 | agents=32
2026-03-06 10:24:43,935 | INFO | evac_sim.simulation.simulation_manager | Progress | frame=1390 | agents=32
2026-03-06 10:24:43,956 | INFO | evac_sim.simulation.simulation_manager | Progress | frame=1400 | agents=32
2026-03-06 10:24:43,992 | INFO | evac_sim.simulation.simulation_manager | Progress | frame=1410 | agents=32
2026-03-06 10:24:44,014 | INFO | evac_sim.simulation.simulation_manager | Progress | frame=1420 | agents=32
2026-03-06 10:24:44,035 | INFO | evac_sim.simulation.simulation_manager | Progress | frame=1430 | agents=32
2026-03-06 10:24:44,057 | INFO | evac_sim.simulation.simulation_manager | Progress | frame=1440 | agents=32
2026-03-06 10:24:44,079 | INFO | evac_sim.simulation.simulation_manager | Progress | frame=1450 | agents=32
2026-03-06 10:24:44,114 | INFO | evac_sim.simulation.simulation_manager | Progress | frame=1460 | agents=32
2026-03-06 10:24:44,136 | INFO | evac_sim.simulation.simulation_manager | Progress | frame=1470 | agents=32
2026-03-06 10:24:44,158 | INFO | evac_sim.simulation.simulation_manager | Progress | frame=1480 | agents=32
2026-03-06 10:24:44,180 | INFO | evac_sim.simulation.simulation_manager | Progress | frame=1490 | agents=32
2026-03-06 10:24:44,202 | INFO | evac_sim.simulation.simulation_manager | Progress | frame=1500 | agents=32
2026-03-06 10:24:44,243 | INFO | evac_sim.simulation.simulation_manager | Progress | frame=1510 | agents=32
2026-03-06 10:24:44,267 | INFO | evac_sim.simulation.simulation_manager | Progress | frame=1520 | agents=32
2026-03-06 10:24:44,293 | INFO | evac_sim.simulation.simulation_manager | Progress | frame=1530 | agents=32
2026-03-06 10:24:44,316 | INFO | evac_sim.simulation.simulation_manager | Progress | frame=1540 | agents=32
2026-03-06 10:24:44,343 | INFO | evac_sim.simulation.simulation_manager | Progress | frame=1550 | agents=32
2026-03-06 10:24:44,388 | INFO | evac_sim.simulation.simulation_manager | Progress | frame=1560 | agents=32
2026-03-06 10:24:44,415 | INFO | evac_sim.simulation.simulation_manager | Progress | frame=1570 | agents=32
2026-03-06 10:24:44,442 | INFO | evac_sim.simulation.simulation_manager | Progress | frame=1580 | agents=32
2026-03-06 10:24:44,465 | INFO | evac_sim.simulation.simulation_manager | Progress | frame=1590 | agents=32
2026-03-06 10:24:44,492 | INFO | evac_sim.simulation.simulation_manager | Progress | frame=1600 | agents=32
2026-03-06 10:24:44,540 | INFO | evac_sim.simulation.simulation_manager | Progress | frame=1610 | agents=32
2026-03-06 10:24:44,564 | INFO | evac_sim.simulation.simulation_manager | Progress | frame=1620 | agents=32
2026-03-06 10:24:44,589 | INFO | evac_sim.simulation.simulation_manager | Progress | frame=1630 | agents=32
2026-03-06 10:24:44,616 | INFO | evac_sim.simulation.simulation_manager | Progress | frame=1640 | agents=32
2026-03-06 10:24:44,637 | INFO | evac_sim.simulation.simulation_manager | Progress | frame=1650 | agents=32
2026-03-06 10:24:44,672 | INFO | evac_sim.simulation.simulation_manager | Progress | frame=1660 | agents=32
2026-03-06 10:24:44,694 | INFO | evac_sim.simulation.simulation_manager | Progress | frame=1670 | agents=32
2026-03-06 10:24:44,715 | INFO | evac_sim.simulation.simulation_manager | Progress | frame=1680 | agents=32
2026-03-06 10:24:44,738 | INFO | evac_sim.simulation.simulation_manager | Progress | frame=1690 | agents=32
2026-03-06 10:24:44,760 | INFO | evac_sim.simulation.simulation_manager | Progress | frame=1700 | agents=32
2026-03-06 10:24:44,796 | INFO | evac_sim.simulation.simulation_manager | Progress | frame=1710 | agents=32
2026-03-06 10:24:44,818 | INFO | evac_sim.simulation.simulation_manager | Progress | frame=1720 | agents=32
2026-03-06 10:24:44,839 | INFO | evac_sim.simulation.simulation_manager | Progress | frame=1730 | agents=32
2026-03-06 10:24:44,861 | INFO | evac_sim.simulation.simulation_manager | Progress | frame=1740 | agents=32
2026-03-06 10:24:44,882 | INFO | evac_sim.simulation.simulation_manager | Progress | frame=1750 | agents=32
2026-03-06 10:24:44,917 | INFO | evac_sim.simulation.simulation_manager | Progress | frame=1760 | agents=32
2026-03-06 10:24:44,938 | INFO | evac_sim.simulation.simulation_manager | Progress | frame=1770 | agents=32
2026-03-06 10:24:44,960 | INFO | evac_sim.simulation.simulation_manager | Progress | frame=1780 | agents=32
2026-03-06 10:24:44,981 | INFO | evac_sim.simulation.simulation_manager | Progress | frame=1790 | agents=32
2026-03-06 10:24:45,002 | INFO | evac_sim.simulation.simulation_manager | Progress | frame=1800 | agents=32
2026-03-06 10:24:45,037 | INFO | evac_sim.simulation.simulation_manager | Progress | frame=1810 | agents=32
2026-03-06 10:24:45,058 | INFO | evac_sim.simulation.simulation_manager | Progress | frame=1820 | agents=32
2026-03-06 10:24:45,080 | INFO | evac_sim.simulation.simulation_manager | Progress | frame=1830 | agents=32
2026-03-06 10:24:45,101 | INFO | evac_sim.simulation.simulation_manager | Progress | frame=1840 | agents=32
2026-03-06 10:24:45,123 | INFO | evac_sim.simulation.simulation_manager | Progress | frame=1850 | agents=32
2026-03-06 10:24:45,160 | INFO | evac_sim.simulation.simulation_manager | Progress | frame=1860 | agents=32
2026-03-06 10:24:45,180 | INFO | evac_sim.simulation.simulation_manager | Progress | frame=1870 | agents=32
2026-03-06 10:24:45,201 | INFO | evac_sim.simulation.simulation_manager | Progress | frame=1880 | agents=32
2026-03-06 10:24:45,222 | INFO | evac_sim.simulation.simulation_manager | Progress | frame=1890 | agents=32
2026-03-06 10:24:45,245 | INFO | evac_sim.simulation.simulation_manager | Progress | frame=1900 | agents=32
2026-03-06 10:24:45,280 | INFO | evac_sim.simulation.simulation_manager | Progress | frame=1910 | agents=32
2026-03-06 10:24:45,301 | INFO | evac_sim.simulation.simulation_manager | Progress | frame=1920 | agents=32
2026-03-06 10:24:45,322 | INFO | evac_sim.simulation.simulation_manager | Progress | frame=1930 | agents=32
2026-03-06 10:24:45,345 | INFO | evac_sim.simulation.simulation_manager | Progress | frame=1940 | agents=32
2026-03-06 10:24:45,367 | INFO | evac_sim.simulation.simulation_manager | Progress | frame=1950 | agents=32
2026-03-06 10:24:45,403 | INFO | evac_sim.simulation.simulation_manager | Progress | frame=1960 | agents=32
2026-03-06 10:24:45,425 | INFO | evac_sim.simulation.simulation_manager | Progress | frame=1970 | agents=32
2026-03-06 10:24:45,446 | INFO | evac_sim.simulation.simulation_manager | Progress | frame=1980 | agents=32
2026-03-06 10:24:45,467 | INFO | evac_sim.simulation.simulation_manager | Progress | frame=1990 | agents=32
2026-03-06 10:24:45,490 | INFO | evac_sim.simulation.simulation_manager | Progress | frame=2000 | agents=32
2026-03-06 10:24:45,531 | INFO | evac_sim.simulation.simulation_manager | Progress | frame=2010 | agents=32
2026-03-06 10:24:45,561 | INFO | evac_sim.simulation.simulation_manager | Progress | frame=2020 | agents=32
2026-03-06 10:24:45,585 | INFO | evac_sim.simulation.simulation_manager | Progress | frame=2030 | agents=32
2026-03-06 10:24:45,614 | INFO | evac_sim.simulation.simulation_manager | Progress | frame=2040 | agents=32
2026-03-06 10:24:45,637 | INFO | evac_sim.simulation.simulation_manager | Progress | frame=2050 | agents=32
2026-03-06 10:24:45,674 | INFO | evac_sim.simulation.simulation_manager | Progress | frame=2060 | agents=32
2026-03-06 10:24:45,695 | INFO | evac_sim.simulation.simulation_manager | Progress | frame=2070 | agents=32
2026-03-06 10:24:45,717 | INFO | evac_sim.simulation.simulation_manager | Progress | frame=2080 | agents=32
2026-03-06 10:24:45,738 | INFO | evac_sim.simulation.simulation_manager | Progress | frame=2090 | agents=32
2026-03-06 10:24:45,761 | INFO | evac_sim.simulation.simulation_manager | Progress | frame=2100 | agents=32
2026-03-06 10:24:45,798 | INFO | evac_sim.simulation.simulation_manager | Progress | frame=2110 | agents=32
2026-03-06 10:24:45,819 | INFO | evac_sim.simulation.simulation_manager | Progress | frame=2120 | agents=32
2026-03-06 10:24:45,841 | INFO | evac_sim.simulation.simulation_manager | Progress | frame=2130 | agents=32
2026-03-06 10:24:45,862 | INFO | evac_sim.simulation.simulation_manager | Progress | frame=2140 | agents=32
2026-03-06 10:24:45,884 | INFO | evac_sim.simulation.simulation_manager | Progress | frame=2150 | agents=32
2026-03-06 10:24:45,917 | INFO | evac_sim.simulation.simulation_manager | Progress | frame=2160 | agents=32
2026-03-06 10:24:45,939 | INFO | evac_sim.simulation.simulation_manager | Progress | frame=2170 | agents=32
2026-03-06 10:24:45,960 | INFO | evac_sim.simulation.simulation_manager | Progress | frame=2180 | agents=32
2026-03-06 10:24:45,980 | INFO | evac_sim.simulation.simulation_manager | Progress | frame=2190 | agents=32
2026-03-06 10:24:46,002 | INFO | evac_sim.simulation.simulation_manager | Progress | frame=2200 | agents=32
2026-03-06 10:24:46,126 | INFO | evac_sim.simulation.simulation_manager | Reroute applied | frame=2200 | group=82 | agents=5 | curr=52 next=53 | old_len=49 new_len=56
2026-03-06 10:24:46,256 | INFO | evac_sim.simulation.simulation_manager | Reroute applied | frame=2200 | group=83 | agents=5 | curr=53 next=54 | old_len=49 new_len=52
2026-03-06 10:24:46,261 | INFO | evac_sim.simulation.simulation_manager | Reroute applied | frame=2200 | group=73 | agents=6 | curr=202 next=201 | old_len=47 new_len=57
2026-03-06 10:24:46,270 | INFO | evac_sim.simulation.simulation_manager | Reroute applied | frame=2200 | group=92 | agents=10 | curr=139 next=138 | old_len=49 new_len=52
2026-03-06 10:24:46,294 | INFO | evac_sim.simulation.simulation_manager | Progress | frame=2210 | agents=32
2026-03-06 10:24:46,315 | INFO | evac_sim.simulation.simulation_manager | Progress | frame=2220 | agents=32
2026-03-06 10:24:46,337 | INFO | evac_sim.simulation.simulation_manager | Progress | frame=2230 | agents=32
2026-03-06 10:24:46,359 | INFO | evac_sim.simulation.simulation_manager | Progress | frame=2240 | agents=32
2026-03-06 10:24:46,380 | INFO | evac_sim.simulation.simulation_manager | Progress | frame=2250 | agents=32
2026-03-06 10:24:46,386 | INFO | evac_sim.simulation.simulation_manager | Reroute applied | frame=2250 | group=83 | agents=5 | curr=53 next=54 | old_len=52 new_len=56
2026-03-06 10:24:46,397 | INFO | evac_sim.simulation.simulation_manager | Reroute applied | frame=2250 | group=92 | agents=10 | curr=139 next=140 | old_len=52 new_len=56
2026-03-06 10:24:46,419 | INFO | evac_sim.simulation.simulation_manager | Progress | frame=2260 | agents=32
2026-03-06 10:24:46,440 | INFO | evac_sim.simulation.simulation_manager | Progress | frame=2270 | agents=32
2026-03-06 10:24:46,462 | INFO | evac_sim.simulation.simulation_manager | Progress | frame=2280 | agents=32
2026-03-06 10:24:46,483 | INFO | evac_sim.simulation.simulation_manager | Progress | frame=2290 | agents=32
2026-03-06 10:24:46,504 | INFO | evac_sim.simulation.simulation_manager | Progress | frame=2300 | agents=32
2026-03-06 10:24:46,539 | INFO | evac_sim.simulation.simulation_manager | Progress | frame=2310 | agents=32
2026-03-06 10:24:46,562 | INFO | evac_sim.simulation.simulation_manager | Progress | frame=2320 | agents=32
2026-03-06 10:24:46,583 | INFO | evac_sim.simulation.simulation_manager | Progress | frame=2330 | agents=32
2026-03-06 10:24:46,605 | INFO | evac_sim.simulation.simulation_manager | Progress | frame=2340 | agents=32
2026-03-06 10:24:46,627 | INFO | evac_sim.simulation.simulation_manager | Progress | frame=2350 | agents=32
2026-03-06 10:24:46,663 | INFO | evac_sim.simulation.simulation_manager | Progress | frame=2360 | agents=32
2026-03-06 10:24:46,684 | INFO | evac_sim.simulation.simulation_manager | Progress | frame=2370 | agents=32
2026-03-06 10:24:46,705 | INFO | evac_sim.simulation.simulation_manager | Progress | frame=2380 | agents=32
2026-03-06 10:24:46,727 | INFO | evac_sim.simulation.simulation_manager | Progress | frame=2390 | agents=32
2026-03-06 10:24:46,748 | INFO | evac_sim.simulation.simulation_manager | Progress | frame=2400 | agents=32
2026-03-06 10:24:46,783 | INFO | evac_sim.simulation.simulation_manager | Progress | frame=2410 | agents=32
2026-03-06 10:24:46,803 | INFO | evac_sim.simulation.simulation_manager | Progress | frame=2420 | agents=32
2026-03-06 10:24:46,825 | INFO | evac_sim.simulation.simulation_manager | Progress | frame=2430 | agents=32
2026-03-06 10:24:46,846 | INFO | evac_sim.simulation.simulation_manager | Progress | frame=2440 | agents=32
2026-03-06 10:24:46,867 | INFO | evac_sim.simulation.simulation_manager | Progress | frame=2450 | agents=32
2026-03-06 10:24:46,903 | INFO | evac_sim.simulation.simulation_manager | Progress | frame=2460 | agents=32
2026-03-06 10:24:46,924 | INFO | evac_sim.simulation.simulation_manager | Progress | frame=2470 | agents=32
2026-03-06 10:24:46,946 | INFO | evac_sim.simulation.simulation_manager | Progress | frame=2480 | agents=32
2026-03-06 10:24:46,968 | INFO | evac_sim.simulation.simulation_manager | Progress | frame=2490 | agents=32
2026-03-06 10:24:46,988 | INFO | evac_sim.simulation.simulation_manager | Progress | frame=2500 | agents=32
2026-03-06 10:24:47,025 | INFO | evac_sim.simulation.simulation_manager | Progress | frame=2510 | agents=32
2026-03-06 10:24:47,046 | INFO | evac_sim.simulation.simulation_manager | Progress | frame=2520 | agents=32
2026-03-06 10:24:47,066 | INFO | evac_sim.simulation.simulation_manager | Progress | frame=2530 | agents=32
2026-03-06 10:24:47,087 | INFO | evac_sim.simulation.simulation_manager | Progress | frame=2540 | agents=32
2026-03-06 10:24:47,108 | INFO | evac_sim.simulation.simulation_manager | Progress | frame=2550 | agents=32
2026-03-06 10:24:47,146 | INFO | evac_sim.simulation.simulation_manager | Progress | frame=2560 | agents=32
2026-03-06 10:24:47,167 | INFO | evac_sim.simulation.simulation_manager | Progress | frame=2570 | agents=32
2026-03-06 10:24:47,187 | INFO | evac_sim.simulation.simulation_manager | Progress | frame=2580 | agents=32
2026-03-06 10:24:47,208 | INFO | evac_sim.simulation.simulation_manager | Progress | frame=2590 | agents=32
2026-03-06 10:24:47,229 | INFO | evac_sim.simulation.simulation_manager | Progress | frame=2600 | agents=32
2026-03-06 10:24:47,264 | INFO | evac_sim.simulation.simulation_manager | Progress | frame=2610 | agents=32
2026-03-06 10:24:47,285 | INFO | evac_sim.simulation.simulation_manager | Progress | frame=2620 | agents=32
2026-03-06 10:24:47,306 | INFO | evac_sim.simulation.simulation_manager | Progress | frame=2630 | agents=32
2026-03-06 10:24:47,327 | INFO | evac_sim.simulation.simulation_manager | Progress | frame=2640 | agents=32
2026-03-06 10:24:47,347 | INFO | evac_sim.simulation.simulation_manager | Progress | frame=2650 | agents=32
2026-03-06 10:24:47,381 | INFO | evac_sim.simulation.simulation_manager | Progress | frame=2660 | agents=32
2026-03-06 10:24:47,403 | INFO | evac_sim.simulation.simulation_manager | Progress | frame=2670 | agents=32
2026-03-06 10:24:47,424 | INFO | evac_sim.simulation.simulation_manager | Progress | frame=2680 | agents=32
2026-03-06 10:24:47,447 | INFO | evac_sim.simulation.simulation_manager | Progress | frame=2690 | agents=32
2026-03-06 10:24:47,467 | INFO | evac_sim.simulation.simulation_manager | Progress | frame=2700 | agents=32
2026-03-06 10:24:47,502 | INFO | evac_sim.simulation.simulation_manager | Progress | frame=2710 | agents=32
2026-03-06 10:24:47,522 | INFO | evac_sim.simulation.simulation_manager | Progress | frame=2720 | agents=32
2026-03-06 10:24:47,544 | INFO | evac_sim.simulation.simulation_manager | Progress | frame=2730 | agents=32
2026-03-06 10:24:47,564 | INFO | evac_sim.simulation.simulation_manager | Progress | frame=2740 | agents=32
2026-03-06 10:24:47,583 | INFO | evac_sim.simulation.simulation_manager | Progress | frame=2750 | agents=32
2026-03-06 10:24:47,618 | INFO | evac_sim.simulation.simulation_manager | Progress | frame=2760 | agents=32
2026-03-06 10:24:47,639 | INFO | evac_sim.simulation.simulation_manager | Progress | frame=2770 | agents=32
2026-03-06 10:24:47,661 | INFO | evac_sim.simulation.simulation_manager | Progress | frame=2780 | agents=32
2026-03-06 10:24:47,681 | INFO | evac_sim.simulation.simulation_manager | Progress | frame=2790 | agents=32
2026-03-06 10:24:47,702 | INFO | evac_sim.simulation.simulation_manager | Progress | frame=2800 | agents=32
2026-03-06 10:24:47,736 | INFO | evac_sim.simulation.simulation_manager | Progress | frame=2810 | agents=32
2026-03-06 10:24:47,758 | INFO | evac_sim.simulation.simulation_manager | Progress | frame=2820 | agents=32
2026-03-06 10:24:47,778 | INFO | evac_sim.simulation.simulation_manager | Progress | frame=2830 | agents=31
2026-03-06 10:24:47,798 | INFO | evac_sim.simulation.simulation_manager | Progress | frame=2840 | agents=31
2026-03-06 10:24:47,819 | INFO | evac_sim.simulation.simulation_manager | Progress | frame=2850 | agents=31
2026-03-06 10:24:47,854 | INFO | evac_sim.simulation.simulation_manager | Progress | frame=2860 | agents=31
2026-03-06 10:24:47,874 | INFO | evac_sim.simulation.simulation_manager | Progress | frame=2870 | agents=31
2026-03-06 10:24:47,896 | INFO | evac_sim.simulation.simulation_manager | Progress | frame=2880 | agents=31
2026-03-06 10:24:47,915 | INFO | evac_sim.simulation.simulation_manager | Progress | frame=2890 | agents=31
2026-03-06 10:24:47,936 | INFO | evac_sim.simulation.simulation_manager | Progress | frame=2900 | agents=31
2026-03-06 10:24:47,971 | INFO | evac_sim.simulation.simulation_manager | Progress | frame=2910 | agents=30
2026-03-06 10:24:47,992 | INFO | evac_sim.simulation.simulation_manager | Progress | frame=2920 | agents=30
2026-03-06 10:24:48,013 | INFO | evac_sim.simulation.simulation_manager | Progress | frame=2930 | agents=30
2026-03-06 10:24:48,033 | INFO | evac_sim.simulation.simulation_manager | Progress | frame=2940 | agents=30
2026-03-06 10:24:48,055 | INFO | evac_sim.simulation.simulation_manager | Progress | frame=2950 | agents=30
2026-03-06 10:24:48,089 | INFO | evac_sim.simulation.simulation_manager | Progress | frame=2960 | agents=30
2026-03-06 10:24:48,110 | INFO | evac_sim.simulation.simulation_manager | Progress | frame=2970 | agents=29
2026-03-06 10:24:48,129 | INFO | evac_sim.simulation.simulation_manager | Progress | frame=2980 | agents=29
2026-03-06 10:24:48,150 | INFO | evac_sim.simulation.simulation_manager | Progress | frame=2990 | agents=29
2026-03-06 10:24:48,169 | INFO | evac_sim.simulation.simulation_manager | Progress | frame=3000 | agents=29
2026-03-06 10:24:48,204 | INFO | evac_sim.simulation.simulation_manager | Progress | frame=3010 | agents=29
2026-03-06 10:24:48,224 | INFO | evac_sim.simulation.simulation_manager | Progress | frame=3020 | agents=29
2026-03-06 10:24:48,244 | INFO | evac_sim.simulation.simulation_manager | Progress | frame=3030 | agents=28
2026-03-06 10:24:48,264 | INFO | evac_sim.simulation.simulation_manager | Progress | frame=3040 | agents=28
2026-03-06 10:24:48,284 | INFO | evac_sim.simulation.simulation_manager | Progress | frame=3050 | agents=28
2026-03-06 10:24:48,316 | INFO | evac_sim.simulation.simulation_manager | Progress | frame=3060 | agents=28
2026-03-06 10:24:48,335 | INFO | evac_sim.simulation.simulation_manager | Progress | frame=3070 | agents=28
2026-03-06 10:24:48,355 | INFO | evac_sim.simulation.simulation_manager | Progress | frame=3080 | agents=27
2026-03-06 10:24:48,375 | INFO | evac_sim.simulation.simulation_manager | Progress | frame=3090 | agents=27
2026-03-06 10:24:48,394 | INFO | evac_sim.simulation.simulation_manager | Progress | frame=3100 | agents=27
2026-03-06 10:24:48,427 | INFO | evac_sim.simulation.simulation_manager | Progress | frame=3110 | agents=27
2026-03-06 10:24:48,447 | INFO | evac_sim.simulation.simulation_manager | Progress | frame=3120 | agents=27
2026-03-06 10:24:48,468 | INFO | evac_sim.simulation.simulation_manager | Progress | frame=3130 | agents=27
2026-03-06 10:24:48,487 | INFO | evac_sim.simulation.simulation_manager | Progress | frame=3140 | agents=27
2026-03-06 10:24:48,510 | INFO | evac_sim.simulation.simulation_manager | Progress | frame=3150 | agents=27
2026-03-06 10:24:48,543 | INFO | evac_sim.simulation.simulation_manager | Progress | frame=3160 | agents=27
2026-03-06 10:24:48,562 | INFO | evac_sim.simulation.simulation_manager | Progress | frame=3170 | agents=27
2026-03-06 10:24:48,581 | INFO | evac_sim.simulation.simulation_manager | Progress | frame=3180 | agents=27
2026-03-06 10:24:48,602 | INFO | evac_sim.simulation.simulation_manager | Progress | frame=3190 | agents=27
2026-03-06 10:24:48,621 | INFO | evac_sim.simulation.simulation_manager | Progress | frame=3200 | agents=27
2026-03-06 10:24:48,654 | INFO | evac_sim.simulation.simulation_manager | Progress | frame=3210 | agents=27
2026-03-06 10:24:48,674 | INFO | evac_sim.simulation.simulation_manager | Progress | frame=3220 | agents=27
2026-03-06 10:24:48,694 | INFO | evac_sim.simulation.simulation_manager | Progress | frame=3230 | agents=27
2026-03-06 10:24:48,714 | INFO | evac_sim.simulation.simulation_manager | Progress | frame=3240 | agents=27
2026-03-06 10:24:48,734 | INFO | evac_sim.simulation.simulation_manager | Progress | frame=3250 | agents=27
2026-03-06 10:24:48,767 | INFO | evac_sim.simulation.simulation_manager | Progress | frame=3260 | agents=27
2026-03-06 10:24:48,787 | INFO | evac_sim.simulation.simulation_manager | Progress | frame=3270 | agents=27
2026-03-06 10:24:48,806 | INFO | evac_sim.simulation.simulation_manager | Progress | frame=3280 | agents=27
2026-03-06 10:24:48,826 | INFO | evac_sim.simulation.simulation_manager | Progress | frame=3290 | agents=27
2026-03-06 10:24:48,846 | INFO | evac_sim.simulation.simulation_manager | Progress | frame=3300 | agents=27
2026-03-06 10:24:48,879 | INFO | evac_sim.simulation.simulation_manager | Progress | frame=3310 | agents=27
2026-03-06 10:24:48,898 | INFO | evac_sim.simulation.simulation_manager | Progress | frame=3320 | agents=27
2026-03-06 10:24:48,918 | INFO | evac_sim.simulation.simulation_manager | Progress | frame=3330 | agents=26
2026-03-06 10:24:48,937 | INFO | evac_sim.simulation.simulation_manager | Progress | frame=3340 | agents=26
2026-03-06 10:24:48,958 | INFO | evac_sim.simulation.simulation_manager | Progress | frame=3350 | agents=26
2026-03-06 10:24:48,988 | INFO | evac_sim.simulation.simulation_manager | Progress | frame=3360 | agents=26
2026-03-06 10:24:49,008 | INFO | evac_sim.simulation.simulation_manager | Progress | frame=3370 | agents=26
2026-03-06 10:24:49,026 | INFO | evac_sim.simulation.simulation_manager | Progress | frame=3380 | agents=26
2026-03-06 10:24:49,046 | INFO | evac_sim.simulation.simulation_manager | Progress | frame=3390 | agents=26
2026-03-06 10:24:49,066 | INFO | evac_sim.simulation.simulation_manager | Progress | frame=3400 | agents=26
2026-03-06 10:24:49,097 | INFO | evac_sim.simulation.simulation_manager | Progress | frame=3410 | agents=26
2026-03-06 10:24:49,118 | INFO | evac_sim.simulation.simulation_manager | Progress | frame=3420 | agents=26
2026-03-06 10:24:49,137 | INFO | evac_sim.simulation.simulation_manager | Progress | frame=3430 | agents=26
2026-03-06 10:24:49,156 | INFO | evac_sim.simulation.simulation_manager | Progress | frame=3440 | agents=26
2026-03-06 10:24:49,177 | INFO | evac_sim.simulation.simulation_manager | Progress | frame=3450 | agents=26
2026-03-06 10:24:49,208 | INFO | evac_sim.simulation.simulation_manager | Progress | frame=3460 | agents=26
2026-03-06 10:24:49,229 | INFO | evac_sim.simulation.simulation_manager | Progress | frame=3470 | agents=26
2026-03-06 10:24:49,249 | INFO | evac_sim.simulation.simulation_manager | Progress | frame=3480 | agents=26
2026-03-06 10:24:49,268 | INFO | evac_sim.simulation.simulation_manager | Progress | frame=3490 | agents=26
2026-03-06 10:24:49,287 | INFO | evac_sim.simulation.simulation_manager | Progress | frame=3500 | agents=26
2026-03-06 10:24:49,319 | INFO | evac_sim.simulation.simulation_manager | Progress | frame=3510 | agents=26
2026-03-06 10:24:49,339 | INFO | evac_sim.simulation.simulation_manager | Progress | frame=3520 | agents=26
2026-03-06 10:24:49,359 | INFO | evac_sim.simulation.simulation_manager | Progress | frame=3530 | agents=26
2026-03-06 10:24:49,379 | INFO | evac_sim.simulation.simulation_manager | Progress | frame=3540 | agents=26
2026-03-06 10:24:49,399 | INFO | evac_sim.simulation.simulation_manager | Progress | frame=3550 | agents=26
2026-03-06 10:24:49,431 | INFO | evac_sim.simulation.simulation_manager | Progress | frame=3560 | agents=26
2026-03-06 10:24:49,450 | INFO | evac_sim.simulation.simulation_manager | Progress | frame=3570 | agents=26
2026-03-06 10:24:49,470 | INFO | evac_sim.simulation.simulation_manager | Progress | frame=3580 | agents=26
2026-03-06 10:24:49,496 | INFO | evac_sim.simulation.simulation_manager | Progress | frame=3590 | agents=26
2026-03-06 10:24:49,516 | INFO | evac_sim.simulation.simulation_manager | Progress | frame=3600 | agents=26
2026-03-06 10:24:49,547 | INFO | evac_sim.simulation.simulation_manager | Progress | frame=3610 | agents=26
2026-03-06 10:24:49,567 | INFO | evac_sim.simulation.simulation_manager | Progress | frame=3620 | agents=26
2026-03-06 10:24:49,586 | INFO | evac_sim.simulation.simulation_manager | Progress | frame=3630 | agents=26
2026-03-06 10:24:49,605 | INFO | evac_sim.simulation.simulation_manager | Progress | frame=3640 | agents=26
2026-03-06 10:24:49,624 | INFO | evac_sim.simulation.simulation_manager | Progress | frame=3650 | agents=26
2026-03-06 10:24:49,655 | INFO | evac_sim.simulation.simulation_manager | Progress | frame=3660 | agents=26
2026-03-06 10:24:49,675 | INFO | evac_sim.simulation.simulation_manager | Progress | frame=3670 | agents=26
2026-03-06 10:24:49,695 | INFO | evac_sim.simulation.simulation_manager | Progress | frame=3680 | agents=26
2026-03-06 10:24:49,716 | INFO | evac_sim.simulation.simulation_manager | Progress | frame=3690 | agents=26
2026-03-06 10:24:49,735 | INFO | evac_sim.simulation.simulation_manager | Progress | frame=3700 | agents=26
2026-03-06 10:24:49,766 | INFO | evac_sim.simulation.simulation_manager | Progress | frame=3710 | agents=26
2026-03-06 10:24:49,785 | INFO | evac_sim.simulation.simulation_manager | Progress | frame=3720 | agents=26
2026-03-06 10:24:49,805 | INFO | evac_sim.simulation.simulation_manager | Progress | frame=3730 | agents=26
2026-03-06 10:24:49,824 | INFO | evac_sim.simulation.simulation_manager | Progress | frame=3740 | agents=25
2026-03-06 10:24:49,843 | INFO | evac_sim.simulation.simulation_manager | Progress | frame=3750 | agents=25
2026-03-06 10:24:49,875 | INFO | evac_sim.simulation.simulation_manager | Progress | frame=3760 | agents=25
2026-03-06 10:24:49,894 | INFO | evac_sim.simulation.simulation_manager | Progress | frame=3770 | agents=25
2026-03-06 10:24:49,913 | INFO | evac_sim.simulation.simulation_manager | Progress | frame=3780 | agents=25
2026-03-06 10:24:49,932 | INFO | evac_sim.simulation.simulation_manager | Progress | frame=3790 | agents=24
2026-03-06 10:24:49,952 | INFO | evac_sim.simulation.simulation_manager | Progress | frame=3800 | agents=24
2026-03-06 10:24:49,982 | INFO | evac_sim.simulation.simulation_manager | Progress | frame=3810 | agents=24
2026-03-06 10:24:50,001 | INFO | evac_sim.simulation.simulation_manager | Progress | frame=3820 | agents=24
2026-03-06 10:24:50,021 | INFO | evac_sim.simulation.simulation_manager | Progress | frame=3830 | agents=24
2026-03-06 10:24:50,040 | INFO | evac_sim.simulation.simulation_manager | Progress | frame=3840 | agents=23
2026-03-06 10:24:50,059 | INFO | evac_sim.simulation.simulation_manager | Progress | frame=3850 | agents=23
2026-03-06 10:24:50,089 | INFO | evac_sim.simulation.simulation_manager | Progress | frame=3860 | agents=23
2026-03-06 10:24:50,109 | INFO | evac_sim.simulation.simulation_manager | Progress | frame=3870 | agents=23
2026-03-06 10:24:50,129 | INFO | evac_sim.simulation.simulation_manager | Progress | frame=3880 | agents=22
2026-03-06 10:24:50,149 | INFO | evac_sim.simulation.simulation_manager | Progress | frame=3890 | agents=22
2026-03-06 10:24:50,168 | INFO | evac_sim.simulation.simulation_manager | Progress | frame=3900 | agents=22
2026-03-06 10:24:50,198 | INFO | evac_sim.simulation.simulation_manager | Progress | frame=3910 | agents=22
2026-03-06 10:24:50,218 | INFO | evac_sim.simulation.simulation_manager | Progress | frame=3920 | agents=22
2026-03-06 10:24:50,238 | INFO | evac_sim.simulation.simulation_manager | Progress | frame=3930 | agents=21
2026-03-06 10:24:50,258 | INFO | evac_sim.simulation.simulation_manager | Progress | frame=3940 | agents=21
2026-03-06 10:24:50,277 | INFO | evac_sim.simulation.simulation_manager | Progress | frame=3950 | agents=21
2026-03-06 10:24:50,307 | INFO | evac_sim.simulation.simulation_manager | Progress | frame=3960 | agents=21
2026-03-06 10:24:50,326 | INFO | evac_sim.simulation.simulation_manager | Progress | frame=3970 | agents=20
2026-03-06 10:24:50,344 | INFO | evac_sim.simulation.simulation_manager | Progress | frame=3980 | agents=20
2026-03-06 10:24:50,363 | INFO | evac_sim.simulation.simulation_manager | Progress | frame=3990 | agents=20
2026-03-06 10:24:50,382 | INFO | evac_sim.simulation.simulation_manager | Progress | frame=4000 | agents=20
2026-03-06 10:24:50,409 | INFO | evac_sim.simulation.simulation_manager | Progress | frame=4010 | agents=20
2026-03-06 10:24:50,427 | INFO | evac_sim.simulation.simulation_manager | Progress | frame=4020 | agents=20
2026-03-06 10:24:50,446 | INFO | evac_sim.simulation.simulation_manager | Progress | frame=4030 | agents=20
2026-03-06 10:24:50,466 | INFO | evac_sim.simulation.simulation_manager | Progress | frame=4040 | agents=20
2026-03-06 10:24:50,484 | INFO | evac_sim.simulation.simulation_manager | Progress | frame=4050 | agents=20
2026-03-06 10:24:50,512 | INFO | evac_sim.simulation.simulation_manager | Progress | frame=4060 | agents=19
2026-03-06 10:24:50,530 | INFO | evac_sim.simulation.simulation_manager | Progress | frame=4070 | agents=19
2026-03-06 10:24:50,550 | INFO | evac_sim.simulation.simulation_manager | Progress | frame=4080 | agents=19
2026-03-06 10:24:50,569 | INFO | evac_sim.simulation.simulation_manager | Progress | frame=4090 | agents=19
2026-03-06 10:24:50,588 | INFO | evac_sim.simulation.simulation_manager | Progress | frame=4100 | agents=19
2026-03-06 10:24:50,615 | INFO | evac_sim.simulation.simulation_manager | Progress | frame=4110 | agents=18
2026-03-06 10:24:50,633 | INFO | evac_sim.simulation.simulation_manager | Progress | frame=4120 | agents=18
2026-03-06 10:24:50,654 | INFO | evac_sim.simulation.simulation_manager | Progress | frame=4130 | agents=18
2026-03-06 10:24:50,673 | INFO | evac_sim.simulation.simulation_manager | Progress | frame=4140 | agents=18
2026-03-06 10:24:50,693 | INFO | evac_sim.simulation.simulation_manager | Progress | frame=4150 | agents=18
2026-03-06 10:24:50,721 | INFO | evac_sim.simulation.simulation_manager | Progress | frame=4160 | agents=17
2026-03-06 10:24:50,741 | INFO | evac_sim.simulation.simulation_manager | Progress | frame=4170 | agents=17
2026-03-06 10:24:50,760 | INFO | evac_sim.simulation.simulation_manager | Progress | frame=4180 | agents=17
2026-03-06 10:24:50,780 | INFO | evac_sim.simulation.simulation_manager | Progress | frame=4190 | agents=17
2026-03-06 10:24:50,799 | INFO | evac_sim.simulation.simulation_manager | Progress | frame=4200 | agents=16
2026-03-06 10:24:50,826 | INFO | evac_sim.simulation.simulation_manager | Progress | frame=4210 | agents=16
2026-03-06 10:24:50,844 | INFO | evac_sim.simulation.simulation_manager | Progress | frame=4220 | agents=16
2026-03-06 10:24:50,864 | INFO | evac_sim.simulation.simulation_manager | Progress | frame=4230 | agents=16
2026-03-06 10:24:50,883 | INFO | evac_sim.simulation.simulation_manager | Progress | frame=4240 | agents=16
2026-03-06 10:24:50,901 | INFO | evac_sim.simulation.simulation_manager | Progress | frame=4250 | agents=15
2026-03-06 10:24:50,929 | INFO | evac_sim.simulation.simulation_manager | Progress | frame=4260 | agents=15
2026-03-06 10:24:50,947 | INFO | evac_sim.simulation.simulation_manager | Progress | frame=4270 | agents=15
2026-03-06 10:24:50,965 | INFO | evac_sim.simulation.simulation_manager | Progress | frame=4280 | agents=15
2026-03-06 10:24:50,983 | INFO | evac_sim.simulation.simulation_manager | Progress | frame=4290 | agents=14
2026-03-06 10:24:51,002 | INFO | evac_sim.simulation.simulation_manager | Progress | frame=4300 | agents=14
2026-03-06 10:24:51,029 | INFO | evac_sim.simulation.simulation_manager | Progress | frame=4310 | agents=14
2026-03-06 10:24:51,047 | INFO | evac_sim.simulation.simulation_manager | Progress | frame=4320 | agents=14
2026-03-06 10:24:51,067 | INFO | evac_sim.simulation.simulation_manager | Progress | frame=4330 | agents=14
2026-03-06 10:24:51,084 | INFO | evac_sim.simulation.simulation_manager | Progress | frame=4340 | agents=13
2026-03-06 10:24:51,107 | INFO | evac_sim.simulation.simulation_manager | Progress | frame=4350 | agents=13
2026-03-06 10:24:51,141 | INFO | evac_sim.simulation.simulation_manager | Progress | frame=4360 | agents=13
2026-03-06 10:24:51,163 | INFO | evac_sim.simulation.simulation_manager | Progress | frame=4370 | agents=13
2026-03-06 10:24:51,184 | INFO | evac_sim.simulation.simulation_manager | Progress | frame=4380 | agents=12
2026-03-06 10:24:51,205 | INFO | evac_sim.simulation.simulation_manager | Progress | frame=4390 | agents=12
2026-03-06 10:24:51,229 | INFO | evac_sim.simulation.simulation_manager | Progress | frame=4400 | agents=12
2026-03-06 10:24:51,259 | INFO | evac_sim.simulation.simulation_manager | Progress | frame=4410 | agents=12
2026-03-06 10:24:51,281 | INFO | evac_sim.simulation.simulation_manager | Progress | frame=4420 | agents=12
2026-03-06 10:24:51,303 | INFO | evac_sim.simulation.simulation_manager | Progress | frame=4430 | agents=11
2026-03-06 10:24:51,326 | INFO | evac_sim.simulation.simulation_manager | Progress | frame=4440 | agents=11
2026-03-06 10:24:51,347 | INFO | evac_sim.simulation.simulation_manager | Progress | frame=4450 | agents=11
2026-03-06 10:24:51,380 | INFO | evac_sim.simulation.simulation_manager | Progress | frame=4460 | agents=11
2026-03-06 10:24:51,400 | INFO | evac_sim.simulation.simulation_manager | Progress | frame=4470 | agents=11
2026-03-06 10:24:51,423 | INFO | evac_sim.simulation.simulation_manager | Progress | frame=4480 | agents=10
2026-03-06 10:24:51,445 | INFO | evac_sim.simulation.simulation_manager | Progress | frame=4490 | agents=10
2026-03-06 10:24:51,467 | INFO | evac_sim.simulation.simulation_manager | Progress | frame=4500 | agents=10
2026-03-06 10:24:51,500 | INFO | evac_sim.simulation.simulation_manager | Progress | frame=4510 | agents=10
2026-03-06 10:24:51,522 | INFO | evac_sim.simulation.simulation_manager | Progress | frame=4520 | agents=9
2026-03-06 10:24:51,544 | INFO | evac_sim.simulation.simulation_manager | Progress | frame=4530 | agents=9
2026-03-06 10:24:51,566 | INFO | evac_sim.simulation.simulation_manager | Progress | frame=4540 | agents=9
2026-03-06 10:24:51,586 | INFO | evac_sim.simulation.simulation_manager | Progress | frame=4550 | agents=9
2026-03-06 10:24:51,617 | INFO | evac_sim.simulation.simulation_manager | Progress | frame=4560 | agents=9
2026-03-06 10:24:51,637 | INFO | evac_sim.simulation.simulation_manager | Progress | frame=4570 | agents=8
2026-03-06 10:24:51,659 | INFO | evac_sim.simulation.simulation_manager | Progress | frame=4580 | agents=8
2026-03-06 10:24:51,681 | INFO | evac_sim.simulation.simulation_manager | Progress | frame=4590 | agents=8
2026-03-06 10:24:51,703 | INFO | evac_sim.simulation.simulation_manager | Progress | frame=4600 | agents=8
2026-03-06 10:24:51,734 | INFO | evac_sim.simulation.simulation_manager | Progress | frame=4610 | agents=7
2026-03-06 10:24:51,756 | INFO | evac_sim.simulation.simulation_manager | Progress | frame=4620 | agents=7
2026-03-06 10:24:51,777 | INFO | evac_sim.simulation.simulation_manager | Progress | frame=4630 | agents=7
2026-03-06 10:24:51,798 | INFO | evac_sim.simulation.simulation_manager | Progress | frame=4640 | agents=7
2026-03-06 10:24:51,819 | INFO | evac_sim.simulation.simulation_manager | Progress | frame=4650 | agents=7
2026-03-06 10:24:51,850 | INFO | evac_sim.simulation.simulation_manager | Progress | frame=4660 | agents=6
2026-03-06 10:24:51,871 | INFO | evac_sim.simulation.simulation_manager | Progress | frame=4670 | agents=6
2026-03-06 10:24:51,893 | INFO | evac_sim.simulation.simulation_manager | Progress | frame=4680 | agents=6
2026-03-06 10:24:51,915 | INFO | evac_sim.simulation.simulation_manager | Progress | frame=4690 | agents=6
2026-03-06 10:24:51,936 | INFO | evac_sim.simulation.simulation_manager | Progress | frame=4700 | agents=6
2026-03-06 10:24:51,968 | INFO | evac_sim.simulation.simulation_manager | Progress | frame=4710 | agents=5
2026-03-06 10:24:51,989 | INFO | evac_sim.simulation.simulation_manager | Progress | frame=4720 | agents=5
2026-03-06 10:24:52,011 | INFO | evac_sim.simulation.simulation_manager | Progress | frame=4730 | agents=5
2026-03-06 10:24:52,029 | INFO | evac_sim.simulation.simulation_manager | Progress | frame=4740 | agents=5
2026-03-06 10:24:52,047 | INFO | evac_sim.simulation.simulation_manager | Progress | frame=4750 | agents=5
2026-03-06 10:24:52,070 | INFO | evac_sim.simulation.simulation_manager | Progress | frame=4760 | agents=5
2026-03-06 10:24:52,089 | INFO | evac_sim.simulation.simulation_manager | Progress | frame=4770 | agents=4
2026-03-06 10:24:52,107 | INFO | evac_sim.simulation.simulation_manager | Progress | frame=4780 | agents=4
2026-03-06 10:24:52,126 | INFO | evac_sim.simulation.simulation_manager | Progress | frame=4790 | agents=4
2026-03-06 10:24:52,143 | INFO | evac_sim.simulation.simulation_manager | Progress | frame=4800 | agents=4
2026-03-06 10:24:52,165 | INFO | evac_sim.simulation.simulation_manager | Progress | frame=4810 | agents=4
2026-03-06 10:24:52,182 | INFO | evac_sim.simulation.simulation_manager | Progress | frame=4820 | agents=3
2026-03-06 10:24:52,199 | INFO | evac_sim.simulation.simulation_manager | Progress | frame=4830 | agents=3
2026-03-06 10:24:52,218 | INFO | evac_sim.simulation.simulation_manager | Progress | frame=4840 | agents=3
2026-03-06 10:24:52,235 | INFO | evac_sim.simulation.simulation_manager | Progress | frame=4850 | agents=3
2026-03-06 10:24:52,259 | INFO | evac_sim.simulation.simulation_manager | Progress | frame=4860 | agents=3
2026-03-06 10:24:52,276 | INFO | evac_sim.simulation.simulation_manager | Progress | frame=4870 | agents=3
2026-03-06 10:24:52,294 | INFO | evac_sim.simulation.simulation_manager | Progress | frame=4880 | agents=2
2026-03-06 10:24:52,311 | INFO | evac_sim.simulation.simulation_manager | Progress | frame=4890 | agents=2
2026-03-06 10:24:52,329 | INFO | evac_sim.simulation.simulation_manager | Progress | frame=4900 | agents=2
2026-03-06 10:24:52,349 | INFO | evac_sim.simulation.simulation_manager | Progress | frame=4910 | agents=2
2026-03-06 10:24:52,366 | INFO | evac_sim.simulation.simulation_manager | Progress | frame=4920 | agents=2
2026-03-06 10:24:52,383 | INFO | evac_sim.simulation.simulation_manager | Progress | frame=4930 | agents=1
2026-03-06 10:24:52,401 | INFO | evac_sim.simulation.simulation_manager | Progress | frame=4940 | agents=1
2026-03-06 10:24:52,418 | INFO | evac_sim.simulation.simulation_manager | Progress | frame=4950 | agents=1
2026-03-06 10:24:52,438 | INFO | evac_sim.simulation.simulation_manager | Progress | frame=4960 | agents=1
2026-03-06 10:24:52,454 | INFO | evac_sim.simulation.simulation_manager | Progress | frame=4970 | agents=1
2026-03-06 10:24:52,472 | INFO | evac_sim.simulation.simulation_manager | Progress | frame=4980 | agents=1
2026-03-06 10:24:52,473 | INFO | evac_sim.simulation.simulation_manager | Simulation end | last_frame=4981
2026-03-06 10:24:52,505 | INFO | evac_sim.runner | Metrics preview | mode=3 group=82 agents=5 min=13545.000 avg=14335.200 median=14454.000 p90=14878.200 max=14943.000
2026-03-06 10:24:52,515 | INFO | evac_sim.runner | Metrics preview | mode=3 group=83 agents=5 min=12864.000 avg=13745.400 median=13680.000 p90=14488.200 max=14619.000
2026-03-06 10:24:52,526 | INFO | evac_sim.runner | Metrics preview | mode=3 group=73 agents=6 min=11211.000 avg=11560.500 median=11562.000 p90=11838.000 max=11907.000
2026-03-06 10:24:52,535 | INFO | evac_sim.runner | Metrics preview | mode=3 group=77 agents=6 min=8472.000 avg=9057.500 median=8976.000 p90=9600.000 max=9975.000
2026-03-06 10:24:52,548 | INFO | evac_sim.runner | Metrics preview | mode=3 group=92 agents=10 min=12171.000 avg=12973.800 median=12862.500 p90=13848.900 max=14127.000
2026-03-06 10:24:52,550 | INFO | evac_sim.runner | Finished mode=3
2026-03-06 10:24:52,554 | INFO | evac_sim.runner | Exported CSV: C:\Users\aserr\Documents\Evacuation_Simulation\runs\2026-03-06_102358_representative_case\artifacts\experiments.csv
2026-03-06 10:24:52,555 | INFO | evac_sim.runner | Exported CSV: C:\Users\aserr\Documents\Evacuation_Simulation\runs\2026-03-06_102358_representative_case\artifacts\experiment_metrics.csv
2026-03-06 10:24:52,556 | INFO | evac_sim.runner | Experiment finished OK (case_id=representative_case)
