2026-03-06 10:04:43,119 | INFO | evac_sim.runner | project_root = C:\Users\aserr\Documents\Evacuation_Simulation
2026-03-06 10:04:43,119 | INFO | evac_sim.runner | config_file  = C:\Users\aserr\Documents\Evacuation_Simulation\configs\study.yaml
2026-03-06 10:04:43,119 | INFO | evac_sim.runner | case_id      = representative_case
2026-03-06 10:04:43,119 | INFO | evac_sim.runner | run_dir      = C:\Users\aserr\Documents\Evacuation_Simulation\runs\2026-03-06_100443_representative_case
2026-03-06 10:04:43,175 | INFO | evac_sim.runner | Simulating risks: iterations=7000 seed=233
2026-03-06 10:04:43,568 | INFO | evac_sim.runner | Mode start | mode=0 env=Cruise_Ship case=unknown
2026-03-06 10:04:45,321 | INFO | evac_sim.simulation.simulation_manager | Simulation start | agents=32
2026-03-06 10:04:45,361 | INFO | evac_sim.simulation.simulation_manager | Progress | frame=10 | agents=32
2026-03-06 10:04:45,381 | INFO | evac_sim.simulation.simulation_manager | Progress | frame=20 | agents=32
2026-03-06 10:04:45,402 | INFO | evac_sim.simulation.simulation_manager | Progress | frame=30 | agents=32
2026-03-06 10:04:45,423 | INFO | evac_sim.simulation.simulation_manager | Progress | frame=40 | agents=32
2026-03-06 10:04:45,444 | INFO | evac_sim.simulation.simulation_manager | Progress | frame=50 | agents=32
2026-03-06 10:04:45,478 | INFO | evac_sim.simulation.simulation_manager | Progress | frame=60 | agents=32
2026-03-06 10:04:45,498 | INFO | evac_sim.simulation.simulation_manager | Progress | frame=70 | agents=32
2026-03-06 10:04:45,519 | INFO | evac_sim.simulation.simulation_manager | Progress | frame=80 | agents=32
2026-03-06 10:04:45,539 | INFO | evac_sim.simulation.simulation_manager | Progress | frame=90 | agents=32
2026-03-06 10:04:45,560 | INFO | evac_sim.simulation.simulation_manager | Progress | frame=100 | agents=32
2026-03-06 10:04:45,596 | INFO | evac_sim.simulation.simulation_manager | Progress | frame=110 | agents=32
2026-03-06 10:04:45,617 | INFO | evac_sim.simulation.simulation_manager | Progress | frame=120 | agents=32
2026-03-06 10:04:45,638 | INFO | evac_sim.simulation.simulation_manager | Progress | frame=130 | agents=32
2026-03-06 10:04:45,659 | INFO | evac_sim.simulation.simulation_manager | Progress | frame=140 | agents=32
2026-03-06 10:04:45,680 | INFO | evac_sim.simulation.simulation_manager | Progress | frame=150 | agents=32
2026-03-06 10:04:45,716 | INFO | evac_sim.simulation.simulation_manager | Progress | frame=160 | agents=32
2026-03-06 10:04:45,737 | INFO | evac_sim.simulation.simulation_manager | Progress | frame=170 | agents=32
2026-03-06 10:04:45,757 | INFO | evac_sim.simulation.simulation_manager | Progress | frame=180 | agents=32
2026-03-06 10:04:45,779 | INFO | evac_sim.simulation.simulation_manager | Progress | frame=190 | agents=32
2026-03-06 10:04:45,800 | INFO | evac_sim.simulation.simulation_manager | Progress | frame=200 | agents=32
2026-03-06 10:04:45,835 | INFO | evac_sim.simulation.simulation_manager | Progress | frame=210 | agents=32
2026-03-06 10:04:45,856 | INFO | evac_sim.simulation.simulation_manager | Progress | frame=220 | agents=32
2026-03-06 10:04:45,878 | INFO | evac_sim.simulation.simulation_manager | Progress | frame=230 | agents=32
2026-03-06 10:04:45,900 | INFO | evac_sim.simulation.simulation_manager | Progress | frame=240 | agents=32
2026-03-06 10:04:45,921 | INFO | evac_sim.simulation.simulation_manager | Progress | frame=250 | agents=32
2026-03-06 10:04:45,957 | INFO | evac_sim.simulation.simulation_manager | Progress | frame=260 | agents=32
2026-03-06 10:04:45,978 | INFO | evac_sim.simulation.simulation_manager | Progress | frame=270 | agents=32
2026-03-06 10:04:45,999 | INFO | evac_sim.simulation.simulation_manager | Progress | frame=280 | agents=32
2026-03-06 10:04:46,019 | INFO | evac_sim.simulation.simulation_manager | Progress | frame=290 | agents=32
2026-03-06 10:04:46,040 | INFO | evac_sim.simulation.simulation_manager | Progress | frame=300 | agents=32
2026-03-06 10:04:46,075 | INFO | evac_sim.simulation.simulation_manager | Progress | frame=310 | agents=32
2026-03-06 10:04:46,095 | INFO | evac_sim.simulation.simulation_manager | Progress | frame=320 | agents=32
2026-03-06 10:04:46,116 | INFO | evac_sim.simulation.simulation_manager | Progress | frame=330 | agents=32
2026-03-06 10:04:46,136 | INFO | evac_sim.simulation.simulation_manager | Progress | frame=340 | agents=32
2026-03-06 10:04:46,158 | INFO | evac_sim.simulation.simulation_manager | Progress | frame=350 | agents=32
2026-03-06 10:04:46,192 | INFO | evac_sim.simulation.simulation_manager | Progress | frame=360 | agents=32
2026-03-06 10:04:46,213 | INFO | evac_sim.simulation.simulation_manager | Progress | frame=370 | agents=32
2026-03-06 10:04:46,234 | INFO | evac_sim.simulation.simulation_manager | Progress | frame=380 | agents=32
2026-03-06 10:04:46,255 | INFO | evac_sim.simulation.simulation_manager | Progress | frame=390 | agents=32
2026-03-06 10:04:46,276 | INFO | evac_sim.simulation.simulation_manager | Progress | frame=400 | agents=32
2026-03-06 10:04:46,311 | INFO | evac_sim.simulation.simulation_manager | Progress | frame=410 | agents=32
2026-03-06 10:04:46,331 | INFO | evac_sim.simulation.simulation_manager | Progress | frame=420 | agents=32
2026-03-06 10:04:46,352 | INFO | evac_sim.simulation.simulation_manager | Progress | frame=430 | agents=32
2026-03-06 10:04:46,373 | INFO | evac_sim.simulation.simulation_manager | Progress | frame=440 | agents=32
2026-03-06 10:04:46,394 | INFO | evac_sim.simulation.simulation_manager | Progress | frame=450 | agents=32
2026-03-06 10:04:46,429 | INFO | evac_sim.simulation.simulation_manager | Progress | frame=460 | agents=32
2026-03-06 10:04:46,450 | INFO | evac_sim.simulation.simulation_manager | Progress | frame=470 | agents=32
2026-03-06 10:04:46,470 | INFO | evac_sim.simulation.simulation_manager | Progress | frame=480 | agents=32
2026-03-06 10:04:46,491 | INFO | evac_sim.simulation.simulation_manager | Progress | frame=490 | agents=32
2026-03-06 10:04:46,514 | INFO | evac_sim.simulation.simulation_manager | Progress | frame=500 | agents=32
2026-03-06 10:04:46,772 | INFO | evac_sim.simulation.simulation_manager | Reroute applied | frame=500 | group=77 | agents=6 | curr=23 next=7 | old_len=40 new_len=48
2026-03-06 10:04:46,797 | INFO | evac_sim.simulation.simulation_manager | Progress | frame=510 | agents=32
2026-03-06 10:04:46,818 | INFO | evac_sim.simulation.simulation_manager | Progress | frame=520 | agents=32
2026-03-06 10:04:46,841 | INFO | evac_sim.simulation.simulation_manager | Progress | frame=530 | agents=32
2026-03-06 10:04:46,862 | INFO | evac_sim.simulation.simulation_manager | Progress | frame=540 | agents=32
2026-03-06 10:04:46,884 | INFO | evac_sim.simulation.simulation_manager | Progress | frame=550 | agents=32
2026-03-06 10:04:46,919 | INFO | evac_sim.simulation.simulation_manager | Progress | frame=560 | agents=32
2026-03-06 10:04:46,941 | INFO | evac_sim.simulation.simulation_manager | Progress | frame=570 | agents=32
2026-03-06 10:04:46,963 | INFO | evac_sim.simulation.simulation_manager | Progress | frame=580 | agents=32
2026-03-06 10:04:46,984 | INFO | evac_sim.simulation.simulation_manager | Progress | frame=590 | agents=32
2026-03-06 10:04:47,006 | INFO | evac_sim.simulation.simulation_manager | Progress | frame=600 | agents=32
2026-03-06 10:04:47,041 | INFO | evac_sim.simulation.simulation_manager | Progress | frame=610 | agents=32
2026-03-06 10:04:47,062 | INFO | evac_sim.simulation.simulation_manager | Progress | frame=620 | agents=32
2026-03-06 10:04:47,084 | INFO | evac_sim.simulation.simulation_manager | Progress | frame=630 | agents=32
2026-03-06 10:04:47,105 | INFO | evac_sim.simulation.simulation_manager | Progress | frame=640 | agents=32
2026-03-06 10:04:47,127 | INFO | evac_sim.simulation.simulation_manager | Progress | frame=650 | agents=32
2026-03-06 10:04:47,161 | INFO | evac_sim.simulation.simulation_manager | Progress | frame=660 | agents=32
2026-03-06 10:04:47,182 | INFO | evac_sim.simulation.simulation_manager | Progress | frame=670 | agents=32
2026-03-06 10:04:47,203 | INFO | evac_sim.simulation.simulation_manager | Progress | frame=680 | agents=32
2026-03-06 10:04:47,222 | INFO | evac_sim.simulation.simulation_manager | Progress | frame=690 | agents=32
2026-03-06 10:04:47,243 | INFO | evac_sim.simulation.simulation_manager | Progress | frame=700 | agents=32
2026-03-06 10:04:47,277 | INFO | evac_sim.simulation.simulation_manager | Progress | frame=710 | agents=32
2026-03-06 10:04:47,298 | INFO | evac_sim.simulation.simulation_manager | Progress | frame=720 | agents=32
2026-03-06 10:04:47,318 | INFO | evac_sim.simulation.simulation_manager | Progress | frame=730 | agents=32
2026-03-06 10:04:47,338 | INFO | evac_sim.simulation.simulation_manager | Progress | frame=740 | agents=32
2026-03-06 10:04:47,360 | INFO | evac_sim.simulation.simulation_manager | Progress | frame=750 | agents=32
2026-03-06 10:04:47,395 | INFO | evac_sim.simulation.simulation_manager | Progress | frame=760 | agents=32
2026-03-06 10:04:47,418 | INFO | evac_sim.simulation.simulation_manager | Progress | frame=770 | agents=32
2026-03-06 10:04:47,437 | INFO | evac_sim.simulation.simulation_manager | Progress | frame=780 | agents=32
2026-03-06 10:04:47,459 | INFO | evac_sim.simulation.simulation_manager | Progress | frame=790 | agents=32
2026-03-06 10:04:47,480 | INFO | evac_sim.simulation.simulation_manager | Progress | frame=800 | agents=32
2026-03-06 10:04:47,494 | INFO | evac_sim.simulation.simulation_manager | Reroute applied | frame=800 | group=92 | agents=10 | curr=23 next=7 | old_len=43 new_len=51
2026-03-06 10:04:47,516 | INFO | evac_sim.simulation.simulation_manager | Progress | frame=810 | agents=32
2026-03-06 10:04:47,536 | INFO | evac_sim.simulation.simulation_manager | Progress | frame=820 | agents=32
2026-03-06 10:04:47,557 | INFO | evac_sim.simulation.simulation_manager | Progress | frame=830 | agents=32
2026-03-06 10:04:47,577 | INFO | evac_sim.simulation.simulation_manager | Progress | frame=840 | agents=32
2026-03-06 10:04:47,596 | INFO | evac_sim.simulation.simulation_manager | Progress | frame=850 | agents=32
2026-03-06 10:04:47,630 | INFO | evac_sim.simulation.simulation_manager | Progress | frame=860 | agents=32
2026-03-06 10:04:47,651 | INFO | evac_sim.simulation.simulation_manager | Progress | frame=870 | agents=32
2026-03-06 10:04:47,672 | INFO | evac_sim.simulation.simulation_manager | Progress | frame=880 | agents=32
2026-03-06 10:04:47,693 | INFO | evac_sim.simulation.simulation_manager | Progress | frame=890 | agents=32
2026-03-06 10:04:47,715 | INFO | evac_sim.simulation.simulation_manager | Progress | frame=900 | agents=32
2026-03-06 10:04:47,967 | INFO | evac_sim.simulation.simulation_manager | Reroute applied | frame=900 | group=82 | agents=5 | curr=10 next=9 | old_len=47 new_len=61
2026-03-06 10:04:48,001 | INFO | evac_sim.simulation.simulation_manager | Progress | frame=910 | agents=32
2026-03-06 10:04:48,022 | INFO | evac_sim.simulation.simulation_manager | Progress | frame=920 | agents=32
2026-03-06 10:04:48,044 | INFO | evac_sim.simulation.simulation_manager | Progress | frame=930 | agents=32
2026-03-06 10:04:48,064 | INFO | evac_sim.simulation.simulation_manager | Progress | frame=940 | agents=32
2026-03-06 10:04:48,085 | INFO | evac_sim.simulation.simulation_manager | Progress | frame=950 | agents=32
2026-03-06 10:04:48,119 | INFO | evac_sim.simulation.simulation_manager | Progress | frame=960 | agents=32
2026-03-06 10:04:48,141 | INFO | evac_sim.simulation.simulation_manager | Progress | frame=970 | agents=32
2026-03-06 10:04:48,162 | INFO | evac_sim.simulation.simulation_manager | Progress | frame=980 | agents=32
2026-03-06 10:04:48,183 | INFO | evac_sim.simulation.simulation_manager | Progress | frame=990 | agents=32
2026-03-06 10:04:48,205 | INFO | evac_sim.simulation.simulation_manager | Progress | frame=1000 | agents=32
2026-03-06 10:04:48,241 | INFO | evac_sim.simulation.simulation_manager | Progress | frame=1010 | agents=32
2026-03-06 10:04:48,263 | INFO | evac_sim.simulation.simulation_manager | Progress | frame=1020 | agents=32
2026-03-06 10:04:48,283 | INFO | evac_sim.simulation.simulation_manager | Progress | frame=1030 | agents=32
2026-03-06 10:04:48,304 | INFO | evac_sim.simulation.simulation_manager | Progress | frame=1040 | agents=32
2026-03-06 10:04:48,325 | INFO | evac_sim.simulation.simulation_manager | Progress | frame=1050 | agents=32
2026-03-06 10:04:48,367 | INFO | evac_sim.simulation.simulation_manager | Progress | frame=1060 | agents=32
2026-03-06 10:04:48,387 | INFO | evac_sim.simulation.simulation_manager | Progress | frame=1070 | agents=32
2026-03-06 10:04:48,408 | INFO | evac_sim.simulation.simulation_manager | Progress | frame=1080 | agents=32
2026-03-06 10:04:48,428 | INFO | evac_sim.simulation.simulation_manager | Progress | frame=1090 | agents=32
2026-03-06 10:04:48,449 | INFO | evac_sim.simulation.simulation_manager | Progress | frame=1100 | agents=32
2026-03-06 10:04:48,483 | INFO | evac_sim.simulation.simulation_manager | Progress | frame=1110 | agents=32
2026-03-06 10:04:48,504 | INFO | evac_sim.simulation.simulation_manager | Progress | frame=1120 | agents=32
2026-03-06 10:04:48,526 | INFO | evac_sim.simulation.simulation_manager | Progress | frame=1130 | agents=32
2026-03-06 10:04:48,547 | INFO | evac_sim.simulation.simulation_manager | Progress | frame=1140 | agents=32
2026-03-06 10:04:48,568 | INFO | evac_sim.simulation.simulation_manager | Progress | frame=1150 | agents=32
2026-03-06 10:04:48,604 | INFO | evac_sim.simulation.simulation_manager | Progress | frame=1160 | agents=32
2026-03-06 10:04:48,624 | INFO | evac_sim.simulation.simulation_manager | Progress | frame=1170 | agents=32
2026-03-06 10:04:48,645 | INFO | evac_sim.simulation.simulation_manager | Progress | frame=1180 | agents=32
2026-03-06 10:04:48,665 | INFO | evac_sim.simulation.simulation_manager | Progress | frame=1190 | agents=32
2026-03-06 10:04:48,685 | INFO | evac_sim.simulation.simulation_manager | Progress | frame=1200 | agents=32
2026-03-06 10:04:48,692 | INFO | evac_sim.simulation.simulation_manager | Reroute applied | frame=1200 | group=83 | agents=5 | curr=23 next=7 | old_len=46 new_len=54
2026-03-06 10:04:48,723 | INFO | evac_sim.simulation.simulation_manager | Progress | frame=1210 | agents=32
2026-03-06 10:04:48,743 | INFO | evac_sim.simulation.simulation_manager | Progress | frame=1220 | agents=32
2026-03-06 10:04:48,763 | INFO | evac_sim.simulation.simulation_manager | Progress | frame=1230 | agents=32
2026-03-06 10:04:48,786 | INFO | evac_sim.simulation.simulation_manager | Progress | frame=1240 | agents=32
2026-03-06 10:04:48,807 | INFO | evac_sim.simulation.simulation_manager | Progress | frame=1250 | agents=32
2026-03-06 10:04:48,841 | INFO | evac_sim.simulation.simulation_manager | Progress | frame=1260 | agents=32
2026-03-06 10:04:48,862 | INFO | evac_sim.simulation.simulation_manager | Progress | frame=1270 | agents=32
2026-03-06 10:04:48,883 | INFO | evac_sim.simulation.simulation_manager | Progress | frame=1280 | agents=32
2026-03-06 10:04:48,904 | INFO | evac_sim.simulation.simulation_manager | Progress | frame=1290 | agents=32
2026-03-06 10:04:48,926 | INFO | evac_sim.simulation.simulation_manager | Progress | frame=1300 | agents=32
2026-03-06 10:04:48,959 | INFO | evac_sim.simulation.simulation_manager | Progress | frame=1310 | agents=32
2026-03-06 10:04:48,980 | INFO | evac_sim.simulation.simulation_manager | Progress | frame=1320 | agents=32
2026-03-06 10:04:49,002 | INFO | evac_sim.simulation.simulation_manager | Progress | frame=1330 | agents=32
2026-03-06 10:04:49,022 | INFO | evac_sim.simulation.simulation_manager | Progress | frame=1340 | agents=32
2026-03-06 10:04:49,043 | INFO | evac_sim.simulation.simulation_manager | Progress | frame=1350 | agents=32
2026-03-06 10:04:49,078 | INFO | evac_sim.simulation.simulation_manager | Progress | frame=1360 | agents=32
2026-03-06 10:04:49,098 | INFO | evac_sim.simulation.simulation_manager | Progress | frame=1370 | agents=32
2026-03-06 10:04:49,119 | INFO | evac_sim.simulation.simulation_manager | Progress | frame=1380 | agents=32
2026-03-06 10:04:49,143 | INFO | evac_sim.simulation.simulation_manager | Progress | frame=1390 | agents=32
2026-03-06 10:04:49,165 | INFO | evac_sim.simulation.simulation_manager | Progress | frame=1400 | agents=32
2026-03-06 10:04:49,207 | INFO | evac_sim.simulation.simulation_manager | Progress | frame=1410 | agents=32
2026-03-06 10:04:49,232 | INFO | evac_sim.simulation.simulation_manager | Progress | frame=1420 | agents=32
2026-03-06 10:04:49,261 | INFO | evac_sim.simulation.simulation_manager | Progress | frame=1430 | agents=32
2026-03-06 10:04:49,285 | INFO | evac_sim.simulation.simulation_manager | Progress | frame=1440 | agents=32
2026-03-06 10:04:49,311 | INFO | evac_sim.simulation.simulation_manager | Progress | frame=1450 | agents=32
2026-03-06 10:04:49,353 | INFO | evac_sim.simulation.simulation_manager | Progress | frame=1460 | agents=32
2026-03-06 10:04:49,379 | INFO | evac_sim.simulation.simulation_manager | Progress | frame=1470 | agents=32
2026-03-06 10:04:49,404 | INFO | evac_sim.simulation.simulation_manager | Progress | frame=1480 | agents=32
2026-03-06 10:04:49,429 | INFO | evac_sim.simulation.simulation_manager | Progress | frame=1490 | agents=32
2026-03-06 10:04:49,455 | INFO | evac_sim.simulation.simulation_manager | Progress | frame=1500 | agents=32
2026-03-06 10:04:49,494 | INFO | evac_sim.simulation.simulation_manager | Progress | frame=1510 | agents=32
2026-03-06 10:04:49,518 | INFO | evac_sim.simulation.simulation_manager | Progress | frame=1520 | agents=32
2026-03-06 10:04:49,541 | INFO | evac_sim.simulation.simulation_manager | Progress | frame=1530 | agents=32
2026-03-06 10:04:49,567 | INFO | evac_sim.simulation.simulation_manager | Progress | frame=1540 | agents=32
2026-03-06 10:04:49,589 | INFO | evac_sim.simulation.simulation_manager | Progress | frame=1550 | agents=32
2026-03-06 10:04:49,632 | INFO | evac_sim.simulation.simulation_manager | Progress | frame=1560 | agents=32
2026-03-06 10:04:49,658 | INFO | evac_sim.simulation.simulation_manager | Progress | frame=1570 | agents=32
2026-03-06 10:04:49,684 | INFO | evac_sim.simulation.simulation_manager | Progress | frame=1580 | agents=32
2026-03-06 10:04:49,706 | INFO | evac_sim.simulation.simulation_manager | Progress | frame=1590 | agents=32
2026-03-06 10:04:49,732 | INFO | evac_sim.simulation.simulation_manager | Progress | frame=1600 | agents=32
2026-03-06 10:04:49,736 | INFO | evac_sim.simulation.simulation_manager | Reroute applied | frame=1600 | group=82 | agents=5 | curr=23 next=7 | old_len=61 new_len=69
2026-03-06 10:04:49,769 | INFO | evac_sim.simulation.simulation_manager | Progress | frame=1610 | agents=32
2026-03-06 10:04:49,789 | INFO | evac_sim.simulation.simulation_manager | Progress | frame=1620 | agents=32
2026-03-06 10:04:49,810 | INFO | evac_sim.simulation.simulation_manager | Progress | frame=1630 | agents=32
2026-03-06 10:04:49,831 | INFO | evac_sim.simulation.simulation_manager | Progress | frame=1640 | agents=32
2026-03-06 10:04:49,851 | INFO | evac_sim.simulation.simulation_manager | Progress | frame=1650 | agents=32
2026-03-06 10:04:49,886 | INFO | evac_sim.simulation.simulation_manager | Progress | frame=1660 | agents=32
2026-03-06 10:04:49,907 | INFO | evac_sim.simulation.simulation_manager | Progress | frame=1670 | agents=32
2026-03-06 10:04:49,928 | INFO | evac_sim.simulation.simulation_manager | Progress | frame=1680 | agents=32
2026-03-06 10:04:49,950 | INFO | evac_sim.simulation.simulation_manager | Progress | frame=1690 | agents=32
2026-03-06 10:04:49,970 | INFO | evac_sim.simulation.simulation_manager | Progress | frame=1700 | agents=32
2026-03-06 10:04:50,004 | INFO | evac_sim.simulation.simulation_manager | Progress | frame=1710 | agents=32
2026-03-06 10:04:50,026 | INFO | evac_sim.simulation.simulation_manager | Progress | frame=1720 | agents=32
2026-03-06 10:04:50,046 | INFO | evac_sim.simulation.simulation_manager | Progress | frame=1730 | agents=32
2026-03-06 10:04:50,068 | INFO | evac_sim.simulation.simulation_manager | Progress | frame=1740 | agents=32
2026-03-06 10:04:50,089 | INFO | evac_sim.simulation.simulation_manager | Progress | frame=1750 | agents=32
2026-03-06 10:04:50,124 | INFO | evac_sim.simulation.simulation_manager | Progress | frame=1760 | agents=32
2026-03-06 10:04:50,146 | INFO | evac_sim.simulation.simulation_manager | Progress | frame=1770 | agents=32
2026-03-06 10:04:50,167 | INFO | evac_sim.simulation.simulation_manager | Progress | frame=1780 | agents=32
2026-03-06 10:04:50,188 | INFO | evac_sim.simulation.simulation_manager | Progress | frame=1790 | agents=32
2026-03-06 10:04:50,209 | INFO | evac_sim.simulation.simulation_manager | Progress | frame=1800 | agents=32
2026-03-06 10:04:50,243 | INFO | evac_sim.simulation.simulation_manager | Progress | frame=1810 | agents=32
2026-03-06 10:04:50,265 | INFO | evac_sim.simulation.simulation_manager | Progress | frame=1820 | agents=32
2026-03-06 10:04:50,285 | INFO | evac_sim.simulation.simulation_manager | Progress | frame=1830 | agents=32
2026-03-06 10:04:50,307 | INFO | evac_sim.simulation.simulation_manager | Progress | frame=1840 | agents=32
2026-03-06 10:04:50,328 | INFO | evac_sim.simulation.simulation_manager | Progress | frame=1850 | agents=32
2026-03-06 10:04:50,363 | INFO | evac_sim.simulation.simulation_manager | Progress | frame=1860 | agents=32
2026-03-06 10:04:50,385 | INFO | evac_sim.simulation.simulation_manager | Progress | frame=1870 | agents=32
2026-03-06 10:04:50,406 | INFO | evac_sim.simulation.simulation_manager | Progress | frame=1880 | agents=32
2026-03-06 10:04:50,426 | INFO | evac_sim.simulation.simulation_manager | Progress | frame=1890 | agents=32
2026-03-06 10:04:50,447 | INFO | evac_sim.simulation.simulation_manager | Progress | frame=1900 | agents=32
2026-03-06 10:04:50,480 | INFO | evac_sim.simulation.simulation_manager | Progress | frame=1910 | agents=32
2026-03-06 10:04:50,501 | INFO | evac_sim.simulation.simulation_manager | Progress | frame=1920 | agents=32
2026-03-06 10:04:50,522 | INFO | evac_sim.simulation.simulation_manager | Progress | frame=1930 | agents=32
2026-03-06 10:04:50,543 | INFO | evac_sim.simulation.simulation_manager | Progress | frame=1940 | agents=32
2026-03-06 10:04:50,563 | INFO | evac_sim.simulation.simulation_manager | Progress | frame=1950 | agents=32
2026-03-06 10:04:50,597 | INFO | evac_sim.simulation.simulation_manager | Progress | frame=1960 | agents=32
2026-03-06 10:04:50,617 | INFO | evac_sim.simulation.simulation_manager | Progress | frame=1970 | agents=32
2026-03-06 10:04:50,637 | INFO | evac_sim.simulation.simulation_manager | Progress | frame=1980 | agents=32
2026-03-06 10:04:50,658 | INFO | evac_sim.simulation.simulation_manager | Progress | frame=1990 | agents=32
2026-03-06 10:04:50,679 | INFO | evac_sim.simulation.simulation_manager | Progress | frame=2000 | agents=32
2026-03-06 10:04:50,714 | INFO | evac_sim.simulation.simulation_manager | Progress | frame=2010 | agents=32
2026-03-06 10:04:50,734 | INFO | evac_sim.simulation.simulation_manager | Progress | frame=2020 | agents=32
2026-03-06 10:04:50,755 | INFO | evac_sim.simulation.simulation_manager | Progress | frame=2030 | agents=32
2026-03-06 10:04:50,776 | INFO | evac_sim.simulation.simulation_manager | Progress | frame=2040 | agents=32
2026-03-06 10:04:50,797 | INFO | evac_sim.simulation.simulation_manager | Progress | frame=2050 | agents=32
2026-03-06 10:04:50,832 | INFO | evac_sim.simulation.simulation_manager | Progress | frame=2060 | agents=32
2026-03-06 10:04:50,852 | INFO | evac_sim.simulation.simulation_manager | Progress | frame=2070 | agents=32
2026-03-06 10:04:50,872 | INFO | evac_sim.simulation.simulation_manager | Progress | frame=2080 | agents=32
2026-03-06 10:04:50,894 | INFO | evac_sim.simulation.simulation_manager | Progress | frame=2090 | agents=32
2026-03-06 10:04:50,914 | INFO | evac_sim.simulation.simulation_manager | Progress | frame=2100 | agents=32
2026-03-06 10:04:50,949 | INFO | evac_sim.simulation.simulation_manager | Progress | frame=2110 | agents=32
2026-03-06 10:04:50,970 | INFO | evac_sim.simulation.simulation_manager | Progress | frame=2120 | agents=32
2026-03-06 10:04:50,990 | INFO | evac_sim.simulation.simulation_manager | Progress | frame=2130 | agents=32
2026-03-06 10:04:51,011 | INFO | evac_sim.simulation.simulation_manager | Progress | frame=2140 | agents=32
2026-03-06 10:04:51,031 | INFO | evac_sim.simulation.simulation_manager | Progress | frame=2150 | agents=32
2026-03-06 10:04:51,066 | INFO | evac_sim.simulation.simulation_manager | Progress | frame=2160 | agents=32
2026-03-06 10:04:51,087 | INFO | evac_sim.simulation.simulation_manager | Progress | frame=2170 | agents=32
2026-03-06 10:04:51,107 | INFO | evac_sim.simulation.simulation_manager | Progress | frame=2180 | agents=32
2026-03-06 10:04:51,129 | INFO | evac_sim.simulation.simulation_manager | Progress | frame=2190 | agents=32
2026-03-06 10:04:51,148 | INFO | evac_sim.simulation.simulation_manager | Progress | frame=2200 | agents=32
2026-03-06 10:04:51,183 | INFO | evac_sim.simulation.simulation_manager | Progress | frame=2210 | agents=32
2026-03-06 10:04:51,204 | INFO | evac_sim.simulation.simulation_manager | Progress | frame=2220 | agents=32
2026-03-06 10:04:51,225 | INFO | evac_sim.simulation.simulation_manager | Progress | frame=2230 | agents=32
2026-03-06 10:04:51,245 | INFO | evac_sim.simulation.simulation_manager | Progress | frame=2240 | agents=32
2026-03-06 10:04:51,265 | INFO | evac_sim.simulation.simulation_manager | Progress | frame=2250 | agents=32
2026-03-06 10:04:51,299 | INFO | evac_sim.simulation.simulation_manager | Progress | frame=2260 | agents=32
2026-03-06 10:04:51,320 | INFO | evac_sim.simulation.simulation_manager | Progress | frame=2270 | agents=32
2026-03-06 10:04:51,341 | INFO | evac_sim.simulation.simulation_manager | Progress | frame=2280 | agents=32
2026-03-06 10:04:51,363 | INFO | evac_sim.simulation.simulation_manager | Progress | frame=2290 | agents=32
2026-03-06 10:04:51,383 | INFO | evac_sim.simulation.simulation_manager | Progress | frame=2300 | agents=32
2026-03-06 10:04:51,417 | INFO | evac_sim.simulation.simulation_manager | Progress | frame=2310 | agents=32
2026-03-06 10:04:51,437 | INFO | evac_sim.simulation.simulation_manager | Progress | frame=2320 | agents=32
2026-03-06 10:04:51,458 | INFO | evac_sim.simulation.simulation_manager | Progress | frame=2330 | agents=32
2026-03-06 10:04:51,479 | INFO | evac_sim.simulation.simulation_manager | Progress | frame=2340 | agents=32
2026-03-06 10:04:51,500 | INFO | evac_sim.simulation.simulation_manager | Progress | frame=2350 | agents=32
2026-03-06 10:04:51,534 | INFO | evac_sim.simulation.simulation_manager | Progress | frame=2360 | agents=32
2026-03-06 10:04:51,554 | INFO | evac_sim.simulation.simulation_manager | Progress | frame=2370 | agents=32
2026-03-06 10:04:51,575 | INFO | evac_sim.simulation.simulation_manager | Progress | frame=2380 | agents=32
2026-03-06 10:04:51,596 | INFO | evac_sim.simulation.simulation_manager | Progress | frame=2390 | agents=32
2026-03-06 10:04:51,616 | INFO | evac_sim.simulation.simulation_manager | Progress | frame=2400 | agents=32
2026-03-06 10:04:52,154 | INFO | evac_sim.simulation.simulation_manager | Reroute applied | frame=2400 | group=92 | agents=10 | curr=154 next=153 | old_len=51 new_len=68
2026-03-06 10:04:52,176 | INFO | evac_sim.simulation.simulation_manager | Progress | frame=2410 | agents=32
2026-03-06 10:04:52,197 | INFO | evac_sim.simulation.simulation_manager | Progress | frame=2420 | agents=32
2026-03-06 10:04:52,217 | INFO | evac_sim.simulation.simulation_manager | Progress | frame=2430 | agents=32
2026-03-06 10:04:52,237 | INFO | evac_sim.simulation.simulation_manager | Progress | frame=2440 | agents=32
2026-03-06 10:04:52,258 | INFO | evac_sim.simulation.simulation_manager | Progress | frame=2450 | agents=32
2026-03-06 10:04:52,292 | INFO | evac_sim.simulation.simulation_manager | Progress | frame=2460 | agents=32
2026-03-06 10:04:52,312 | INFO | evac_sim.simulation.simulation_manager | Progress | frame=2470 | agents=32
2026-03-06 10:04:52,333 | INFO | evac_sim.simulation.simulation_manager | Progress | frame=2480 | agents=31
2026-03-06 10:04:52,353 | INFO | evac_sim.simulation.simulation_manager | Progress | frame=2490 | agents=31
2026-03-06 10:04:52,374 | INFO | evac_sim.simulation.simulation_manager | Progress | frame=2500 | agents=31
2026-03-06 10:04:52,408 | INFO | evac_sim.simulation.simulation_manager | Progress | frame=2510 | agents=31
2026-03-06 10:04:52,428 | INFO | evac_sim.simulation.simulation_manager | Progress | frame=2520 | agents=31
2026-03-06 10:04:52,449 | INFO | evac_sim.simulation.simulation_manager | Progress | frame=2530 | agents=31
2026-03-06 10:04:52,469 | INFO | evac_sim.simulation.simulation_manager | Progress | frame=2540 | agents=31
2026-03-06 10:04:52,489 | INFO | evac_sim.simulation.simulation_manager | Progress | frame=2550 | agents=31
2026-03-06 10:04:52,524 | INFO | evac_sim.simulation.simulation_manager | Progress | frame=2560 | agents=30
2026-03-06 10:04:52,546 | INFO | evac_sim.simulation.simulation_manager | Progress | frame=2570 | agents=30
2026-03-06 10:04:52,566 | INFO | evac_sim.simulation.simulation_manager | Progress | frame=2580 | agents=30
2026-03-06 10:04:52,588 | INFO | evac_sim.simulation.simulation_manager | Progress | frame=2590 | agents=30
2026-03-06 10:04:52,609 | INFO | evac_sim.simulation.simulation_manager | Progress | frame=2600 | agents=30
2026-03-06 10:04:52,643 | INFO | evac_sim.simulation.simulation_manager | Progress | frame=2610 | agents=30
2026-03-06 10:04:52,663 | INFO | evac_sim.simulation.simulation_manager | Progress | frame=2620 | agents=29
2026-03-06 10:04:52,683 | INFO | evac_sim.simulation.simulation_manager | Progress | frame=2630 | agents=29
2026-03-06 10:04:52,703 | INFO | evac_sim.simulation.simulation_manager | Progress | frame=2640 | agents=29
2026-03-06 10:04:52,723 | INFO | evac_sim.simulation.simulation_manager | Progress | frame=2650 | agents=29
2026-03-06 10:04:52,757 | INFO | evac_sim.simulation.simulation_manager | Progress | frame=2660 | agents=29
2026-03-06 10:04:52,777 | INFO | evac_sim.simulation.simulation_manager | Progress | frame=2670 | agents=28
2026-03-06 10:04:52,803 | INFO | evac_sim.simulation.simulation_manager | Progress | frame=2680 | agents=28
2026-03-06 10:04:52,826 | INFO | evac_sim.simulation.simulation_manager | Progress | frame=2690 | agents=28
2026-03-06 10:04:52,850 | INFO | evac_sim.simulation.simulation_manager | Progress | frame=2700 | agents=28
2026-03-06 10:04:52,893 | INFO | evac_sim.simulation.simulation_manager | Progress | frame=2710 | agents=28
2026-03-06 10:04:52,917 | INFO | evac_sim.simulation.simulation_manager | Progress | frame=2720 | agents=28
2026-03-06 10:04:52,943 | INFO | evac_sim.simulation.simulation_manager | Progress | frame=2730 | agents=27
2026-03-06 10:04:52,967 | INFO | evac_sim.simulation.simulation_manager | Progress | frame=2740 | agents=27
2026-03-06 10:04:52,989 | INFO | evac_sim.simulation.simulation_manager | Progress | frame=2750 | agents=27
2026-03-06 10:04:53,028 | INFO | evac_sim.simulation.simulation_manager | Progress | frame=2760 | agents=27
2026-03-06 10:04:53,052 | INFO | evac_sim.simulation.simulation_manager | Progress | frame=2770 | agents=27
2026-03-06 10:04:53,075 | INFO | evac_sim.simulation.simulation_manager | Progress | frame=2780 | agents=26
2026-03-06 10:04:53,100 | INFO | evac_sim.simulation.simulation_manager | Progress | frame=2790 | agents=26
2026-03-06 10:04:53,125 | INFO | evac_sim.simulation.simulation_manager | Progress | frame=2800 | agents=26
2026-03-06 10:04:53,163 | INFO | evac_sim.simulation.simulation_manager | Progress | frame=2810 | agents=26
2026-03-06 10:04:53,187 | INFO | evac_sim.simulation.simulation_manager | Progress | frame=2820 | agents=26
2026-03-06 10:04:53,208 | INFO | evac_sim.simulation.simulation_manager | Progress | frame=2830 | agents=26
2026-03-06 10:04:53,234 | INFO | evac_sim.simulation.simulation_manager | Progress | frame=2840 | agents=26
2026-03-06 10:04:53,259 | INFO | evac_sim.simulation.simulation_manager | Progress | frame=2850 | agents=26
2026-03-06 10:04:53,290 | INFO | evac_sim.simulation.simulation_manager | Progress | frame=2860 | agents=26
2026-03-06 10:04:53,310 | INFO | evac_sim.simulation.simulation_manager | Progress | frame=2870 | agents=26
2026-03-06 10:04:53,330 | INFO | evac_sim.simulation.simulation_manager | Progress | frame=2880 | agents=26
2026-03-06 10:04:53,354 | INFO | evac_sim.simulation.simulation_manager | Progress | frame=2890 | agents=26
2026-03-06 10:04:53,375 | INFO | evac_sim.simulation.simulation_manager | Progress | frame=2900 | agents=26
2026-03-06 10:04:53,905 | INFO | evac_sim.simulation.simulation_manager | Reroute applied | frame=2900 | group=92 | agents=10 | curr=202 next=201 | old_len=68 new_len=78
2026-03-06 10:04:53,926 | INFO | evac_sim.simulation.simulation_manager | Progress | frame=2910 | agents=25
2026-03-06 10:04:53,947 | INFO | evac_sim.simulation.simulation_manager | Progress | frame=2920 | agents=25
2026-03-06 10:04:53,966 | INFO | evac_sim.simulation.simulation_manager | Progress | frame=2930 | agents=25
2026-03-06 10:04:53,986 | INFO | evac_sim.simulation.simulation_manager | Progress | frame=2940 | agents=25
2026-03-06 10:04:54,006 | INFO | evac_sim.simulation.simulation_manager | Progress | frame=2950 | agents=25
2026-03-06 10:04:54,037 | INFO | evac_sim.simulation.simulation_manager | Progress | frame=2960 | agents=25
2026-03-06 10:04:54,056 | INFO | evac_sim.simulation.simulation_manager | Progress | frame=2970 | agents=24
2026-03-06 10:04:54,076 | INFO | evac_sim.simulation.simulation_manager | Progress | frame=2980 | agents=24
2026-03-06 10:04:54,096 | INFO | evac_sim.simulation.simulation_manager | Progress | frame=2990 | agents=24
2026-03-06 10:04:54,116 | INFO | evac_sim.simulation.simulation_manager | Progress | frame=3000 | agents=24
2026-03-06 10:04:54,146 | INFO | evac_sim.simulation.simulation_manager | Progress | frame=3010 | agents=24
2026-03-06 10:04:54,166 | INFO | evac_sim.simulation.simulation_manager | Progress | frame=3020 | agents=23
2026-03-06 10:04:54,185 | INFO | evac_sim.simulation.simulation_manager | Progress | frame=3030 | agents=23
2026-03-06 10:04:54,205 | INFO | evac_sim.simulation.simulation_manager | Progress | frame=3040 | agents=23
2026-03-06 10:04:54,227 | INFO | evac_sim.simulation.simulation_manager | Progress | frame=3050 | agents=23
2026-03-06 10:04:54,234 | INFO | evac_sim.simulation.simulation_manager | Reroute applied | frame=3050 | group=83 | agents=5 | curr=154 next=153 | old_len=54 new_len=71
2026-03-06 10:04:54,261 | INFO | evac_sim.simulation.simulation_manager | Progress | frame=3060 | agents=23
2026-03-06 10:04:54,280 | INFO | evac_sim.simulation.simulation_manager | Progress | frame=3070 | agents=23
2026-03-06 10:04:54,299 | INFO | evac_sim.simulation.simulation_manager | Progress | frame=3080 | agents=22
2026-03-06 10:04:54,318 | INFO | evac_sim.simulation.simulation_manager | Progress | frame=3090 | agents=22
2026-03-06 10:04:54,338 | INFO | evac_sim.simulation.simulation_manager | Progress | frame=3100 | agents=22
2026-03-06 10:04:54,368 | INFO | evac_sim.simulation.simulation_manager | Progress | frame=3110 | agents=22
2026-03-06 10:04:54,387 | INFO | evac_sim.simulation.simulation_manager | Progress | frame=3120 | agents=22
2026-03-06 10:04:54,406 | INFO | evac_sim.simulation.simulation_manager | Progress | frame=3130 | agents=22
2026-03-06 10:04:54,426 | INFO | evac_sim.simulation.simulation_manager | Progress | frame=3140 | agents=22
2026-03-06 10:04:54,446 | INFO | evac_sim.simulation.simulation_manager | Progress | frame=3150 | agents=22
2026-03-06 10:04:54,477 | INFO | evac_sim.simulation.simulation_manager | Progress | frame=3160 | agents=21
2026-03-06 10:04:54,495 | INFO | evac_sim.simulation.simulation_manager | Progress | frame=3170 | agents=21
2026-03-06 10:04:54,514 | INFO | evac_sim.simulation.simulation_manager | Progress | frame=3180 | agents=21
2026-03-06 10:04:54,534 | INFO | evac_sim.simulation.simulation_manager | Progress | frame=3190 | agents=21
2026-03-06 10:04:54,553 | INFO | evac_sim.simulation.simulation_manager | Progress | frame=3200 | agents=21
2026-03-06 10:04:54,583 | INFO | evac_sim.simulation.simulation_manager | Progress | frame=3210 | agents=21
2026-03-06 10:04:54,601 | INFO | evac_sim.simulation.simulation_manager | Progress | frame=3220 | agents=20
2026-03-06 10:04:54,620 | INFO | evac_sim.simulation.simulation_manager | Progress | frame=3230 | agents=20
2026-03-06 10:04:54,639 | INFO | evac_sim.simulation.simulation_manager | Progress | frame=3240 | agents=20
2026-03-06 10:04:54,659 | INFO | evac_sim.simulation.simulation_manager | Progress | frame=3250 | agents=20
2026-03-06 10:04:54,686 | INFO | evac_sim.simulation.simulation_manager | Progress | frame=3260 | agents=20
2026-03-06 10:04:54,705 | INFO | evac_sim.simulation.simulation_manager | Progress | frame=3270 | agents=20
2026-03-06 10:04:54,724 | INFO | evac_sim.simulation.simulation_manager | Progress | frame=3280 | agents=20
2026-03-06 10:04:54,748 | INFO | evac_sim.simulation.simulation_manager | Progress | frame=3290 | agents=20
2026-03-06 10:04:54,767 | INFO | evac_sim.simulation.simulation_manager | Progress | frame=3300 | agents=20
2026-03-06 10:04:54,800 | INFO | evac_sim.simulation.simulation_manager | Progress | frame=3310 | agents=20
2026-03-06 10:04:54,822 | INFO | evac_sim.simulation.simulation_manager | Progress | frame=3320 | agents=20
2026-03-06 10:04:54,845 | INFO | evac_sim.simulation.simulation_manager | Progress | frame=3330 | agents=20
2026-03-06 10:04:54,867 | INFO | evac_sim.simulation.simulation_manager | Progress | frame=3340 | agents=20
2026-03-06 10:04:54,890 | INFO | evac_sim.simulation.simulation_manager | Progress | frame=3350 | agents=20
2026-03-06 10:04:54,922 | INFO | evac_sim.simulation.simulation_manager | Progress | frame=3360 | agents=20
2026-03-06 10:04:54,944 | INFO | evac_sim.simulation.simulation_manager | Progress | frame=3370 | agents=20
2026-03-06 10:04:54,967 | INFO | evac_sim.simulation.simulation_manager | Progress | frame=3380 | agents=20
2026-03-06 10:04:54,990 | INFO | evac_sim.simulation.simulation_manager | Progress | frame=3390 | agents=20
2026-03-06 10:04:55,011 | INFO | evac_sim.simulation.simulation_manager | Progress | frame=3400 | agents=20
2026-03-06 10:04:55,038 | INFO | evac_sim.simulation.simulation_manager | Progress | frame=3410 | agents=20
2026-03-06 10:04:55,056 | INFO | evac_sim.simulation.simulation_manager | Progress | frame=3420 | agents=20
2026-03-06 10:04:55,076 | INFO | evac_sim.simulation.simulation_manager | Progress | frame=3430 | agents=20
2026-03-06 10:04:55,094 | INFO | evac_sim.simulation.simulation_manager | Progress | frame=3440 | agents=20
2026-03-06 10:04:55,113 | INFO | evac_sim.simulation.simulation_manager | Progress | frame=3450 | agents=20
2026-03-06 10:04:55,119 | INFO | evac_sim.simulation.simulation_manager | Reroute applied | frame=3450 | group=82 | agents=5 | curr=154 next=153 | old_len=69 new_len=86
2026-03-06 10:04:55,145 | INFO | evac_sim.simulation.simulation_manager | Progress | frame=3460 | agents=20
2026-03-06 10:04:55,163 | INFO | evac_sim.simulation.simulation_manager | Progress | frame=3470 | agents=20
2026-03-06 10:04:55,182 | INFO | evac_sim.simulation.simulation_manager | Progress | frame=3480 | agents=20
2026-03-06 10:04:55,201 | INFO | evac_sim.simulation.simulation_manager | Progress | frame=3490 | agents=20
2026-03-06 10:04:55,220 | INFO | evac_sim.simulation.simulation_manager | Progress | frame=3500 | agents=20
2026-03-06 10:04:55,247 | INFO | evac_sim.simulation.simulation_manager | Progress | frame=3510 | agents=20
2026-03-06 10:04:55,266 | INFO | evac_sim.simulation.simulation_manager | Progress | frame=3520 | agents=20
2026-03-06 10:04:55,285 | INFO | evac_sim.simulation.simulation_manager | Progress | frame=3530 | agents=20
2026-03-06 10:04:55,304 | INFO | evac_sim.simulation.simulation_manager | Progress | frame=3540 | agents=20
2026-03-06 10:04:55,323 | INFO | evac_sim.simulation.simulation_manager | Progress | frame=3550 | agents=20
2026-03-06 10:04:55,349 | INFO | evac_sim.simulation.simulation_manager | Progress | frame=3560 | agents=20
2026-03-06 10:04:55,368 | INFO | evac_sim.simulation.simulation_manager | Progress | frame=3570 | agents=20
2026-03-06 10:04:55,388 | INFO | evac_sim.simulation.simulation_manager | Progress | frame=3580 | agents=20
2026-03-06 10:04:55,407 | INFO | evac_sim.simulation.simulation_manager | Progress | frame=3590 | agents=20
2026-03-06 10:04:55,426 | INFO | evac_sim.simulation.simulation_manager | Progress | frame=3600 | agents=20
2026-03-06 10:04:55,986 | INFO | evac_sim.simulation.simulation_manager | Progress | frame=3610 | agents=20
2026-03-06 10:04:56,005 | INFO | evac_sim.simulation.simulation_manager | Progress | frame=3620 | agents=20
2026-03-06 10:04:56,024 | INFO | evac_sim.simulation.simulation_manager | Progress | frame=3630 | agents=20
2026-03-06 10:04:56,043 | INFO | evac_sim.simulation.simulation_manager | Progress | frame=3640 | agents=20
2026-03-06 10:04:56,062 | INFO | evac_sim.simulation.simulation_manager | Progress | frame=3650 | agents=20
2026-03-06 10:04:56,090 | INFO | evac_sim.simulation.simulation_manager | Progress | frame=3660 | agents=20
2026-03-06 10:04:56,109 | INFO | evac_sim.simulation.simulation_manager | Progress | frame=3670 | agents=20
2026-03-06 10:04:56,128 | INFO | evac_sim.simulation.simulation_manager | Progress | frame=3680 | agents=20
2026-03-06 10:04:56,147 | INFO | evac_sim.simulation.simulation_manager | Progress | frame=3690 | agents=20
2026-03-06 10:04:56,166 | INFO | evac_sim.simulation.simulation_manager | Progress | frame=3700 | agents=20
2026-03-06 10:04:56,173 | INFO | evac_sim.simulation.simulation_manager | Reroute applied | frame=3700 | group=83 | agents=5 | curr=202 next=201 | old_len=71 new_len=81
2026-03-06 10:04:56,196 | INFO | evac_sim.simulation.simulation_manager | Progress | frame=3710 | agents=20
2026-03-06 10:04:56,215 | INFO | evac_sim.simulation.simulation_manager | Progress | frame=3720 | agents=20
2026-03-06 10:04:56,234 | INFO | evac_sim.simulation.simulation_manager | Progress | frame=3730 | agents=20
2026-03-06 10:04:56,253 | INFO | evac_sim.simulation.simulation_manager | Progress | frame=3740 | agents=20
2026-03-06 10:04:56,272 | INFO | evac_sim.simulation.simulation_manager | Progress | frame=3750 | agents=20
2026-03-06 10:04:56,299 | INFO | evac_sim.simulation.simulation_manager | Progress | frame=3760 | agents=20
2026-03-06 10:04:56,318 | INFO | evac_sim.simulation.simulation_manager | Progress | frame=3770 | agents=20
2026-03-06 10:04:56,338 | INFO | evac_sim.simulation.simulation_manager | Progress | frame=3780 | agents=20
2026-03-06 10:04:56,356 | INFO | evac_sim.simulation.simulation_manager | Progress | frame=3790 | agents=20
2026-03-06 10:04:56,375 | INFO | evac_sim.simulation.simulation_manager | Progress | frame=3800 | agents=20
2026-03-06 10:04:56,403 | INFO | evac_sim.simulation.simulation_manager | Progress | frame=3810 | agents=20
2026-03-06 10:04:56,422 | INFO | evac_sim.simulation.simulation_manager | Progress | frame=3820 | agents=20
2026-03-06 10:04:56,441 | INFO | evac_sim.simulation.simulation_manager | Progress | frame=3830 | agents=20
2026-03-06 10:04:56,460 | INFO | evac_sim.simulation.simulation_manager | Progress | frame=3840 | agents=20
2026-03-06 10:04:56,479 | INFO | evac_sim.simulation.simulation_manager | Progress | frame=3850 | agents=20
2026-03-06 10:04:56,507 | INFO | evac_sim.simulation.simulation_manager | Progress | frame=3860 | agents=20
2026-03-06 10:04:56,526 | INFO | evac_sim.simulation.simulation_manager | Progress | frame=3870 | agents=20
2026-03-06 10:04:56,545 | INFO | evac_sim.simulation.simulation_manager | Progress | frame=3880 | agents=20
2026-03-06 10:04:56,563 | INFO | evac_sim.simulation.simulation_manager | Progress | frame=3890 | agents=20
2026-03-06 10:04:56,582 | INFO | evac_sim.simulation.simulation_manager | Progress | frame=3900 | agents=20
2026-03-06 10:04:56,609 | INFO | evac_sim.simulation.simulation_manager | Progress | frame=3910 | agents=20
2026-03-06 10:04:56,628 | INFO | evac_sim.simulation.simulation_manager | Progress | frame=3920 | agents=20
2026-03-06 10:04:56,647 | INFO | evac_sim.simulation.simulation_manager | Progress | frame=3930 | agents=20
2026-03-06 10:04:56,666 | INFO | evac_sim.simulation.simulation_manager | Progress | frame=3940 | agents=20
2026-03-06 10:04:56,684 | INFO | evac_sim.simulation.simulation_manager | Progress | frame=3950 | agents=20
2026-03-06 10:04:56,711 | INFO | evac_sim.simulation.simulation_manager | Progress | frame=3960 | agents=20
2026-03-06 10:04:56,731 | INFO | evac_sim.simulation.simulation_manager | Progress | frame=3970 | agents=20
2026-03-06 10:04:56,750 | INFO | evac_sim.simulation.simulation_manager | Progress | frame=3980 | agents=20
2026-03-06 10:04:56,769 | INFO | evac_sim.simulation.simulation_manager | Progress | frame=3990 | agents=20
2026-03-06 10:04:56,788 | INFO | evac_sim.simulation.simulation_manager | Progress | frame=4000 | agents=20
2026-03-06 10:04:56,815 | INFO | evac_sim.simulation.simulation_manager | Progress | frame=4010 | agents=20
2026-03-06 10:04:56,834 | INFO | evac_sim.simulation.simulation_manager | Progress | frame=4020 | agents=20
2026-03-06 10:04:56,853 | INFO | evac_sim.simulation.simulation_manager | Progress | frame=4030 | agents=20
2026-03-06 10:04:56,872 | INFO | evac_sim.simulation.simulation_manager | Progress | frame=4040 | agents=20
2026-03-06 10:04:56,891 | INFO | evac_sim.simulation.simulation_manager | Progress | frame=4050 | agents=20
2026-03-06 10:04:56,919 | INFO | evac_sim.simulation.simulation_manager | Progress | frame=4060 | agents=20
2026-03-06 10:04:56,937 | INFO | evac_sim.simulation.simulation_manager | Progress | frame=4070 | agents=20
2026-03-06 10:04:56,958 | INFO | evac_sim.simulation.simulation_manager | Progress | frame=4080 | agents=20
2026-03-06 10:04:56,975 | INFO | evac_sim.simulation.simulation_manager | Progress | frame=4090 | agents=20
2026-03-06 10:04:56,995 | INFO | evac_sim.simulation.simulation_manager | Progress | frame=4100 | agents=20
2026-03-06 10:04:57,023 | INFO | evac_sim.simulation.simulation_manager | Progress | frame=4110 | agents=20
2026-03-06 10:04:57,041 | INFO | evac_sim.simulation.simulation_manager | Progress | frame=4120 | agents=20
2026-03-06 10:04:57,061 | INFO | evac_sim.simulation.simulation_manager | Progress | frame=4130 | agents=20
2026-03-06 10:04:57,081 | INFO | evac_sim.simulation.simulation_manager | Progress | frame=4140 | agents=20
2026-03-06 10:04:57,101 | INFO | evac_sim.simulation.simulation_manager | Progress | frame=4150 | agents=20
2026-03-06 10:04:57,106 | INFO | evac_sim.simulation.simulation_manager | Reroute applied | frame=4150 | group=82 | agents=5 | curr=202 next=201 | old_len=86 new_len=96
2026-03-06 10:04:57,134 | INFO | evac_sim.simulation.simulation_manager | Progress | frame=4160 | agents=20
2026-03-06 10:04:57,152 | INFO | evac_sim.simulation.simulation_manager | Progress | frame=4170 | agents=20
2026-03-06 10:04:57,173 | INFO | evac_sim.simulation.simulation_manager | Progress | frame=4180 | agents=20
2026-03-06 10:04:57,193 | INFO | evac_sim.simulation.simulation_manager | Progress | frame=4190 | agents=20
2026-03-06 10:04:57,211 | INFO | evac_sim.simulation.simulation_manager | Progress | frame=4200 | agents=20
2026-03-06 10:04:57,239 | INFO | evac_sim.simulation.simulation_manager | Progress | frame=4210 | agents=20
2026-03-06 10:04:57,259 | INFO | evac_sim.simulation.simulation_manager | Progress | frame=4220 | agents=20
2026-03-06 10:04:57,277 | INFO | evac_sim.simulation.simulation_manager | Progress | frame=4230 | agents=20
2026-03-06 10:04:57,296 | INFO | evac_sim.simulation.simulation_manager | Progress | frame=4240 | agents=20
2026-03-06 10:04:57,316 | INFO | evac_sim.simulation.simulation_manager | Progress | frame=4250 | agents=20
2026-03-06 10:04:57,344 | INFO | evac_sim.simulation.simulation_manager | Progress | frame=4260 | agents=20
2026-03-06 10:04:57,364 | INFO | evac_sim.simulation.simulation_manager | Progress | frame=4270 | agents=20
2026-03-06 10:04:57,384 | INFO | evac_sim.simulation.simulation_manager | Progress | frame=4280 | agents=20
2026-03-06 10:04:57,404 | INFO | evac_sim.simulation.simulation_manager | Progress | frame=4290 | agents=20
2026-03-06 10:04:57,424 | INFO | evac_sim.simulation.simulation_manager | Progress | frame=4300 | agents=20
2026-03-06 10:04:57,451 | INFO | evac_sim.simulation.simulation_manager | Progress | frame=4310 | agents=20
2026-03-06 10:04:57,471 | INFO | evac_sim.simulation.simulation_manager | Progress | frame=4320 | agents=20
2026-03-06 10:04:57,491 | INFO | evac_sim.simulation.simulation_manager | Progress | frame=4330 | agents=20
2026-03-06 10:04:57,511 | INFO | evac_sim.simulation.simulation_manager | Progress | frame=4340 | agents=20
2026-03-06 10:04:57,530 | INFO | evac_sim.simulation.simulation_manager | Progress | frame=4350 | agents=20
2026-03-06 10:04:57,558 | INFO | evac_sim.simulation.simulation_manager | Progress | frame=4360 | agents=20
2026-03-06 10:04:57,578 | INFO | evac_sim.simulation.simulation_manager | Progress | frame=4370 | agents=20
2026-03-06 10:04:57,597 | INFO | evac_sim.simulation.simulation_manager | Progress | frame=4380 | agents=20
2026-03-06 10:04:57,617 | INFO | evac_sim.simulation.simulation_manager | Progress | frame=4390 | agents=19
2026-03-06 10:04:57,636 | INFO | evac_sim.simulation.simulation_manager | Progress | frame=4400 | agents=19
2026-03-06 10:04:57,663 | INFO | evac_sim.simulation.simulation_manager | Progress | frame=4410 | agents=19
2026-03-06 10:04:57,682 | INFO | evac_sim.simulation.simulation_manager | Progress | frame=4420 | agents=19
2026-03-06 10:04:57,701 | INFO | evac_sim.simulation.simulation_manager | Progress | frame=4430 | agents=19
2026-03-06 10:04:57,720 | INFO | evac_sim.simulation.simulation_manager | Progress | frame=4440 | agents=19
2026-03-06 10:04:57,739 | INFO | evac_sim.simulation.simulation_manager | Progress | frame=4450 | agents=18
2026-03-06 10:04:57,766 | INFO | evac_sim.simulation.simulation_manager | Progress | frame=4460 | agents=18
2026-03-06 10:04:57,784 | INFO | evac_sim.simulation.simulation_manager | Progress | frame=4470 | agents=18
2026-03-06 10:04:57,803 | INFO | evac_sim.simulation.simulation_manager | Progress | frame=4480 | agents=18
2026-03-06 10:04:57,822 | INFO | evac_sim.simulation.simulation_manager | Progress | frame=4490 | agents=18
2026-03-06 10:04:57,842 | INFO | evac_sim.simulation.simulation_manager | Progress | frame=4500 | agents=17
2026-03-06 10:04:57,868 | INFO | evac_sim.simulation.simulation_manager | Progress | frame=4510 | agents=17
2026-03-06 10:04:57,887 | INFO | evac_sim.simulation.simulation_manager | Progress | frame=4520 | agents=17
2026-03-06 10:04:57,905 | INFO | evac_sim.simulation.simulation_manager | Progress | frame=4530 | agents=17
2026-03-06 10:04:57,925 | INFO | evac_sim.simulation.simulation_manager | Progress | frame=4540 | agents=17
2026-03-06 10:04:57,944 | INFO | evac_sim.simulation.simulation_manager | Progress | frame=4550 | agents=16
2026-03-06 10:04:57,970 | INFO | evac_sim.simulation.simulation_manager | Progress | frame=4560 | agents=16
2026-03-06 10:04:57,988 | INFO | evac_sim.simulation.simulation_manager | Progress | frame=4570 | agents=16
2026-03-06 10:04:58,007 | INFO | evac_sim.simulation.simulation_manager | Progress | frame=4580 | agents=16
2026-03-06 10:04:58,027 | INFO | evac_sim.simulation.simulation_manager | Progress | frame=4590 | agents=15
2026-03-06 10:04:58,044 | INFO | evac_sim.simulation.simulation_manager | Progress | frame=4600 | agents=15
2026-03-06 10:04:58,071 | INFO | evac_sim.simulation.simulation_manager | Progress | frame=4610 | agents=15
2026-03-06 10:04:58,091 | INFO | evac_sim.simulation.simulation_manager | Progress | frame=4620 | agents=15
2026-03-06 10:04:58,109 | INFO | evac_sim.simulation.simulation_manager | Progress | frame=4630 | agents=15
2026-03-06 10:04:58,128 | INFO | evac_sim.simulation.simulation_manager | Progress | frame=4640 | agents=14
2026-03-06 10:04:58,146 | INFO | evac_sim.simulation.simulation_manager | Progress | frame=4650 | agents=14
2026-03-06 10:04:58,173 | INFO | evac_sim.simulation.simulation_manager | Progress | frame=4660 | agents=14
2026-03-06 10:04:58,192 | INFO | evac_sim.simulation.simulation_manager | Progress | frame=4670 | agents=14
2026-03-06 10:04:58,210 | INFO | evac_sim.simulation.simulation_manager | Progress | frame=4680 | agents=14
2026-03-06 10:04:58,229 | INFO | evac_sim.simulation.simulation_manager | Progress | frame=4690 | agents=13
2026-03-06 10:04:58,252 | INFO | evac_sim.simulation.simulation_manager | Progress | frame=4700 | agents=13
2026-03-06 10:04:58,281 | INFO | evac_sim.simulation.simulation_manager | Progress | frame=4710 | agents=13
2026-03-06 10:04:58,299 | INFO | evac_sim.simulation.simulation_manager | Progress | frame=4720 | agents=13
2026-03-06 10:04:58,319 | INFO | evac_sim.simulation.simulation_manager | Progress | frame=4730 | agents=13
2026-03-06 10:04:58,338 | INFO | evac_sim.simulation.simulation_manager | Progress | frame=4740 | agents=13
2026-03-06 10:04:58,357 | INFO | evac_sim.simulation.simulation_manager | Progress | frame=4750 | agents=13
2026-03-06 10:04:58,384 | INFO | evac_sim.simulation.simulation_manager | Progress | frame=4760 | agents=13
2026-03-06 10:04:58,403 | INFO | evac_sim.simulation.simulation_manager | Progress | frame=4770 | agents=13
2026-03-06 10:04:58,421 | INFO | evac_sim.simulation.simulation_manager | Progress | frame=4780 | agents=13
2026-03-06 10:04:58,439 | INFO | evac_sim.simulation.simulation_manager | Progress | frame=4790 | agents=13
2026-03-06 10:04:58,458 | INFO | evac_sim.simulation.simulation_manager | Progress | frame=4800 | agents=13
2026-03-06 10:04:58,484 | INFO | evac_sim.simulation.simulation_manager | Progress | frame=4810 | agents=13
2026-03-06 10:04:58,503 | INFO | evac_sim.simulation.simulation_manager | Progress | frame=4820 | agents=13
2026-03-06 10:04:58,522 | INFO | evac_sim.simulation.simulation_manager | Progress | frame=4830 | agents=13
2026-03-06 10:04:58,541 | INFO | evac_sim.simulation.simulation_manager | Progress | frame=4840 | agents=13
2026-03-06 10:04:58,560 | INFO | evac_sim.simulation.simulation_manager | Progress | frame=4850 | agents=13
2026-03-06 10:04:58,587 | INFO | evac_sim.simulation.simulation_manager | Progress | frame=4860 | agents=13
2026-03-06 10:04:58,606 | INFO | evac_sim.simulation.simulation_manager | Progress | frame=4870 | agents=12
2026-03-06 10:04:58,624 | INFO | evac_sim.simulation.simulation_manager | Progress | frame=4880 | agents=12
2026-03-06 10:04:58,643 | INFO | evac_sim.simulation.simulation_manager | Progress | frame=4890 | agents=12
2026-03-06 10:04:58,662 | INFO | evac_sim.simulation.simulation_manager | Progress | frame=4900 | agents=12
2026-03-06 10:04:58,689 | INFO | evac_sim.simulation.simulation_manager | Progress | frame=4910 | agents=12
2026-03-06 10:04:58,708 | INFO | evac_sim.simulation.simulation_manager | Progress | frame=4920 | agents=12
2026-03-06 10:04:58,727 | INFO | evac_sim.simulation.simulation_manager | Progress | frame=4930 | agents=12
2026-03-06 10:04:58,746 | INFO | evac_sim.simulation.simulation_manager | Progress | frame=4940 | agents=12
2026-03-06 10:04:58,767 | INFO | evac_sim.simulation.simulation_manager | Progress | frame=4950 | agents=12
2026-03-06 10:04:58,793 | INFO | evac_sim.simulation.simulation_manager | Progress | frame=4960 | agents=12
2026-03-06 10:04:58,812 | INFO | evac_sim.simulation.simulation_manager | Progress | frame=4970 | agents=12
2026-03-06 10:04:58,830 | INFO | evac_sim.simulation.simulation_manager | Progress | frame=4980 | agents=12
2026-03-06 10:04:58,848 | INFO | evac_sim.simulation.simulation_manager | Progress | frame=4990 | agents=12
2026-03-06 10:04:58,867 | INFO | evac_sim.simulation.simulation_manager | Progress | frame=5000 | agents=12
2026-03-06 10:04:58,894 | INFO | evac_sim.simulation.simulation_manager | Progress | frame=5010 | agents=12
2026-03-06 10:04:58,912 | INFO | evac_sim.simulation.simulation_manager | Progress | frame=5020 | agents=11
2026-03-06 10:04:58,932 | INFO | evac_sim.simulation.simulation_manager | Progress | frame=5030 | agents=11
2026-03-06 10:04:58,950 | INFO | evac_sim.simulation.simulation_manager | Progress | frame=5040 | agents=11
2026-03-06 10:04:58,969 | INFO | evac_sim.simulation.simulation_manager | Progress | frame=5050 | agents=11
2026-03-06 10:04:58,996 | INFO | evac_sim.simulation.simulation_manager | Progress | frame=5060 | agents=11
2026-03-06 10:04:59,014 | INFO | evac_sim.simulation.simulation_manager | Progress | frame=5070 | agents=11
2026-03-06 10:04:59,033 | INFO | evac_sim.simulation.simulation_manager | Progress | frame=5080 | agents=11
2026-03-06 10:04:59,051 | INFO | evac_sim.simulation.simulation_manager | Progress | frame=5090 | agents=11
2026-03-06 10:04:59,070 | INFO | evac_sim.simulation.simulation_manager | Progress | frame=5100 | agents=11
2026-03-06 10:04:59,096 | INFO | evac_sim.simulation.simulation_manager | Progress | frame=5110 | agents=10
2026-03-06 10:04:59,114 | INFO | evac_sim.simulation.simulation_manager | Progress | frame=5120 | agents=10
2026-03-06 10:04:59,133 | INFO | evac_sim.simulation.simulation_manager | Progress | frame=5130 | agents=10
2026-03-06 10:04:59,152 | INFO | evac_sim.simulation.simulation_manager | Progress | frame=5140 | agents=10
2026-03-06 10:04:59,170 | INFO | evac_sim.simulation.simulation_manager | Progress | frame=5150 | agents=10
2026-03-06 10:04:59,195 | INFO | evac_sim.simulation.simulation_manager | Progress | frame=5160 | agents=10
2026-03-06 10:04:59,213 | INFO | evac_sim.simulation.simulation_manager | Progress | frame=5170 | agents=10
2026-03-06 10:04:59,232 | INFO | evac_sim.simulation.simulation_manager | Progress | frame=5180 | agents=9
2026-03-06 10:04:59,251 | INFO | evac_sim.simulation.simulation_manager | Progress | frame=5190 | agents=9
2026-03-06 10:04:59,269 | INFO | evac_sim.simulation.simulation_manager | Progress | frame=5200 | agents=9
2026-03-06 10:04:59,294 | INFO | evac_sim.simulation.simulation_manager | Progress | frame=5210 | agents=9
2026-03-06 10:04:59,313 | INFO | evac_sim.simulation.simulation_manager | Progress | frame=5220 | agents=9
2026-03-06 10:04:59,331 | INFO | evac_sim.simulation.simulation_manager | Progress | frame=5230 | agents=8
2026-03-06 10:04:59,349 | INFO | evac_sim.simulation.simulation_manager | Progress | frame=5240 | agents=8
2026-03-06 10:04:59,368 | INFO | evac_sim.simulation.simulation_manager | Progress | frame=5250 | agents=8
2026-03-06 10:04:59,391 | INFO | evac_sim.simulation.simulation_manager | Progress | frame=5260 | agents=8
2026-03-06 10:04:59,409 | INFO | evac_sim.simulation.simulation_manager | Progress | frame=5270 | agents=8
2026-03-06 10:04:59,427 | INFO | evac_sim.simulation.simulation_manager | Progress | frame=5280 | agents=7
2026-03-06 10:04:59,444 | INFO | evac_sim.simulation.simulation_manager | Progress | frame=5290 | agents=7
2026-03-06 10:04:59,462 | INFO | evac_sim.simulation.simulation_manager | Progress | frame=5300 | agents=7
2026-03-06 10:04:59,485 | INFO | evac_sim.simulation.simulation_manager | Progress | frame=5310 | agents=7
2026-03-06 10:04:59,503 | INFO | evac_sim.simulation.simulation_manager | Progress | frame=5320 | agents=6
2026-03-06 10:04:59,521 | INFO | evac_sim.simulation.simulation_manager | Progress | frame=5330 | agents=6
2026-03-06 10:04:59,539 | INFO | evac_sim.simulation.simulation_manager | Progress | frame=5340 | agents=6
2026-03-06 10:04:59,557 | INFO | evac_sim.simulation.simulation_manager | Progress | frame=5350 | agents=6
2026-03-06 10:04:59,580 | INFO | evac_sim.simulation.simulation_manager | Progress | frame=5360 | agents=6
2026-03-06 10:04:59,598 | INFO | evac_sim.simulation.simulation_manager | Progress | frame=5370 | agents=5
2026-03-06 10:04:59,616 | INFO | evac_sim.simulation.simulation_manager | Progress | frame=5380 | agents=5
2026-03-06 10:04:59,634 | INFO | evac_sim.simulation.simulation_manager | Progress | frame=5390 | agents=5
2026-03-06 10:04:59,652 | INFO | evac_sim.simulation.simulation_manager | Progress | frame=5400 | agents=5
2026-03-06 10:04:59,675 | INFO | evac_sim.simulation.simulation_manager | Progress | frame=5410 | agents=5
2026-03-06 10:04:59,693 | INFO | evac_sim.simulation.simulation_manager | Progress | frame=5420 | agents=5
2026-03-06 10:04:59,712 | INFO | evac_sim.simulation.simulation_manager | Progress | frame=5430 | agents=5
2026-03-06 10:04:59,729 | INFO | evac_sim.simulation.simulation_manager | Progress | frame=5440 | agents=5
2026-03-06 10:04:59,747 | INFO | evac_sim.simulation.simulation_manager | Progress | frame=5450 | agents=5
2026-03-06 10:04:59,768 | INFO | evac_sim.simulation.simulation_manager | Progress | frame=5460 | agents=5
2026-03-06 10:04:59,786 | INFO | evac_sim.simulation.simulation_manager | Progress | frame=5470 | agents=5
2026-03-06 10:04:59,803 | INFO | evac_sim.simulation.simulation_manager | Progress | frame=5480 | agents=5
2026-03-06 10:04:59,822 | INFO | evac_sim.simulation.simulation_manager | Progress | frame=5490 | agents=5
2026-03-06 10:04:59,839 | INFO | evac_sim.simulation.simulation_manager | Progress | frame=5500 | agents=5
2026-03-06 10:04:59,860 | INFO | evac_sim.simulation.simulation_manager | Progress | frame=5510 | agents=5
2026-03-06 10:04:59,877 | INFO | evac_sim.simulation.simulation_manager | Progress | frame=5520 | agents=5
2026-03-06 10:04:59,896 | INFO | evac_sim.simulation.simulation_manager | Progress | frame=5530 | agents=5
2026-03-06 10:04:59,914 | INFO | evac_sim.simulation.simulation_manager | Progress | frame=5540 | agents=5
2026-03-06 10:04:59,931 | INFO | evac_sim.simulation.simulation_manager | Progress | frame=5550 | agents=5
2026-03-06 10:04:59,952 | INFO | evac_sim.simulation.simulation_manager | Progress | frame=5560 | agents=5
2026-03-06 10:04:59,969 | INFO | evac_sim.simulation.simulation_manager | Progress | frame=5570 | agents=5
2026-03-06 10:04:59,987 | INFO | evac_sim.simulation.simulation_manager | Progress | frame=5580 | agents=5
2026-03-06 10:05:00,005 | INFO | evac_sim.simulation.simulation_manager | Progress | frame=5590 | agents=5
2026-03-06 10:05:00,025 | INFO | evac_sim.simulation.simulation_manager | Progress | frame=5600 | agents=5
2026-03-06 10:05:00,047 | INFO | evac_sim.simulation.simulation_manager | Progress | frame=5610 | agents=5
2026-03-06 10:05:00,064 | INFO | evac_sim.simulation.simulation_manager | Progress | frame=5620 | agents=5
2026-03-06 10:05:00,083 | INFO | evac_sim.simulation.simulation_manager | Progress | frame=5630 | agents=5
2026-03-06 10:05:00,100 | INFO | evac_sim.simulation.simulation_manager | Progress | frame=5640 | agents=5
2026-03-06 10:05:00,119 | INFO | evac_sim.simulation.simulation_manager | Progress | frame=5650 | agents=5
2026-03-06 10:05:00,139 | INFO | evac_sim.simulation.simulation_manager | Progress | frame=5660 | agents=4
2026-03-06 10:05:00,157 | INFO | evac_sim.simulation.simulation_manager | Progress | frame=5670 | agents=4
2026-03-06 10:05:00,174 | INFO | evac_sim.simulation.simulation_manager | Progress | frame=5680 | agents=4
2026-03-06 10:05:00,192 | INFO | evac_sim.simulation.simulation_manager | Progress | frame=5690 | agents=4
2026-03-06 10:05:00,209 | INFO | evac_sim.simulation.simulation_manager | Progress | frame=5700 | agents=4
2026-03-06 10:05:00,230 | INFO | evac_sim.simulation.simulation_manager | Progress | frame=5710 | agents=3
2026-03-06 10:05:00,247 | INFO | evac_sim.simulation.simulation_manager | Progress | frame=5720 | agents=3
2026-03-06 10:05:00,266 | INFO | evac_sim.simulation.simulation_manager | Progress | frame=5730 | agents=3
2026-03-06 10:05:00,283 | INFO | evac_sim.simulation.simulation_manager | Progress | frame=5740 | agents=3
2026-03-06 10:05:00,300 | INFO | evac_sim.simulation.simulation_manager | Progress | frame=5750 | agents=3
2026-03-06 10:05:00,322 | INFO | evac_sim.simulation.simulation_manager | Progress | frame=5760 | agents=2
2026-03-06 10:05:00,344 | INFO | evac_sim.simulation.simulation_manager | Progress | frame=5770 | agents=2
2026-03-06 10:05:00,363 | INFO | evac_sim.simulation.simulation_manager | Progress | frame=5780 | agents=2
2026-03-06 10:05:00,381 | INFO | evac_sim.simulation.simulation_manager | Progress | frame=5790 | agents=2
2026-03-06 10:05:00,401 | INFO | evac_sim.simulation.simulation_manager | Progress | frame=5800 | agents=1
2026-03-06 10:05:00,426 | INFO | evac_sim.simulation.simulation_manager | Progress | frame=5810 | agents=1
2026-03-06 10:05:00,445 | INFO | evac_sim.simulation.simulation_manager | Progress | frame=5820 | agents=1
2026-03-06 10:05:00,468 | INFO | evac_sim.simulation.simulation_manager | Progress | frame=5830 | agents=1
2026-03-06 10:05:00,489 | INFO | evac_sim.simulation.simulation_manager | Progress | frame=5840 | agents=1
2026-03-06 10:05:00,497 | INFO | evac_sim.simulation.simulation_manager | Simulation end | last_frame=5843
2026-03-06 10:05:00,530 | INFO | evac_sim.runner | Metrics preview | mode=0 group=82 agents=5 min=16968.000 avg=17250.600 median=17253.000 p90=17473.800 max=17529.000
2026-03-06 10:05:00,542 | INFO | evac_sim.runner | Metrics preview | mode=0 group=83 agents=5 min=15525.000 avg=15811.200 median=15813.000 p90=16036.800 max=16092.000
2026-03-06 10:05:00,551 | INFO | evac_sim.runner | Metrics preview | mode=0 group=73 agents=6 min=7416.000 avg=7899.500 median=7915.500 p90=8244.000 max=8325.000
2026-03-06 10:05:00,563 | INFO | evac_sim.runner | Metrics preview | mode=0 group=77 agents=6 min=8715.000 avg=9162.500 median=9139.500 p90=9546.000 max=9630.000
2026-03-06 10:05:00,577 | INFO | evac_sim.runner | Metrics preview | mode=0 group=92 agents=10 min=13140.000 avg=14026.200 median=13833.000 p90=15078.000 max=15321.000
2026-03-06 10:05:00,579 | INFO | evac_sim.runner | Finished mode=0
2026-03-06 10:05:00,579 | INFO | evac_sim.runner | Mode start | mode=1 env=Cruise_Ship case=unknown
2026-03-06 10:05:00,638 | INFO | evac_sim.simulation.simulation_manager | Simulation start | agents=32
2026-03-06 10:05:00,686 | INFO | evac_sim.simulation.simulation_manager | Progress | frame=10 | agents=32
2026-03-06 10:05:00,710 | INFO | evac_sim.simulation.simulation_manager | Progress | frame=20 | agents=32
2026-03-06 10:05:00,735 | INFO | evac_sim.simulation.simulation_manager | Progress | frame=30 | agents=32
2026-03-06 10:05:00,760 | INFO | evac_sim.simulation.simulation_manager | Progress | frame=40 | agents=32
2026-03-06 10:05:00,785 | INFO | evac_sim.simulation.simulation_manager | Progress | frame=50 | agents=32
2026-03-06 10:05:00,827 | INFO | evac_sim.simulation.simulation_manager | Progress | frame=60 | agents=32
2026-03-06 10:05:00,853 | INFO | evac_sim.simulation.simulation_manager | Progress | frame=70 | agents=32
2026-03-06 10:05:00,881 | INFO | evac_sim.simulation.simulation_manager | Progress | frame=80 | agents=32
2026-03-06 10:05:00,907 | INFO | evac_sim.simulation.simulation_manager | Progress | frame=90 | agents=32
2026-03-06 10:05:00,932 | INFO | evac_sim.simulation.simulation_manager | Progress | frame=100 | agents=32
2026-03-06 10:05:00,975 | INFO | evac_sim.simulation.simulation_manager | Progress | frame=110 | agents=32
2026-03-06 10:05:01,003 | INFO | evac_sim.simulation.simulation_manager | Progress | frame=120 | agents=32
2026-03-06 10:05:01,031 | INFO | evac_sim.simulation.simulation_manager | Progress | frame=130 | agents=32
2026-03-06 10:05:01,058 | INFO | evac_sim.simulation.simulation_manager | Progress | frame=140 | agents=32
2026-03-06 10:05:01,080 | INFO | evac_sim.simulation.simulation_manager | Progress | frame=150 | agents=32
2026-03-06 10:05:01,115 | INFO | evac_sim.simulation.simulation_manager | Progress | frame=160 | agents=32
2026-03-06 10:05:01,137 | INFO | evac_sim.simulation.simulation_manager | Progress | frame=170 | agents=32
2026-03-06 10:05:01,158 | INFO | evac_sim.simulation.simulation_manager | Progress | frame=180 | agents=32
2026-03-06 10:05:01,179 | INFO | evac_sim.simulation.simulation_manager | Progress | frame=190 | agents=32
2026-03-06 10:05:01,202 | INFO | evac_sim.simulation.simulation_manager | Progress | frame=200 | agents=32
2026-03-06 10:05:01,238 | INFO | evac_sim.simulation.simulation_manager | Progress | frame=210 | agents=32
2026-03-06 10:05:01,258 | INFO | evac_sim.simulation.simulation_manager | Progress | frame=220 | agents=32
2026-03-06 10:05:01,281 | INFO | evac_sim.simulation.simulation_manager | Progress | frame=230 | agents=32
2026-03-06 10:05:01,302 | INFO | evac_sim.simulation.simulation_manager | Progress | frame=240 | agents=32
2026-03-06 10:05:01,325 | INFO | evac_sim.simulation.simulation_manager | Progress | frame=250 | agents=32
2026-03-06 10:05:01,360 | INFO | evac_sim.simulation.simulation_manager | Progress | frame=260 | agents=32
2026-03-06 10:05:01,382 | INFO | evac_sim.simulation.simulation_manager | Progress | frame=270 | agents=32
2026-03-06 10:05:01,403 | INFO | evac_sim.simulation.simulation_manager | Progress | frame=280 | agents=32
2026-03-06 10:05:01,424 | INFO | evac_sim.simulation.simulation_manager | Progress | frame=290 | agents=32
2026-03-06 10:05:01,446 | INFO | evac_sim.simulation.simulation_manager | Progress | frame=300 | agents=32
2026-03-06 10:05:01,482 | INFO | evac_sim.simulation.simulation_manager | Progress | frame=310 | agents=32
2026-03-06 10:05:01,503 | INFO | evac_sim.simulation.simulation_manager | Progress | frame=320 | agents=32
2026-03-06 10:05:01,525 | INFO | evac_sim.simulation.simulation_manager | Progress | frame=330 | agents=32
2026-03-06 10:05:01,547 | INFO | evac_sim.simulation.simulation_manager | Progress | frame=340 | agents=32
2026-03-06 10:05:01,570 | INFO | evac_sim.simulation.simulation_manager | Progress | frame=350 | agents=32
2026-03-06 10:05:01,607 | INFO | evac_sim.simulation.simulation_manager | Progress | frame=360 | agents=32
2026-03-06 10:05:01,629 | INFO | evac_sim.simulation.simulation_manager | Progress | frame=370 | agents=32
2026-03-06 10:05:01,651 | INFO | evac_sim.simulation.simulation_manager | Progress | frame=380 | agents=32
2026-03-06 10:05:01,672 | INFO | evac_sim.simulation.simulation_manager | Progress | frame=390 | agents=32
2026-03-06 10:05:01,694 | INFO | evac_sim.simulation.simulation_manager | Progress | frame=400 | agents=32
2026-03-06 10:05:01,700 | INFO | evac_sim.simulation.simulation_manager | Reroute applied | frame=400 | group=83 | agents=5 | curr=92 next=91 | old_len=46 new_len=48
2026-03-06 10:05:01,940 | INFO | evac_sim.simulation.simulation_manager | Reroute applied | frame=400 | group=77 | agents=6 | curr=56 next=24 | old_len=40 new_len=46
2026-03-06 10:05:02,170 | INFO | evac_sim.simulation.simulation_manager | Reroute applied | frame=400 | group=92 | agents=10 | curr=61 next=60 | old_len=43 new_len=48
2026-03-06 10:05:02,193 | INFO | evac_sim.simulation.simulation_manager | Progress | frame=410 | agents=32
2026-03-06 10:05:02,214 | INFO | evac_sim.simulation.simulation_manager | Progress | frame=420 | agents=32
2026-03-06 10:05:02,234 | INFO | evac_sim.simulation.simulation_manager | Progress | frame=430 | agents=32
2026-03-06 10:05:02,255 | INFO | evac_sim.simulation.simulation_manager | Progress | frame=440 | agents=32
2026-03-06 10:05:02,276 | INFO | evac_sim.simulation.simulation_manager | Progress | frame=450 | agents=32
2026-03-06 10:05:02,311 | INFO | evac_sim.simulation.simulation_manager | Progress | frame=460 | agents=32
2026-03-06 10:05:02,332 | INFO | evac_sim.simulation.simulation_manager | Progress | frame=470 | agents=32
2026-03-06 10:05:02,354 | INFO | evac_sim.simulation.simulation_manager | Progress | frame=480 | agents=32
2026-03-06 10:05:02,376 | INFO | evac_sim.simulation.simulation_manager | Progress | frame=490 | agents=32
2026-03-06 10:05:02,400 | INFO | evac_sim.simulation.simulation_manager | Progress | frame=500 | agents=32
2026-03-06 10:05:02,436 | INFO | evac_sim.simulation.simulation_manager | Progress | frame=510 | agents=32
2026-03-06 10:05:02,458 | INFO | evac_sim.simulation.simulation_manager | Progress | frame=520 | agents=32
2026-03-06 10:05:02,479 | INFO | evac_sim.simulation.simulation_manager | Progress | frame=530 | agents=32
2026-03-06 10:05:02,499 | INFO | evac_sim.simulation.simulation_manager | Progress | frame=540 | agents=32
2026-03-06 10:05:02,522 | INFO | evac_sim.simulation.simulation_manager | Progress | frame=550 | agents=32
2026-03-06 10:05:02,561 | INFO | evac_sim.simulation.simulation_manager | Progress | frame=560 | agents=32
2026-03-06 10:05:02,583 | INFO | evac_sim.simulation.simulation_manager | Progress | frame=570 | agents=32
2026-03-06 10:05:02,605 | INFO | evac_sim.simulation.simulation_manager | Progress | frame=580 | agents=32
2026-03-06 10:05:02,626 | INFO | evac_sim.simulation.simulation_manager | Progress | frame=590 | agents=32
2026-03-06 10:05:02,648 | INFO | evac_sim.simulation.simulation_manager | Progress | frame=600 | agents=32
2026-03-06 10:05:02,686 | INFO | evac_sim.simulation.simulation_manager | Progress | frame=610 | agents=32
2026-03-06 10:05:02,708 | INFO | evac_sim.simulation.simulation_manager | Progress | frame=620 | agents=32
2026-03-06 10:05:02,731 | INFO | evac_sim.simulation.simulation_manager | Progress | frame=630 | agents=32
2026-03-06 10:05:02,753 | INFO | evac_sim.simulation.simulation_manager | Progress | frame=640 | agents=32
2026-03-06 10:05:02,775 | INFO | evac_sim.simulation.simulation_manager | Progress | frame=650 | agents=32
2026-03-06 10:05:02,811 | INFO | evac_sim.simulation.simulation_manager | Progress | frame=660 | agents=32
2026-03-06 10:05:02,834 | INFO | evac_sim.simulation.simulation_manager | Progress | frame=670 | agents=32
2026-03-06 10:05:02,855 | INFO | evac_sim.simulation.simulation_manager | Progress | frame=680 | agents=32
2026-03-06 10:05:02,878 | INFO | evac_sim.simulation.simulation_manager | Progress | frame=690 | agents=32
2026-03-06 10:05:02,899 | INFO | evac_sim.simulation.simulation_manager | Progress | frame=700 | agents=32
2026-03-06 10:05:02,936 | INFO | evac_sim.simulation.simulation_manager | Progress | frame=710 | agents=32
2026-03-06 10:05:02,958 | INFO | evac_sim.simulation.simulation_manager | Progress | frame=720 | agents=32
2026-03-06 10:05:02,980 | INFO | evac_sim.simulation.simulation_manager | Progress | frame=730 | agents=32
2026-03-06 10:05:03,001 | INFO | evac_sim.simulation.simulation_manager | Progress | frame=740 | agents=32
2026-03-06 10:05:03,022 | INFO | evac_sim.simulation.simulation_manager | Progress | frame=750 | agents=32
2026-03-06 10:05:03,058 | INFO | evac_sim.simulation.simulation_manager | Progress | frame=760 | agents=32
2026-03-06 10:05:03,080 | INFO | evac_sim.simulation.simulation_manager | Progress | frame=770 | agents=32
2026-03-06 10:05:03,101 | INFO | evac_sim.simulation.simulation_manager | Progress | frame=780 | agents=32
2026-03-06 10:05:03,123 | INFO | evac_sim.simulation.simulation_manager | Progress | frame=790 | agents=32
2026-03-06 10:05:03,144 | INFO | evac_sim.simulation.simulation_manager | Progress | frame=800 | agents=32
2026-03-06 10:05:03,185 | INFO | evac_sim.simulation.simulation_manager | Progress | frame=810 | agents=32
2026-03-06 10:05:03,206 | INFO | evac_sim.simulation.simulation_manager | Progress | frame=820 | agents=32
2026-03-06 10:05:03,229 | INFO | evac_sim.simulation.simulation_manager | Progress | frame=830 | agents=32
2026-03-06 10:05:03,250 | INFO | evac_sim.simulation.simulation_manager | Progress | frame=840 | agents=32
2026-03-06 10:05:03,271 | INFO | evac_sim.simulation.simulation_manager | Progress | frame=850 | agents=32
2026-03-06 10:05:03,309 | INFO | evac_sim.simulation.simulation_manager | Progress | frame=860 | agents=32
2026-03-06 10:05:03,330 | INFO | evac_sim.simulation.simulation_manager | Progress | frame=870 | agents=32
2026-03-06 10:05:03,353 | INFO | evac_sim.simulation.simulation_manager | Progress | frame=880 | agents=32
2026-03-06 10:05:03,375 | INFO | evac_sim.simulation.simulation_manager | Progress | frame=890 | agents=32
2026-03-06 10:05:03,398 | INFO | evac_sim.simulation.simulation_manager | Progress | frame=900 | agents=32
2026-03-06 10:05:03,435 | INFO | evac_sim.simulation.simulation_manager | Progress | frame=910 | agents=32
2026-03-06 10:05:03,456 | INFO | evac_sim.simulation.simulation_manager | Progress | frame=920 | agents=32
2026-03-06 10:05:03,478 | INFO | evac_sim.simulation.simulation_manager | Progress | frame=930 | agents=32
2026-03-06 10:05:03,500 | INFO | evac_sim.simulation.simulation_manager | Progress | frame=940 | agents=32
2026-03-06 10:05:03,521 | INFO | evac_sim.simulation.simulation_manager | Progress | frame=950 | agents=32
2026-03-06 10:05:03,558 | INFO | evac_sim.simulation.simulation_manager | Progress | frame=960 | agents=32
2026-03-06 10:05:03,580 | INFO | evac_sim.simulation.simulation_manager | Progress | frame=970 | agents=32
2026-03-06 10:05:03,602 | INFO | evac_sim.simulation.simulation_manager | Progress | frame=980 | agents=32
2026-03-06 10:05:03,624 | INFO | evac_sim.simulation.simulation_manager | Progress | frame=990 | agents=32
2026-03-06 10:05:03,646 | INFO | evac_sim.simulation.simulation_manager | Progress | frame=1000 | agents=32
2026-03-06 10:05:03,683 | INFO | evac_sim.simulation.simulation_manager | Progress | frame=1010 | agents=32
2026-03-06 10:05:03,704 | INFO | evac_sim.simulation.simulation_manager | Progress | frame=1020 | agents=32
2026-03-06 10:05:03,726 | INFO | evac_sim.simulation.simulation_manager | Progress | frame=1030 | agents=32
2026-03-06 10:05:03,748 | INFO | evac_sim.simulation.simulation_manager | Progress | frame=1040 | agents=32
2026-03-06 10:05:03,771 | INFO | evac_sim.simulation.simulation_manager | Progress | frame=1050 | agents=32
2026-03-06 10:05:03,806 | INFO | evac_sim.simulation.simulation_manager | Progress | frame=1060 | agents=32
2026-03-06 10:05:03,827 | INFO | evac_sim.simulation.simulation_manager | Progress | frame=1070 | agents=32
2026-03-06 10:05:03,847 | INFO | evac_sim.simulation.simulation_manager | Progress | frame=1080 | agents=32
2026-03-06 10:05:03,869 | INFO | evac_sim.simulation.simulation_manager | Progress | frame=1090 | agents=32
2026-03-06 10:05:03,890 | INFO | evac_sim.simulation.simulation_manager | Progress | frame=1100 | agents=32
2026-03-06 10:05:03,926 | INFO | evac_sim.simulation.simulation_manager | Progress | frame=1110 | agents=32
2026-03-06 10:05:03,948 | INFO | evac_sim.simulation.simulation_manager | Progress | frame=1120 | agents=32
2026-03-06 10:05:03,969 | INFO | evac_sim.simulation.simulation_manager | Progress | frame=1130 | agents=32
2026-03-06 10:05:03,990 | INFO | evac_sim.simulation.simulation_manager | Progress | frame=1140 | agents=32
2026-03-06 10:05:04,012 | INFO | evac_sim.simulation.simulation_manager | Progress | frame=1150 | agents=32
2026-03-06 10:05:04,047 | INFO | evac_sim.simulation.simulation_manager | Progress | frame=1160 | agents=32
2026-03-06 10:05:04,068 | INFO | evac_sim.simulation.simulation_manager | Progress | frame=1170 | agents=32
2026-03-06 10:05:04,090 | INFO | evac_sim.simulation.simulation_manager | Progress | frame=1180 | agents=32
2026-03-06 10:05:04,111 | INFO | evac_sim.simulation.simulation_manager | Progress | frame=1190 | agents=32
2026-03-06 10:05:04,132 | INFO | evac_sim.simulation.simulation_manager | Progress | frame=1200 | agents=32
2026-03-06 10:05:04,169 | INFO | evac_sim.simulation.simulation_manager | Progress | frame=1210 | agents=32
2026-03-06 10:05:04,190 | INFO | evac_sim.simulation.simulation_manager | Progress | frame=1220 | agents=32
2026-03-06 10:05:04,212 | INFO | evac_sim.simulation.simulation_manager | Progress | frame=1230 | agents=32
2026-03-06 10:05:04,233 | INFO | evac_sim.simulation.simulation_manager | Progress | frame=1240 | agents=32
2026-03-06 10:05:04,254 | INFO | evac_sim.simulation.simulation_manager | Progress | frame=1250 | agents=32
2026-03-06 10:05:04,288 | INFO | evac_sim.simulation.simulation_manager | Progress | frame=1260 | agents=32
2026-03-06 10:05:04,309 | INFO | evac_sim.simulation.simulation_manager | Progress | frame=1270 | agents=32
2026-03-06 10:05:04,330 | INFO | evac_sim.simulation.simulation_manager | Progress | frame=1280 | agents=32
2026-03-06 10:05:04,352 | INFO | evac_sim.simulation.simulation_manager | Progress | frame=1290 | agents=32
2026-03-06 10:05:04,373 | INFO | evac_sim.simulation.simulation_manager | Progress | frame=1300 | agents=32
2026-03-06 10:05:04,409 | INFO | evac_sim.simulation.simulation_manager | Progress | frame=1310 | agents=32
2026-03-06 10:05:04,434 | INFO | evac_sim.simulation.simulation_manager | Progress | frame=1320 | agents=32
2026-03-06 10:05:04,455 | INFO | evac_sim.simulation.simulation_manager | Progress | frame=1330 | agents=32
2026-03-06 10:05:04,481 | INFO | evac_sim.simulation.simulation_manager | Progress | frame=1340 | agents=32
2026-03-06 10:05:04,508 | INFO | evac_sim.simulation.simulation_manager | Progress | frame=1350 | agents=32
2026-03-06 10:05:04,551 | INFO | evac_sim.simulation.simulation_manager | Progress | frame=1360 | agents=32
2026-03-06 10:05:04,578 | INFO | evac_sim.simulation.simulation_manager | Progress | frame=1370 | agents=32
2026-03-06 10:05:04,604 | INFO | evac_sim.simulation.simulation_manager | Progress | frame=1380 | agents=32
2026-03-06 10:05:04,630 | INFO | evac_sim.simulation.simulation_manager | Progress | frame=1390 | agents=32
2026-03-06 10:05:04,655 | INFO | evac_sim.simulation.simulation_manager | Progress | frame=1400 | agents=32
2026-03-06 10:05:04,697 | INFO | evac_sim.simulation.simulation_manager | Progress | frame=1410 | agents=32
2026-03-06 10:05:04,722 | INFO | evac_sim.simulation.simulation_manager | Progress | frame=1420 | agents=32
2026-03-06 10:05:04,748 | INFO | evac_sim.simulation.simulation_manager | Progress | frame=1430 | agents=32
2026-03-06 10:05:04,774 | INFO | evac_sim.simulation.simulation_manager | Progress | frame=1440 | agents=32
2026-03-06 10:05:04,798 | INFO | evac_sim.simulation.simulation_manager | Progress | frame=1450 | agents=32
2026-03-06 10:05:04,841 | INFO | evac_sim.simulation.simulation_manager | Progress | frame=1460 | agents=32
2026-03-06 10:05:04,866 | INFO | evac_sim.simulation.simulation_manager | Progress | frame=1470 | agents=32
2026-03-06 10:05:04,893 | INFO | evac_sim.simulation.simulation_manager | Progress | frame=1480 | agents=32
2026-03-06 10:05:04,918 | INFO | evac_sim.simulation.simulation_manager | Progress | frame=1490 | agents=32
2026-03-06 10:05:04,940 | INFO | evac_sim.simulation.simulation_manager | Progress | frame=1500 | agents=32
2026-03-06 10:05:04,978 | INFO | evac_sim.simulation.simulation_manager | Progress | frame=1510 | agents=32
2026-03-06 10:05:04,999 | INFO | evac_sim.simulation.simulation_manager | Progress | frame=1520 | agents=32
2026-03-06 10:05:05,021 | INFO | evac_sim.simulation.simulation_manager | Progress | frame=1530 | agents=32
2026-03-06 10:05:05,043 | INFO | evac_sim.simulation.simulation_manager | Progress | frame=1540 | agents=32
2026-03-06 10:05:05,065 | INFO | evac_sim.simulation.simulation_manager | Progress | frame=1550 | agents=32
2026-03-06 10:05:05,100 | INFO | evac_sim.simulation.simulation_manager | Progress | frame=1560 | agents=32
2026-03-06 10:05:05,121 | INFO | evac_sim.simulation.simulation_manager | Progress | frame=1570 | agents=32
2026-03-06 10:05:05,145 | INFO | evac_sim.simulation.simulation_manager | Progress | frame=1580 | agents=32
2026-03-06 10:05:05,166 | INFO | evac_sim.simulation.simulation_manager | Progress | frame=1590 | agents=32
2026-03-06 10:05:05,189 | INFO | evac_sim.simulation.simulation_manager | Progress | frame=1600 | agents=32
2026-03-06 10:05:05,224 | INFO | evac_sim.simulation.simulation_manager | Progress | frame=1610 | agents=32
2026-03-06 10:05:05,245 | INFO | evac_sim.simulation.simulation_manager | Progress | frame=1620 | agents=32
2026-03-06 10:05:05,267 | INFO | evac_sim.simulation.simulation_manager | Progress | frame=1630 | agents=32
2026-03-06 10:05:05,290 | INFO | evac_sim.simulation.simulation_manager | Progress | frame=1640 | agents=32
2026-03-06 10:05:05,312 | INFO | evac_sim.simulation.simulation_manager | Progress | frame=1650 | agents=32
2026-03-06 10:05:05,348 | INFO | evac_sim.simulation.simulation_manager | Progress | frame=1660 | agents=32
2026-03-06 10:05:05,370 | INFO | evac_sim.simulation.simulation_manager | Progress | frame=1670 | agents=32
2026-03-06 10:05:05,392 | INFO | evac_sim.simulation.simulation_manager | Progress | frame=1680 | agents=32
2026-03-06 10:05:05,414 | INFO | evac_sim.simulation.simulation_manager | Progress | frame=1690 | agents=32
2026-03-06 10:05:05,435 | INFO | evac_sim.simulation.simulation_manager | Progress | frame=1700 | agents=32
2026-03-06 10:05:05,471 | INFO | evac_sim.simulation.simulation_manager | Progress | frame=1710 | agents=32
2026-03-06 10:05:05,492 | INFO | evac_sim.simulation.simulation_manager | Progress | frame=1720 | agents=32
2026-03-06 10:05:05,514 | INFO | evac_sim.simulation.simulation_manager | Progress | frame=1730 | agents=32
2026-03-06 10:05:05,536 | INFO | evac_sim.simulation.simulation_manager | Progress | frame=1740 | agents=32
2026-03-06 10:05:05,557 | INFO | evac_sim.simulation.simulation_manager | Progress | frame=1750 | agents=32
2026-03-06 10:05:05,593 | INFO | evac_sim.simulation.simulation_manager | Progress | frame=1760 | agents=32
2026-03-06 10:05:05,615 | INFO | evac_sim.simulation.simulation_manager | Progress | frame=1770 | agents=32
2026-03-06 10:05:05,635 | INFO | evac_sim.simulation.simulation_manager | Progress | frame=1780 | agents=32
2026-03-06 10:05:05,657 | INFO | evac_sim.simulation.simulation_manager | Progress | frame=1790 | agents=32
2026-03-06 10:05:05,678 | INFO | evac_sim.simulation.simulation_manager | Progress | frame=1800 | agents=32
2026-03-06 10:05:05,713 | INFO | evac_sim.simulation.simulation_manager | Progress | frame=1810 | agents=32
2026-03-06 10:05:05,733 | INFO | evac_sim.simulation.simulation_manager | Progress | frame=1820 | agents=32
2026-03-06 10:05:05,755 | INFO | evac_sim.simulation.simulation_manager | Progress | frame=1830 | agents=32
2026-03-06 10:05:05,776 | INFO | evac_sim.simulation.simulation_manager | Progress | frame=1840 | agents=32
2026-03-06 10:05:05,798 | INFO | evac_sim.simulation.simulation_manager | Progress | frame=1850 | agents=32
2026-03-06 10:05:05,834 | INFO | evac_sim.simulation.simulation_manager | Progress | frame=1860 | agents=32
2026-03-06 10:05:05,857 | INFO | evac_sim.simulation.simulation_manager | Progress | frame=1870 | agents=32
2026-03-06 10:05:05,879 | INFO | evac_sim.simulation.simulation_manager | Progress | frame=1880 | agents=32
2026-03-06 10:05:05,900 | INFO | evac_sim.simulation.simulation_manager | Progress | frame=1890 | agents=32
2026-03-06 10:05:05,923 | INFO | evac_sim.simulation.simulation_manager | Progress | frame=1900 | agents=32
2026-03-06 10:05:05,964 | INFO | evac_sim.simulation.simulation_manager | Progress | frame=1910 | agents=32
2026-03-06 10:05:05,989 | INFO | evac_sim.simulation.simulation_manager | Progress | frame=1920 | agents=32
2026-03-06 10:05:06,016 | INFO | evac_sim.simulation.simulation_manager | Progress | frame=1930 | agents=32
2026-03-06 10:05:06,039 | INFO | evac_sim.simulation.simulation_manager | Progress | frame=1940 | agents=32
2026-03-06 10:05:06,064 | INFO | evac_sim.simulation.simulation_manager | Progress | frame=1950 | agents=32
2026-03-06 10:05:06,107 | INFO | evac_sim.simulation.simulation_manager | Progress | frame=1960 | agents=32
2026-03-06 10:05:06,135 | INFO | evac_sim.simulation.simulation_manager | Progress | frame=1970 | agents=32
2026-03-06 10:05:06,156 | INFO | evac_sim.simulation.simulation_manager | Progress | frame=1980 | agents=32
2026-03-06 10:05:06,178 | INFO | evac_sim.simulation.simulation_manager | Progress | frame=1990 | agents=32
2026-03-06 10:05:06,199 | INFO | evac_sim.simulation.simulation_manager | Progress | frame=2000 | agents=32
2026-03-06 10:05:06,233 | INFO | evac_sim.simulation.simulation_manager | Progress | frame=2010 | agents=32
2026-03-06 10:05:06,254 | INFO | evac_sim.simulation.simulation_manager | Progress | frame=2020 | agents=32
2026-03-06 10:05:06,276 | INFO | evac_sim.simulation.simulation_manager | Progress | frame=2030 | agents=32
2026-03-06 10:05:06,297 | INFO | evac_sim.simulation.simulation_manager | Progress | frame=2040 | agents=32
2026-03-06 10:05:06,318 | INFO | evac_sim.simulation.simulation_manager | Progress | frame=2050 | agents=32
2026-03-06 10:05:06,354 | INFO | evac_sim.simulation.simulation_manager | Progress | frame=2060 | agents=32
2026-03-06 10:05:06,374 | INFO | evac_sim.simulation.simulation_manager | Progress | frame=2070 | agents=32
2026-03-06 10:05:06,395 | INFO | evac_sim.simulation.simulation_manager | Progress | frame=2080 | agents=32
2026-03-06 10:05:06,416 | INFO | evac_sim.simulation.simulation_manager | Progress | frame=2090 | agents=32
2026-03-06 10:05:06,438 | INFO | evac_sim.simulation.simulation_manager | Progress | frame=2100 | agents=32
2026-03-06 10:05:06,474 | INFO | evac_sim.simulation.simulation_manager | Progress | frame=2110 | agents=32
2026-03-06 10:05:06,498 | INFO | evac_sim.simulation.simulation_manager | Progress | frame=2120 | agents=32
2026-03-06 10:05:06,519 | INFO | evac_sim.simulation.simulation_manager | Progress | frame=2130 | agents=32
2026-03-06 10:05:06,540 | INFO | evac_sim.simulation.simulation_manager | Progress | frame=2140 | agents=32
2026-03-06 10:05:06,561 | INFO | evac_sim.simulation.simulation_manager | Progress | frame=2150 | agents=32
2026-03-06 10:05:06,595 | INFO | evac_sim.simulation.simulation_manager | Progress | frame=2160 | agents=32
2026-03-06 10:05:06,616 | INFO | evac_sim.simulation.simulation_manager | Progress | frame=2170 | agents=32
2026-03-06 10:05:06,637 | INFO | evac_sim.simulation.simulation_manager | Progress | frame=2180 | agents=32
2026-03-06 10:05:06,657 | INFO | evac_sim.simulation.simulation_manager | Progress | frame=2190 | agents=32
2026-03-06 10:05:06,678 | INFO | evac_sim.simulation.simulation_manager | Progress | frame=2200 | agents=32
2026-03-06 10:05:06,801 | INFO | evac_sim.simulation.simulation_manager | Reroute applied | frame=2200 | group=82 | agents=5 | curr=54 next=55 | old_len=48 new_len=56
2026-03-06 10:05:07,197 | INFO | evac_sim.simulation.simulation_manager | Reroute applied | frame=2200 | group=83 | agents=5 | curr=139 next=140 | old_len=48 new_len=56
2026-03-06 10:05:07,742 | INFO | evac_sim.simulation.simulation_manager | Reroute applied | frame=2200 | group=92 | agents=10 | curr=157 next=156 | old_len=48 new_len=66
2026-03-06 10:05:07,764 | INFO | evac_sim.simulation.simulation_manager | Progress | frame=2210 | agents=32
2026-03-06 10:05:07,785 | INFO | evac_sim.simulation.simulation_manager | Progress | frame=2220 | agents=32
2026-03-06 10:05:07,806 | INFO | evac_sim.simulation.simulation_manager | Progress | frame=2230 | agents=32
2026-03-06 10:05:07,828 | INFO | evac_sim.simulation.simulation_manager | Progress | frame=2240 | agents=32
2026-03-06 10:05:07,848 | INFO | evac_sim.simulation.simulation_manager | Progress | frame=2250 | agents=32
2026-03-06 10:05:07,884 | INFO | evac_sim.simulation.simulation_manager | Progress | frame=2260 | agents=32
2026-03-06 10:05:07,905 | INFO | evac_sim.simulation.simulation_manager | Progress | frame=2270 | agents=32
2026-03-06 10:05:07,926 | INFO | evac_sim.simulation.simulation_manager | Progress | frame=2280 | agents=32
2026-03-06 10:05:07,946 | INFO | evac_sim.simulation.simulation_manager | Progress | frame=2290 | agents=32
2026-03-06 10:05:07,967 | INFO | evac_sim.simulation.simulation_manager | Progress | frame=2300 | agents=32
2026-03-06 10:05:08,001 | INFO | evac_sim.simulation.simulation_manager | Progress | frame=2310 | agents=32
2026-03-06 10:05:08,022 | INFO | evac_sim.simulation.simulation_manager | Progress | frame=2320 | agents=32
2026-03-06 10:05:08,042 | INFO | evac_sim.simulation.simulation_manager | Progress | frame=2330 | agents=32
2026-03-06 10:05:08,063 | INFO | evac_sim.simulation.simulation_manager | Progress | frame=2340 | agents=32
2026-03-06 10:05:08,085 | INFO | evac_sim.simulation.simulation_manager | Progress | frame=2350 | agents=32
2026-03-06 10:05:08,120 | INFO | evac_sim.simulation.simulation_manager | Progress | frame=2360 | agents=32
2026-03-06 10:05:08,141 | INFO | evac_sim.simulation.simulation_manager | Progress | frame=2370 | agents=32
2026-03-06 10:05:08,162 | INFO | evac_sim.simulation.simulation_manager | Progress | frame=2380 | agents=32
2026-03-06 10:05:08,183 | INFO | evac_sim.simulation.simulation_manager | Progress | frame=2390 | agents=32
2026-03-06 10:05:08,204 | INFO | evac_sim.simulation.simulation_manager | Progress | frame=2400 | agents=32
2026-03-06 10:05:08,238 | INFO | evac_sim.simulation.simulation_manager | Progress | frame=2410 | agents=32
2026-03-06 10:05:08,259 | INFO | evac_sim.simulation.simulation_manager | Progress | frame=2420 | agents=32
2026-03-06 10:05:08,280 | INFO | evac_sim.simulation.simulation_manager | Progress | frame=2430 | agents=32
2026-03-06 10:05:08,301 | INFO | evac_sim.simulation.simulation_manager | Progress | frame=2440 | agents=32
2026-03-06 10:05:08,321 | INFO | evac_sim.simulation.simulation_manager | Progress | frame=2450 | agents=32
2026-03-06 10:05:08,355 | INFO | evac_sim.simulation.simulation_manager | Progress | frame=2460 | agents=32
2026-03-06 10:05:08,377 | INFO | evac_sim.simulation.simulation_manager | Progress | frame=2470 | agents=32
2026-03-06 10:05:08,404 | INFO | evac_sim.simulation.simulation_manager | Progress | frame=2480 | agents=31
2026-03-06 10:05:08,424 | INFO | evac_sim.simulation.simulation_manager | Progress | frame=2490 | agents=31
2026-03-06 10:05:08,445 | INFO | evac_sim.simulation.simulation_manager | Progress | frame=2500 | agents=31
2026-03-06 10:05:08,480 | INFO | evac_sim.simulation.simulation_manager | Progress | frame=2510 | agents=31
2026-03-06 10:05:08,501 | INFO | evac_sim.simulation.simulation_manager | Progress | frame=2520 | agents=31
2026-03-06 10:05:08,521 | INFO | evac_sim.simulation.simulation_manager | Progress | frame=2530 | agents=31
2026-03-06 10:05:08,543 | INFO | evac_sim.simulation.simulation_manager | Progress | frame=2540 | agents=31
2026-03-06 10:05:08,563 | INFO | evac_sim.simulation.simulation_manager | Progress | frame=2550 | agents=31
2026-03-06 10:05:08,598 | INFO | evac_sim.simulation.simulation_manager | Progress | frame=2560 | agents=30
2026-03-06 10:05:08,618 | INFO | evac_sim.simulation.simulation_manager | Progress | frame=2570 | agents=30
2026-03-06 10:05:08,639 | INFO | evac_sim.simulation.simulation_manager | Progress | frame=2580 | agents=30
2026-03-06 10:05:08,660 | INFO | evac_sim.simulation.simulation_manager | Progress | frame=2590 | agents=30
2026-03-06 10:05:08,680 | INFO | evac_sim.simulation.simulation_manager | Progress | frame=2600 | agents=30
2026-03-06 10:05:08,714 | INFO | evac_sim.simulation.simulation_manager | Progress | frame=2610 | agents=30
2026-03-06 10:05:08,735 | INFO | evac_sim.simulation.simulation_manager | Progress | frame=2620 | agents=29
2026-03-06 10:05:08,755 | INFO | evac_sim.simulation.simulation_manager | Progress | frame=2630 | agents=29
2026-03-06 10:05:08,776 | INFO | evac_sim.simulation.simulation_manager | Progress | frame=2640 | agents=29
2026-03-06 10:05:08,796 | INFO | evac_sim.simulation.simulation_manager | Progress | frame=2650 | agents=29
2026-03-06 10:05:08,830 | INFO | evac_sim.simulation.simulation_manager | Progress | frame=2660 | agents=29
2026-03-06 10:05:08,850 | INFO | evac_sim.simulation.simulation_manager | Progress | frame=2670 | agents=28
2026-03-06 10:05:08,870 | INFO | evac_sim.simulation.simulation_manager | Progress | frame=2680 | agents=28
2026-03-06 10:05:08,891 | INFO | evac_sim.simulation.simulation_manager | Progress | frame=2690 | agents=28
2026-03-06 10:05:08,912 | INFO | evac_sim.simulation.simulation_manager | Progress | frame=2700 | agents=28
2026-03-06 10:05:08,945 | INFO | evac_sim.simulation.simulation_manager | Progress | frame=2710 | agents=28
2026-03-06 10:05:08,965 | INFO | evac_sim.simulation.simulation_manager | Progress | frame=2720 | agents=28
2026-03-06 10:05:08,985 | INFO | evac_sim.simulation.simulation_manager | Progress | frame=2730 | agents=27
2026-03-06 10:05:09,006 | INFO | evac_sim.simulation.simulation_manager | Progress | frame=2740 | agents=27
2026-03-06 10:05:09,025 | INFO | evac_sim.simulation.simulation_manager | Progress | frame=2750 | agents=27
2026-03-06 10:05:09,059 | INFO | evac_sim.simulation.simulation_manager | Progress | frame=2760 | agents=27
2026-03-06 10:05:09,080 | INFO | evac_sim.simulation.simulation_manager | Progress | frame=2770 | agents=27
2026-03-06 10:05:09,100 | INFO | evac_sim.simulation.simulation_manager | Progress | frame=2780 | agents=26
2026-03-06 10:05:09,120 | INFO | evac_sim.simulation.simulation_manager | Progress | frame=2790 | agents=26
2026-03-06 10:05:09,140 | INFO | evac_sim.simulation.simulation_manager | Progress | frame=2800 | agents=26
2026-03-06 10:05:09,169 | INFO | evac_sim.simulation.simulation_manager | Progress | frame=2810 | agents=26
2026-03-06 10:05:09,190 | INFO | evac_sim.simulation.simulation_manager | Progress | frame=2820 | agents=26
2026-03-06 10:05:09,209 | INFO | evac_sim.simulation.simulation_manager | Progress | frame=2830 | agents=26
2026-03-06 10:05:09,231 | INFO | evac_sim.simulation.simulation_manager | Progress | frame=2840 | agents=26
2026-03-06 10:05:09,251 | INFO | evac_sim.simulation.simulation_manager | Progress | frame=2850 | agents=26
2026-03-06 10:05:09,282 | INFO | evac_sim.simulation.simulation_manager | Progress | frame=2860 | agents=25
2026-03-06 10:05:09,301 | INFO | evac_sim.simulation.simulation_manager | Progress | frame=2870 | agents=25
2026-03-06 10:05:09,321 | INFO | evac_sim.simulation.simulation_manager | Progress | frame=2880 | agents=25
2026-03-06 10:05:09,341 | INFO | evac_sim.simulation.simulation_manager | Progress | frame=2890 | agents=25
2026-03-06 10:05:09,360 | INFO | evac_sim.simulation.simulation_manager | Progress | frame=2900 | agents=25
2026-03-06 10:05:09,391 | INFO | evac_sim.simulation.simulation_manager | Progress | frame=2910 | agents=25
2026-03-06 10:05:09,410 | INFO | evac_sim.simulation.simulation_manager | Progress | frame=2920 | agents=24
2026-03-06 10:05:09,429 | INFO | evac_sim.simulation.simulation_manager | Progress | frame=2930 | agents=24
2026-03-06 10:05:09,448 | INFO | evac_sim.simulation.simulation_manager | Progress | frame=2940 | agents=24
2026-03-06 10:05:09,468 | INFO | evac_sim.simulation.simulation_manager | Progress | frame=2950 | agents=24
2026-03-06 10:05:09,498 | INFO | evac_sim.simulation.simulation_manager | Progress | frame=2960 | agents=24
2026-03-06 10:05:09,517 | INFO | evac_sim.simulation.simulation_manager | Progress | frame=2970 | agents=23
2026-03-06 10:05:09,537 | INFO | evac_sim.simulation.simulation_manager | Progress | frame=2980 | agents=23
2026-03-06 10:05:09,557 | INFO | evac_sim.simulation.simulation_manager | Progress | frame=2990 | agents=23
2026-03-06 10:05:09,576 | INFO | evac_sim.simulation.simulation_manager | Progress | frame=3000 | agents=23
2026-03-06 10:05:09,606 | INFO | evac_sim.simulation.simulation_manager | Progress | frame=3010 | agents=23
2026-03-06 10:05:09,625 | INFO | evac_sim.simulation.simulation_manager | Progress | frame=3020 | agents=23
2026-03-06 10:05:09,644 | INFO | evac_sim.simulation.simulation_manager | Progress | frame=3030 | agents=22
2026-03-06 10:05:09,662 | INFO | evac_sim.simulation.simulation_manager | Progress | frame=3040 | agents=22
2026-03-06 10:05:09,682 | INFO | evac_sim.simulation.simulation_manager | Progress | frame=3050 | agents=22
2026-03-06 10:05:09,713 | INFO | evac_sim.simulation.simulation_manager | Progress | frame=3060 | agents=22
2026-03-06 10:05:09,732 | INFO | evac_sim.simulation.simulation_manager | Progress | frame=3070 | agents=22
2026-03-06 10:05:09,751 | INFO | evac_sim.simulation.simulation_manager | Progress | frame=3080 | agents=21
2026-03-06 10:05:09,770 | INFO | evac_sim.simulation.simulation_manager | Progress | frame=3090 | agents=21
2026-03-06 10:05:09,791 | INFO | evac_sim.simulation.simulation_manager | Progress | frame=3100 | agents=21
2026-03-06 10:05:09,821 | INFO | evac_sim.simulation.simulation_manager | Progress | frame=3110 | agents=21
2026-03-06 10:05:09,840 | INFO | evac_sim.simulation.simulation_manager | Progress | frame=3120 | agents=21
2026-03-06 10:05:09,859 | INFO | evac_sim.simulation.simulation_manager | Progress | frame=3130 | agents=21
2026-03-06 10:05:09,879 | INFO | evac_sim.simulation.simulation_manager | Progress | frame=3140 | agents=21
2026-03-06 10:05:09,898 | INFO | evac_sim.simulation.simulation_manager | Progress | frame=3150 | agents=21
2026-03-06 10:05:09,927 | INFO | evac_sim.simulation.simulation_manager | Progress | frame=3160 | agents=20
2026-03-06 10:05:09,947 | INFO | evac_sim.simulation.simulation_manager | Progress | frame=3170 | agents=20
2026-03-06 10:05:09,967 | INFO | evac_sim.simulation.simulation_manager | Progress | frame=3180 | agents=20
2026-03-06 10:05:09,985 | INFO | evac_sim.simulation.simulation_manager | Progress | frame=3190 | agents=20
2026-03-06 10:05:10,004 | INFO | evac_sim.simulation.simulation_manager | Progress | frame=3200 | agents=20
2026-03-06 10:05:10,032 | INFO | evac_sim.simulation.simulation_manager | Progress | frame=3210 | agents=20
2026-03-06 10:05:10,051 | INFO | evac_sim.simulation.simulation_manager | Progress | frame=3220 | agents=20
2026-03-06 10:05:10,071 | INFO | evac_sim.simulation.simulation_manager | Progress | frame=3230 | agents=20
2026-03-06 10:05:10,090 | INFO | evac_sim.simulation.simulation_manager | Progress | frame=3240 | agents=20
2026-03-06 10:05:10,109 | INFO | evac_sim.simulation.simulation_manager | Progress | frame=3250 | agents=20
2026-03-06 10:05:10,139 | INFO | evac_sim.simulation.simulation_manager | Progress | frame=3260 | agents=20
2026-03-06 10:05:10,158 | INFO | evac_sim.simulation.simulation_manager | Progress | frame=3270 | agents=20
2026-03-06 10:05:10,177 | INFO | evac_sim.simulation.simulation_manager | Progress | frame=3280 | agents=20
2026-03-06 10:05:10,197 | INFO | evac_sim.simulation.simulation_manager | Progress | frame=3290 | agents=20
2026-03-06 10:05:10,217 | INFO | evac_sim.simulation.simulation_manager | Progress | frame=3300 | agents=20
2026-03-06 10:05:10,243 | INFO | evac_sim.simulation.simulation_manager | Progress | frame=3310 | agents=20
2026-03-06 10:05:10,263 | INFO | evac_sim.simulation.simulation_manager | Progress | frame=3320 | agents=20
2026-03-06 10:05:10,282 | INFO | evac_sim.simulation.simulation_manager | Progress | frame=3330 | agents=20
2026-03-06 10:05:10,301 | INFO | evac_sim.simulation.simulation_manager | Progress | frame=3340 | agents=20
2026-03-06 10:05:10,320 | INFO | evac_sim.simulation.simulation_manager | Progress | frame=3350 | agents=20
2026-03-06 10:05:10,347 | INFO | evac_sim.simulation.simulation_manager | Progress | frame=3360 | agents=20
2026-03-06 10:05:10,366 | INFO | evac_sim.simulation.simulation_manager | Progress | frame=3370 | agents=20
2026-03-06 10:05:10,385 | INFO | evac_sim.simulation.simulation_manager | Progress | frame=3380 | agents=20
2026-03-06 10:05:10,404 | INFO | evac_sim.simulation.simulation_manager | Progress | frame=3390 | agents=20
2026-03-06 10:05:10,423 | INFO | evac_sim.simulation.simulation_manager | Progress | frame=3400 | agents=20
2026-03-06 10:05:10,451 | INFO | evac_sim.simulation.simulation_manager | Progress | frame=3410 | agents=20
2026-03-06 10:05:10,469 | INFO | evac_sim.simulation.simulation_manager | Progress | frame=3420 | agents=20
2026-03-06 10:05:10,489 | INFO | evac_sim.simulation.simulation_manager | Progress | frame=3430 | agents=20
2026-03-06 10:05:10,508 | INFO | evac_sim.simulation.simulation_manager | Progress | frame=3440 | agents=20
2026-03-06 10:05:10,528 | INFO | evac_sim.simulation.simulation_manager | Progress | frame=3450 | agents=20
2026-03-06 10:05:10,554 | INFO | evac_sim.simulation.simulation_manager | Progress | frame=3460 | agents=20
2026-03-06 10:05:10,574 | INFO | evac_sim.simulation.simulation_manager | Progress | frame=3470 | agents=20
2026-03-06 10:05:10,593 | INFO | evac_sim.simulation.simulation_manager | Progress | frame=3480 | agents=20
2026-03-06 10:05:10,612 | INFO | evac_sim.simulation.simulation_manager | Progress | frame=3490 | agents=20
2026-03-06 10:05:10,631 | INFO | evac_sim.simulation.simulation_manager | Progress | frame=3500 | agents=20
2026-03-06 10:05:10,659 | INFO | evac_sim.simulation.simulation_manager | Progress | frame=3510 | agents=20
2026-03-06 10:05:10,678 | INFO | evac_sim.simulation.simulation_manager | Progress | frame=3520 | agents=20
2026-03-06 10:05:10,696 | INFO | evac_sim.simulation.simulation_manager | Progress | frame=3530 | agents=20
2026-03-06 10:05:10,716 | INFO | evac_sim.simulation.simulation_manager | Progress | frame=3540 | agents=20
2026-03-06 10:05:10,735 | INFO | evac_sim.simulation.simulation_manager | Progress | frame=3550 | agents=20
2026-03-06 10:05:10,762 | INFO | evac_sim.simulation.simulation_manager | Progress | frame=3560 | agents=20
2026-03-06 10:05:10,781 | INFO | evac_sim.simulation.simulation_manager | Progress | frame=3570 | agents=20
2026-03-06 10:05:10,801 | INFO | evac_sim.simulation.simulation_manager | Progress | frame=3580 | agents=20
2026-03-06 10:05:10,820 | INFO | evac_sim.simulation.simulation_manager | Progress | frame=3590 | agents=20
2026-03-06 10:05:10,838 | INFO | evac_sim.simulation.simulation_manager | Progress | frame=3600 | agents=20
2026-03-06 10:05:10,867 | INFO | evac_sim.simulation.simulation_manager | Progress | frame=3610 | agents=20
2026-03-06 10:05:10,885 | INFO | evac_sim.simulation.simulation_manager | Progress | frame=3620 | agents=20
2026-03-06 10:05:10,904 | INFO | evac_sim.simulation.simulation_manager | Progress | frame=3630 | agents=20
2026-03-06 10:05:10,923 | INFO | evac_sim.simulation.simulation_manager | Progress | frame=3640 | agents=20
2026-03-06 10:05:10,943 | INFO | evac_sim.simulation.simulation_manager | Progress | frame=3650 | agents=20
2026-03-06 10:05:10,970 | INFO | evac_sim.simulation.simulation_manager | Progress | frame=3660 | agents=20
2026-03-06 10:05:10,989 | INFO | evac_sim.simulation.simulation_manager | Progress | frame=3670 | agents=20
2026-03-06 10:05:11,008 | INFO | evac_sim.simulation.simulation_manager | Progress | frame=3680 | agents=20
2026-03-06 10:05:11,026 | INFO | evac_sim.simulation.simulation_manager | Progress | frame=3690 | agents=20
2026-03-06 10:05:11,045 | INFO | evac_sim.simulation.simulation_manager | Progress | frame=3700 | agents=20
2026-03-06 10:05:11,073 | INFO | evac_sim.simulation.simulation_manager | Progress | frame=3710 | agents=20
2026-03-06 10:05:11,092 | INFO | evac_sim.simulation.simulation_manager | Progress | frame=3720 | agents=20
2026-03-06 10:05:11,114 | INFO | evac_sim.simulation.simulation_manager | Progress | frame=3730 | agents=20
2026-03-06 10:05:11,132 | INFO | evac_sim.simulation.simulation_manager | Progress | frame=3740 | agents=20
2026-03-06 10:05:11,151 | INFO | evac_sim.simulation.simulation_manager | Progress | frame=3750 | agents=20
2026-03-06 10:05:11,179 | INFO | evac_sim.simulation.simulation_manager | Progress | frame=3760 | agents=20
2026-03-06 10:05:11,198 | INFO | evac_sim.simulation.simulation_manager | Progress | frame=3770 | agents=20
2026-03-06 10:05:11,217 | INFO | evac_sim.simulation.simulation_manager | Progress | frame=3780 | agents=20
2026-03-06 10:05:11,236 | INFO | evac_sim.simulation.simulation_manager | Progress | frame=3790 | agents=20
2026-03-06 10:05:11,256 | INFO | evac_sim.simulation.simulation_manager | Progress | frame=3800 | agents=20
2026-03-06 10:05:11,283 | INFO | evac_sim.simulation.simulation_manager | Progress | frame=3810 | agents=20
2026-03-06 10:05:11,302 | INFO | evac_sim.simulation.simulation_manager | Progress | frame=3820 | agents=20
2026-03-06 10:05:11,322 | INFO | evac_sim.simulation.simulation_manager | Progress | frame=3830 | agents=20
2026-03-06 10:05:11,341 | INFO | evac_sim.simulation.simulation_manager | Progress | frame=3840 | agents=20
2026-03-06 10:05:11,360 | INFO | evac_sim.simulation.simulation_manager | Progress | frame=3850 | agents=20
2026-03-06 10:05:11,388 | INFO | evac_sim.simulation.simulation_manager | Progress | frame=3860 | agents=20
2026-03-06 10:05:11,408 | INFO | evac_sim.simulation.simulation_manager | Progress | frame=3870 | agents=20
2026-03-06 10:05:11,426 | INFO | evac_sim.simulation.simulation_manager | Progress | frame=3880 | agents=20
2026-03-06 10:05:11,445 | INFO | evac_sim.simulation.simulation_manager | Progress | frame=3890 | agents=20
2026-03-06 10:05:11,464 | INFO | evac_sim.simulation.simulation_manager | Progress | frame=3900 | agents=20
2026-03-06 10:05:11,491 | INFO | evac_sim.simulation.simulation_manager | Progress | frame=3910 | agents=20
2026-03-06 10:05:11,510 | INFO | evac_sim.simulation.simulation_manager | Progress | frame=3920 | agents=20
2026-03-06 10:05:11,529 | INFO | evac_sim.simulation.simulation_manager | Progress | frame=3930 | agents=20
2026-03-06 10:05:11,553 | INFO | evac_sim.simulation.simulation_manager | Progress | frame=3940 | agents=20
2026-03-06 10:05:11,575 | INFO | evac_sim.simulation.simulation_manager | Progress | frame=3950 | agents=20
2026-03-06 10:05:11,610 | INFO | evac_sim.simulation.simulation_manager | Progress | frame=3960 | agents=20
2026-03-06 10:05:11,634 | INFO | evac_sim.simulation.simulation_manager | Progress | frame=3970 | agents=20
2026-03-06 10:05:11,658 | INFO | evac_sim.simulation.simulation_manager | Progress | frame=3980 | agents=20
2026-03-06 10:05:11,680 | INFO | evac_sim.simulation.simulation_manager | Progress | frame=3990 | agents=20
2026-03-06 10:05:11,704 | INFO | evac_sim.simulation.simulation_manager | Progress | frame=4000 | agents=20
2026-03-06 10:05:11,738 | INFO | evac_sim.simulation.simulation_manager | Progress | frame=4010 | agents=20
2026-03-06 10:05:11,760 | INFO | evac_sim.simulation.simulation_manager | Progress | frame=4020 | agents=19
2026-03-06 10:05:11,784 | INFO | evac_sim.simulation.simulation_manager | Progress | frame=4030 | agents=19
2026-03-06 10:05:11,806 | INFO | evac_sim.simulation.simulation_manager | Progress | frame=4040 | agents=19
2026-03-06 10:05:11,830 | INFO | evac_sim.simulation.simulation_manager | Progress | frame=4050 | agents=19
2026-03-06 10:05:11,863 | INFO | evac_sim.simulation.simulation_manager | Progress | frame=4060 | agents=19
2026-03-06 10:05:11,887 | INFO | evac_sim.simulation.simulation_manager | Progress | frame=4070 | agents=18
2026-03-06 10:05:11,910 | INFO | evac_sim.simulation.simulation_manager | Progress | frame=4080 | agents=18
2026-03-06 10:05:11,933 | INFO | evac_sim.simulation.simulation_manager | Progress | frame=4090 | agents=18
2026-03-06 10:05:11,957 | INFO | evac_sim.simulation.simulation_manager | Progress | frame=4100 | agents=18
2026-03-06 10:05:11,989 | INFO | evac_sim.simulation.simulation_manager | Progress | frame=4110 | agents=17
2026-03-06 10:05:12,011 | INFO | evac_sim.simulation.simulation_manager | Progress | frame=4120 | agents=17
2026-03-06 10:05:12,035 | INFO | evac_sim.simulation.simulation_manager | Progress | frame=4130 | agents=17
2026-03-06 10:05:12,056 | INFO | evac_sim.simulation.simulation_manager | Progress | frame=4140 | agents=17
2026-03-06 10:05:12,078 | INFO | evac_sim.simulation.simulation_manager | Progress | frame=4150 | agents=17
2026-03-06 10:05:12,112 | INFO | evac_sim.simulation.simulation_manager | Progress | frame=4160 | agents=16
2026-03-06 10:05:12,132 | INFO | evac_sim.simulation.simulation_manager | Progress | frame=4170 | agents=16
2026-03-06 10:05:12,152 | INFO | evac_sim.simulation.simulation_manager | Progress | frame=4180 | agents=16
2026-03-06 10:05:12,171 | INFO | evac_sim.simulation.simulation_manager | Progress | frame=4190 | agents=16
2026-03-06 10:05:12,188 | INFO | evac_sim.simulation.simulation_manager | Progress | frame=4200 | agents=16
2026-03-06 10:05:12,216 | INFO | evac_sim.simulation.simulation_manager | Progress | frame=4210 | agents=15
2026-03-06 10:05:12,235 | INFO | evac_sim.simulation.simulation_manager | Progress | frame=4220 | agents=15
2026-03-06 10:05:12,254 | INFO | evac_sim.simulation.simulation_manager | Progress | frame=4230 | agents=15
2026-03-06 10:05:12,273 | INFO | evac_sim.simulation.simulation_manager | Progress | frame=4240 | agents=15
2026-03-06 10:05:12,291 | INFO | evac_sim.simulation.simulation_manager | Progress | frame=4250 | agents=14
2026-03-06 10:05:12,318 | INFO | evac_sim.simulation.simulation_manager | Progress | frame=4260 | agents=14
2026-03-06 10:05:12,336 | INFO | evac_sim.simulation.simulation_manager | Progress | frame=4270 | agents=14
2026-03-06 10:05:12,355 | INFO | evac_sim.simulation.simulation_manager | Progress | frame=4280 | agents=14
2026-03-06 10:05:12,374 | INFO | evac_sim.simulation.simulation_manager | Progress | frame=4290 | agents=14
2026-03-06 10:05:12,392 | INFO | evac_sim.simulation.simulation_manager | Progress | frame=4300 | agents=13
2026-03-06 10:05:12,418 | INFO | evac_sim.simulation.simulation_manager | Progress | frame=4310 | agents=13
2026-03-06 10:05:12,437 | INFO | evac_sim.simulation.simulation_manager | Progress | frame=4320 | agents=13
2026-03-06 10:05:12,456 | INFO | evac_sim.simulation.simulation_manager | Progress | frame=4330 | agents=13
2026-03-06 10:05:12,474 | INFO | evac_sim.simulation.simulation_manager | Progress | frame=4340 | agents=12
2026-03-06 10:05:12,493 | INFO | evac_sim.simulation.simulation_manager | Progress | frame=4350 | agents=12
2026-03-06 10:05:12,520 | INFO | evac_sim.simulation.simulation_manager | Progress | frame=4360 | agents=12
2026-03-06 10:05:12,538 | INFO | evac_sim.simulation.simulation_manager | Progress | frame=4370 | agents=12
2026-03-06 10:05:12,558 | INFO | evac_sim.simulation.simulation_manager | Progress | frame=4380 | agents=12
2026-03-06 10:05:12,576 | INFO | evac_sim.simulation.simulation_manager | Progress | frame=4390 | agents=11
2026-03-06 10:05:12,595 | INFO | evac_sim.simulation.simulation_manager | Progress | frame=4400 | agents=11
2026-03-06 10:05:12,623 | INFO | evac_sim.simulation.simulation_manager | Progress | frame=4410 | agents=11
2026-03-06 10:05:12,642 | INFO | evac_sim.simulation.simulation_manager | Progress | frame=4420 | agents=11
2026-03-06 10:05:12,660 | INFO | evac_sim.simulation.simulation_manager | Progress | frame=4430 | agents=10
2026-03-06 10:05:12,677 | INFO | evac_sim.simulation.simulation_manager | Progress | frame=4440 | agents=10
2026-03-06 10:05:12,697 | INFO | evac_sim.simulation.simulation_manager | Progress | frame=4450 | agents=10
2026-03-06 10:05:12,722 | INFO | evac_sim.simulation.simulation_manager | Progress | frame=4460 | agents=10
2026-03-06 10:05:12,740 | INFO | evac_sim.simulation.simulation_manager | Progress | frame=4470 | agents=10
2026-03-06 10:05:12,761 | INFO | evac_sim.simulation.simulation_manager | Progress | frame=4480 | agents=9
2026-03-06 10:05:12,779 | INFO | evac_sim.simulation.simulation_manager | Progress | frame=4490 | agents=9
2026-03-06 10:05:12,798 | INFO | evac_sim.simulation.simulation_manager | Progress | frame=4500 | agents=9
2026-03-06 10:05:12,827 | INFO | evac_sim.simulation.simulation_manager | Progress | frame=4510 | agents=9
2026-03-06 10:05:12,845 | INFO | evac_sim.simulation.simulation_manager | Progress | frame=4520 | agents=8
2026-03-06 10:05:12,863 | INFO | evac_sim.simulation.simulation_manager | Progress | frame=4530 | agents=8
2026-03-06 10:05:12,886 | INFO | evac_sim.simulation.simulation_manager | Progress | frame=4540 | agents=8
2026-03-06 10:05:12,904 | INFO | evac_sim.simulation.simulation_manager | Progress | frame=4550 | agents=8
2026-03-06 10:05:12,931 | INFO | evac_sim.simulation.simulation_manager | Progress | frame=4560 | agents=8
2026-03-06 10:05:12,949 | INFO | evac_sim.simulation.simulation_manager | Progress | frame=4570 | agents=7
2026-03-06 10:05:12,967 | INFO | evac_sim.simulation.simulation_manager | Progress | frame=4580 | agents=7
2026-03-06 10:05:12,985 | INFO | evac_sim.simulation.simulation_manager | Progress | frame=4590 | agents=7
2026-03-06 10:05:13,004 | INFO | evac_sim.simulation.simulation_manager | Progress | frame=4600 | agents=7
2026-03-06 10:05:13,036 | INFO | evac_sim.simulation.simulation_manager | Progress | frame=4610 | agents=7
2026-03-06 10:05:13,054 | INFO | evac_sim.simulation.simulation_manager | Progress | frame=4620 | agents=6
2026-03-06 10:05:13,071 | INFO | evac_sim.simulation.simulation_manager | Progress | frame=4630 | agents=6
2026-03-06 10:05:13,090 | INFO | evac_sim.simulation.simulation_manager | Progress | frame=4640 | agents=6
2026-03-06 10:05:13,109 | INFO | evac_sim.simulation.simulation_manager | Progress | frame=4650 | agents=6
2026-03-06 10:05:13,135 | INFO | evac_sim.simulation.simulation_manager | Progress | frame=4660 | agents=5
2026-03-06 10:05:13,153 | INFO | evac_sim.simulation.simulation_manager | Progress | frame=4670 | agents=5
2026-03-06 10:05:13,171 | INFO | evac_sim.simulation.simulation_manager | Progress | frame=4680 | agents=5
2026-03-06 10:05:13,189 | INFO | evac_sim.simulation.simulation_manager | Progress | frame=4690 | agents=5
2026-03-06 10:05:13,207 | INFO | evac_sim.simulation.simulation_manager | Progress | frame=4700 | agents=5
2026-03-06 10:05:13,232 | INFO | evac_sim.simulation.simulation_manager | Progress | frame=4710 | agents=4
2026-03-06 10:05:13,249 | INFO | evac_sim.simulation.simulation_manager | Progress | frame=4720 | agents=4
2026-03-06 10:05:13,268 | INFO | evac_sim.simulation.simulation_manager | Progress | frame=4730 | agents=4
2026-03-06 10:05:13,286 | INFO | evac_sim.simulation.simulation_manager | Progress | frame=4740 | agents=4
2026-03-06 10:05:13,304 | INFO | evac_sim.simulation.simulation_manager | Progress | frame=4750 | agents=3
2026-03-06 10:05:13,329 | INFO | evac_sim.simulation.simulation_manager | Progress | frame=4760 | agents=3
2026-03-06 10:05:13,346 | INFO | evac_sim.simulation.simulation_manager | Progress | frame=4770 | agents=3
2026-03-06 10:05:13,364 | INFO | evac_sim.simulation.simulation_manager | Progress | frame=4780 | agents=3
2026-03-06 10:05:13,381 | INFO | evac_sim.simulation.simulation_manager | Progress | frame=4790 | agents=3
2026-03-06 10:05:13,399 | INFO | evac_sim.simulation.simulation_manager | Progress | frame=4800 | agents=2
2026-03-06 10:05:13,418 | INFO | evac_sim.simulation.simulation_manager | Progress | frame=4810 | agents=2
2026-03-06 10:05:13,436 | INFO | evac_sim.simulation.simulation_manager | Progress | frame=4820 | agents=2
2026-03-06 10:05:13,454 | INFO | evac_sim.simulation.simulation_manager | Progress | frame=4830 | agents=2
2026-03-06 10:05:13,471 | INFO | evac_sim.simulation.simulation_manager | Progress | frame=4840 | agents=1
2026-03-06 10:05:13,487 | INFO | evac_sim.simulation.simulation_manager | Progress | frame=4850 | agents=1
2026-03-06 10:05:13,509 | INFO | evac_sim.simulation.simulation_manager | Progress | frame=4860 | agents=1
2026-03-06 10:05:13,526 | INFO | evac_sim.simulation.simulation_manager | Progress | frame=4870 | agents=1
2026-03-06 10:05:13,544 | INFO | evac_sim.simulation.simulation_manager | Progress | frame=4880 | agents=1
2026-03-06 10:05:13,548 | INFO | evac_sim.simulation.simulation_manager | Simulation end | last_frame=4882
2026-03-06 10:05:13,580 | INFO | evac_sim.runner | Metrics preview | mode=1 group=82 agents=5 min=12462.000 avg=13718.400 median=13557.000 p90=14590.800 max=14646.000
2026-03-06 10:05:13,590 | INFO | evac_sim.runner | Metrics preview | mode=1 group=83 agents=5 min=12039.000 avg=12896.400 median=12738.000 p90=13856.400 max=14238.000
2026-03-06 10:05:13,599 | INFO | evac_sim.runner | Metrics preview | mode=1 group=73 agents=6 min=7416.000 avg=7900.000 median=7915.500 p90=8245.500 max=8328.000
2026-03-06 10:05:13,610 | INFO | evac_sim.runner | Metrics preview | mode=1 group=77 agents=6 min=8565.000 avg=8991.000 median=8980.500 p90=9343.500 max=9462.000
2026-03-06 10:05:13,623 | INFO | evac_sim.runner | Metrics preview | mode=1 group=92 agents=10 min=12324.000 avg=13391.400 median=13419.000 p90=14127.300 max=14373.000
2026-03-06 10:05:13,626 | INFO | evac_sim.runner | Finished mode=1
2026-03-06 10:05:13,626 | INFO | evac_sim.runner | Mode start | mode=2 env=Cruise_Ship case=unknown
2026-03-06 10:05:13,686 | INFO | evac_sim.simulation.simulation_manager | Simulation start | agents=32
2026-03-06 10:05:13,725 | INFO | evac_sim.simulation.simulation_manager | Progress | frame=10 | agents=32
2026-03-06 10:05:13,746 | INFO | evac_sim.simulation.simulation_manager | Progress | frame=20 | agents=32
2026-03-06 10:05:13,767 | INFO | evac_sim.simulation.simulation_manager | Progress | frame=30 | agents=32
2026-03-06 10:05:13,789 | INFO | evac_sim.simulation.simulation_manager | Progress | frame=40 | agents=32
2026-03-06 10:05:13,811 | INFO | evac_sim.simulation.simulation_manager | Progress | frame=50 | agents=32
2026-03-06 10:05:13,846 | INFO | evac_sim.simulation.simulation_manager | Progress | frame=60 | agents=32
2026-03-06 10:05:13,868 | INFO | evac_sim.simulation.simulation_manager | Progress | frame=70 | agents=32
2026-03-06 10:05:13,889 | INFO | evac_sim.simulation.simulation_manager | Progress | frame=80 | agents=32
2026-03-06 10:05:13,911 | INFO | evac_sim.simulation.simulation_manager | Progress | frame=90 | agents=32
2026-03-06 10:05:13,932 | INFO | evac_sim.simulation.simulation_manager | Progress | frame=100 | agents=32
2026-03-06 10:05:13,967 | INFO | evac_sim.simulation.simulation_manager | Progress | frame=110 | agents=32
2026-03-06 10:05:13,988 | INFO | evac_sim.simulation.simulation_manager | Progress | frame=120 | agents=32
2026-03-06 10:05:14,010 | INFO | evac_sim.simulation.simulation_manager | Progress | frame=130 | agents=32
2026-03-06 10:05:14,032 | INFO | evac_sim.simulation.simulation_manager | Progress | frame=140 | agents=32
2026-03-06 10:05:14,055 | INFO | evac_sim.simulation.simulation_manager | Progress | frame=150 | agents=32
2026-03-06 10:05:14,093 | INFO | evac_sim.simulation.simulation_manager | Progress | frame=160 | agents=32
2026-03-06 10:05:14,116 | INFO | evac_sim.simulation.simulation_manager | Progress | frame=170 | agents=32
2026-03-06 10:05:14,139 | INFO | evac_sim.simulation.simulation_manager | Progress | frame=180 | agents=32
2026-03-06 10:05:14,162 | INFO | evac_sim.simulation.simulation_manager | Progress | frame=190 | agents=32
2026-03-06 10:05:14,186 | INFO | evac_sim.simulation.simulation_manager | Progress | frame=200 | agents=32
2026-03-06 10:05:14,222 | INFO | evac_sim.simulation.simulation_manager | Progress | frame=210 | agents=32
2026-03-06 10:05:14,245 | INFO | evac_sim.simulation.simulation_manager | Progress | frame=220 | agents=32
2026-03-06 10:05:14,267 | INFO | evac_sim.simulation.simulation_manager | Progress | frame=230 | agents=32
2026-03-06 10:05:14,290 | INFO | evac_sim.simulation.simulation_manager | Progress | frame=240 | agents=32
2026-03-06 10:05:14,313 | INFO | evac_sim.simulation.simulation_manager | Progress | frame=250 | agents=32
2026-03-06 10:05:14,350 | INFO | evac_sim.simulation.simulation_manager | Progress | frame=260 | agents=32
2026-03-06 10:05:14,372 | INFO | evac_sim.simulation.simulation_manager | Progress | frame=270 | agents=32
2026-03-06 10:05:14,394 | INFO | evac_sim.simulation.simulation_manager | Progress | frame=280 | agents=32
2026-03-06 10:05:14,416 | INFO | evac_sim.simulation.simulation_manager | Progress | frame=290 | agents=32
2026-03-06 10:05:14,439 | INFO | evac_sim.simulation.simulation_manager | Progress | frame=300 | agents=32
2026-03-06 10:05:14,476 | INFO | evac_sim.simulation.simulation_manager | Progress | frame=310 | agents=32
2026-03-06 10:05:14,498 | INFO | evac_sim.simulation.simulation_manager | Progress | frame=320 | agents=32
2026-03-06 10:05:14,521 | INFO | evac_sim.simulation.simulation_manager | Progress | frame=330 | agents=32
2026-03-06 10:05:14,544 | INFO | evac_sim.simulation.simulation_manager | Progress | frame=340 | agents=32
2026-03-06 10:05:14,566 | INFO | evac_sim.simulation.simulation_manager | Progress | frame=350 | agents=32
2026-03-06 10:05:14,600 | INFO | evac_sim.simulation.simulation_manager | Progress | frame=360 | agents=32
2026-03-06 10:05:14,621 | INFO | evac_sim.simulation.simulation_manager | Progress | frame=370 | agents=32
2026-03-06 10:05:14,642 | INFO | evac_sim.simulation.simulation_manager | Progress | frame=380 | agents=32
2026-03-06 10:05:14,663 | INFO | evac_sim.simulation.simulation_manager | Progress | frame=390 | agents=32
2026-03-06 10:05:14,685 | INFO | evac_sim.simulation.simulation_manager | Progress | frame=400 | agents=32
2026-03-06 10:05:14,719 | INFO | evac_sim.simulation.simulation_manager | Progress | frame=410 | agents=32
2026-03-06 10:05:14,739 | INFO | evac_sim.simulation.simulation_manager | Progress | frame=420 | agents=32
2026-03-06 10:05:14,760 | INFO | evac_sim.simulation.simulation_manager | Progress | frame=430 | agents=32
2026-03-06 10:05:14,780 | INFO | evac_sim.simulation.simulation_manager | Progress | frame=440 | agents=32
2026-03-06 10:05:14,801 | INFO | evac_sim.simulation.simulation_manager | Progress | frame=450 | agents=32
2026-03-06 10:05:14,835 | INFO | evac_sim.simulation.simulation_manager | Progress | frame=460 | agents=32
2026-03-06 10:05:14,856 | INFO | evac_sim.simulation.simulation_manager | Progress | frame=470 | agents=32
2026-03-06 10:05:14,877 | INFO | evac_sim.simulation.simulation_manager | Progress | frame=480 | agents=32
2026-03-06 10:05:14,898 | INFO | evac_sim.simulation.simulation_manager | Progress | frame=490 | agents=32
2026-03-06 10:05:14,919 | INFO | evac_sim.simulation.simulation_manager | Progress | frame=500 | agents=32
2026-03-06 10:05:14,954 | INFO | evac_sim.simulation.simulation_manager | Progress | frame=510 | agents=32
2026-03-06 10:05:14,974 | INFO | evac_sim.simulation.simulation_manager | Progress | frame=520 | agents=32
2026-03-06 10:05:14,996 | INFO | evac_sim.simulation.simulation_manager | Progress | frame=530 | agents=32
2026-03-06 10:05:15,017 | INFO | evac_sim.simulation.simulation_manager | Progress | frame=540 | agents=32
2026-03-06 10:05:15,037 | INFO | evac_sim.simulation.simulation_manager | Progress | frame=550 | agents=32
2026-03-06 10:05:15,047 | INFO | evac_sim.simulation.simulation_manager | Reroute applied | frame=550 | group=73 | agents=6 | curr=23 next=7 | old_len=44 new_len=50
2026-03-06 10:05:15,075 | INFO | evac_sim.simulation.simulation_manager | Progress | frame=560 | agents=32
2026-03-06 10:05:15,095 | INFO | evac_sim.simulation.simulation_manager | Progress | frame=570 | agents=32
2026-03-06 10:05:15,117 | INFO | evac_sim.simulation.simulation_manager | Progress | frame=580 | agents=32
2026-03-06 10:05:15,140 | INFO | evac_sim.simulation.simulation_manager | Progress | frame=590 | agents=32
2026-03-06 10:05:15,161 | INFO | evac_sim.simulation.simulation_manager | Progress | frame=600 | agents=32
2026-03-06 10:05:15,197 | INFO | evac_sim.simulation.simulation_manager | Progress | frame=610 | agents=32
2026-03-06 10:05:15,218 | INFO | evac_sim.simulation.simulation_manager | Progress | frame=620 | agents=32
2026-03-06 10:05:15,240 | INFO | evac_sim.simulation.simulation_manager | Progress | frame=630 | agents=32
2026-03-06 10:05:15,260 | INFO | evac_sim.simulation.simulation_manager | Progress | frame=640 | agents=32
2026-03-06 10:05:15,282 | INFO | evac_sim.simulation.simulation_manager | Progress | frame=650 | agents=32
2026-03-06 10:05:15,317 | INFO | evac_sim.simulation.simulation_manager | Progress | frame=660 | agents=32
2026-03-06 10:05:15,338 | INFO | evac_sim.simulation.simulation_manager | Progress | frame=670 | agents=32
2026-03-06 10:05:15,359 | INFO | evac_sim.simulation.simulation_manager | Progress | frame=680 | agents=32
2026-03-06 10:05:15,381 | INFO | evac_sim.simulation.simulation_manager | Progress | frame=690 | agents=32
2026-03-06 10:05:15,403 | INFO | evac_sim.simulation.simulation_manager | Progress | frame=700 | agents=32
2026-03-06 10:05:15,438 | INFO | evac_sim.simulation.simulation_manager | Progress | frame=710 | agents=32
2026-03-06 10:05:15,459 | INFO | evac_sim.simulation.simulation_manager | Progress | frame=720 | agents=32
2026-03-06 10:05:15,481 | INFO | evac_sim.simulation.simulation_manager | Progress | frame=730 | agents=32
2026-03-06 10:05:15,503 | INFO | evac_sim.simulation.simulation_manager | Progress | frame=740 | agents=32
2026-03-06 10:05:15,524 | INFO | evac_sim.simulation.simulation_manager | Progress | frame=750 | agents=32
2026-03-06 10:05:15,564 | INFO | evac_sim.simulation.simulation_manager | Progress | frame=760 | agents=32
2026-03-06 10:05:15,585 | INFO | evac_sim.simulation.simulation_manager | Progress | frame=770 | agents=32
2026-03-06 10:05:15,607 | INFO | evac_sim.simulation.simulation_manager | Progress | frame=780 | agents=32
2026-03-06 10:05:15,629 | INFO | evac_sim.simulation.simulation_manager | Progress | frame=790 | agents=32
2026-03-06 10:05:15,651 | INFO | evac_sim.simulation.simulation_manager | Progress | frame=800 | agents=32
2026-03-06 10:05:15,686 | INFO | evac_sim.simulation.simulation_manager | Progress | frame=810 | agents=32
2026-03-06 10:05:15,707 | INFO | evac_sim.simulation.simulation_manager | Progress | frame=820 | agents=32
2026-03-06 10:05:15,727 | INFO | evac_sim.simulation.simulation_manager | Progress | frame=830 | agents=32
2026-03-06 10:05:15,748 | INFO | evac_sim.simulation.simulation_manager | Progress | frame=840 | agents=32
2026-03-06 10:05:15,769 | INFO | evac_sim.simulation.simulation_manager | Progress | frame=850 | agents=32
2026-03-06 10:05:15,784 | INFO | evac_sim.simulation.simulation_manager | Reroute applied | frame=850 | group=92 | agents=10 | curr=23 next=7 | old_len=46 new_len=52
2026-03-06 10:05:15,806 | INFO | evac_sim.simulation.simulation_manager | Progress | frame=860 | agents=32
2026-03-06 10:05:15,827 | INFO | evac_sim.simulation.simulation_manager | Progress | frame=870 | agents=32
2026-03-06 10:05:15,847 | INFO | evac_sim.simulation.simulation_manager | Progress | frame=880 | agents=32
2026-03-06 10:05:15,867 | INFO | evac_sim.simulation.simulation_manager | Progress | frame=890 | agents=32
2026-03-06 10:05:15,887 | INFO | evac_sim.simulation.simulation_manager | Progress | frame=900 | agents=32
2026-03-06 10:05:15,922 | INFO | evac_sim.simulation.simulation_manager | Progress | frame=910 | agents=32
2026-03-06 10:05:15,949 | INFO | evac_sim.simulation.simulation_manager | Progress | frame=920 | agents=32
2026-03-06 10:05:15,972 | INFO | evac_sim.simulation.simulation_manager | Progress | frame=930 | agents=32
2026-03-06 10:05:15,997 | INFO | evac_sim.simulation.simulation_manager | Progress | frame=940 | agents=32
2026-03-06 10:05:16,020 | INFO | evac_sim.simulation.simulation_manager | Progress | frame=950 | agents=32
2026-03-06 10:05:16,062 | INFO | evac_sim.simulation.simulation_manager | Progress | frame=960 | agents=32
2026-03-06 10:05:16,086 | INFO | evac_sim.simulation.simulation_manager | Progress | frame=970 | agents=32
2026-03-06 10:05:16,113 | INFO | evac_sim.simulation.simulation_manager | Progress | frame=980 | agents=32
2026-03-06 10:05:16,137 | INFO | evac_sim.simulation.simulation_manager | Progress | frame=990 | agents=32
2026-03-06 10:05:16,165 | INFO | evac_sim.simulation.simulation_manager | Progress | frame=1000 | agents=32
2026-03-06 10:05:16,207 | INFO | evac_sim.simulation.simulation_manager | Progress | frame=1010 | agents=32
2026-03-06 10:05:16,233 | INFO | evac_sim.simulation.simulation_manager | Progress | frame=1020 | agents=32
2026-03-06 10:05:16,260 | INFO | evac_sim.simulation.simulation_manager | Progress | frame=1030 | agents=32
2026-03-06 10:05:16,283 | INFO | evac_sim.simulation.simulation_manager | Progress | frame=1040 | agents=32
2026-03-06 10:05:16,307 | INFO | evac_sim.simulation.simulation_manager | Progress | frame=1050 | agents=32
2026-03-06 10:05:16,349 | INFO | evac_sim.simulation.simulation_manager | Progress | frame=1060 | agents=32
2026-03-06 10:05:16,373 | INFO | evac_sim.simulation.simulation_manager | Progress | frame=1070 | agents=32
2026-03-06 10:05:16,398 | INFO | evac_sim.simulation.simulation_manager | Progress | frame=1080 | agents=32
2026-03-06 10:05:16,422 | INFO | evac_sim.simulation.simulation_manager | Progress | frame=1090 | agents=32
2026-03-06 10:05:16,447 | INFO | evac_sim.simulation.simulation_manager | Progress | frame=1100 | agents=32
2026-03-06 10:05:16,488 | INFO | evac_sim.simulation.simulation_manager | Progress | frame=1110 | agents=32
2026-03-06 10:05:16,512 | INFO | evac_sim.simulation.simulation_manager | Progress | frame=1120 | agents=32
2026-03-06 10:05:16,532 | INFO | evac_sim.simulation.simulation_manager | Progress | frame=1130 | agents=32
2026-03-06 10:05:16,553 | INFO | evac_sim.simulation.simulation_manager | Progress | frame=1140 | agents=32
2026-03-06 10:05:16,573 | INFO | evac_sim.simulation.simulation_manager | Progress | frame=1150 | agents=32
2026-03-06 10:05:16,608 | INFO | evac_sim.simulation.simulation_manager | Progress | frame=1160 | agents=32
2026-03-06 10:05:16,628 | INFO | evac_sim.simulation.simulation_manager | Progress | frame=1170 | agents=32
2026-03-06 10:05:16,650 | INFO | evac_sim.simulation.simulation_manager | Progress | frame=1180 | agents=32
2026-03-06 10:05:16,671 | INFO | evac_sim.simulation.simulation_manager | Progress | frame=1190 | agents=32
2026-03-06 10:05:16,691 | INFO | evac_sim.simulation.simulation_manager | Progress | frame=1200 | agents=32
2026-03-06 10:05:16,727 | INFO | evac_sim.simulation.simulation_manager | Progress | frame=1210 | agents=32
2026-03-06 10:05:16,748 | INFO | evac_sim.simulation.simulation_manager | Progress | frame=1220 | agents=32
2026-03-06 10:05:16,768 | INFO | evac_sim.simulation.simulation_manager | Progress | frame=1230 | agents=32
2026-03-06 10:05:16,789 | INFO | evac_sim.simulation.simulation_manager | Progress | frame=1240 | agents=32
2026-03-06 10:05:16,810 | INFO | evac_sim.simulation.simulation_manager | Progress | frame=1250 | agents=32
2026-03-06 10:05:16,816 | INFO | evac_sim.simulation.simulation_manager | Reroute applied | frame=1250 | group=83 | agents=5 | curr=23 next=7 | old_len=49 new_len=55
2026-03-06 10:05:16,846 | INFO | evac_sim.simulation.simulation_manager | Progress | frame=1260 | agents=32
2026-03-06 10:05:16,868 | INFO | evac_sim.simulation.simulation_manager | Progress | frame=1270 | agents=32
2026-03-06 10:05:16,888 | INFO | evac_sim.simulation.simulation_manager | Progress | frame=1280 | agents=32
2026-03-06 10:05:16,910 | INFO | evac_sim.simulation.simulation_manager | Progress | frame=1290 | agents=32
2026-03-06 10:05:16,932 | INFO | evac_sim.simulation.simulation_manager | Progress | frame=1300 | agents=32
2026-03-06 10:05:16,966 | INFO | evac_sim.simulation.simulation_manager | Progress | frame=1310 | agents=32
2026-03-06 10:05:16,988 | INFO | evac_sim.simulation.simulation_manager | Progress | frame=1320 | agents=32
2026-03-06 10:05:17,008 | INFO | evac_sim.simulation.simulation_manager | Progress | frame=1330 | agents=32
2026-03-06 10:05:17,029 | INFO | evac_sim.simulation.simulation_manager | Progress | frame=1340 | agents=32
2026-03-06 10:05:17,051 | INFO | evac_sim.simulation.simulation_manager | Progress | frame=1350 | agents=32
2026-03-06 10:05:17,086 | INFO | evac_sim.simulation.simulation_manager | Progress | frame=1360 | agents=32
2026-03-06 10:05:17,107 | INFO | evac_sim.simulation.simulation_manager | Progress | frame=1370 | agents=32
2026-03-06 10:05:17,130 | INFO | evac_sim.simulation.simulation_manager | Progress | frame=1380 | agents=32
2026-03-06 10:05:17,152 | INFO | evac_sim.simulation.simulation_manager | Progress | frame=1390 | agents=32
2026-03-06 10:05:17,177 | INFO | evac_sim.simulation.simulation_manager | Progress | frame=1400 | agents=32
2026-03-06 10:05:17,219 | INFO | evac_sim.simulation.simulation_manager | Progress | frame=1410 | agents=32
2026-03-06 10:05:17,246 | INFO | evac_sim.simulation.simulation_manager | Progress | frame=1420 | agents=32
2026-03-06 10:05:17,272 | INFO | evac_sim.simulation.simulation_manager | Progress | frame=1430 | agents=32
2026-03-06 10:05:17,294 | INFO | evac_sim.simulation.simulation_manager | Progress | frame=1440 | agents=32
2026-03-06 10:05:17,316 | INFO | evac_sim.simulation.simulation_manager | Progress | frame=1450 | agents=32
2026-03-06 10:05:17,351 | INFO | evac_sim.simulation.simulation_manager | Progress | frame=1460 | agents=32
2026-03-06 10:05:17,373 | INFO | evac_sim.simulation.simulation_manager | Progress | frame=1470 | agents=32
2026-03-06 10:05:17,398 | INFO | evac_sim.simulation.simulation_manager | Progress | frame=1480 | agents=32
2026-03-06 10:05:17,419 | INFO | evac_sim.simulation.simulation_manager | Progress | frame=1490 | agents=32
2026-03-06 10:05:17,441 | INFO | evac_sim.simulation.simulation_manager | Progress | frame=1500 | agents=32
2026-03-06 10:05:17,476 | INFO | evac_sim.simulation.simulation_manager | Progress | frame=1510 | agents=32
2026-03-06 10:05:17,498 | INFO | evac_sim.simulation.simulation_manager | Progress | frame=1520 | agents=32
2026-03-06 10:05:17,520 | INFO | evac_sim.simulation.simulation_manager | Progress | frame=1530 | agents=32
2026-03-06 10:05:17,542 | INFO | evac_sim.simulation.simulation_manager | Progress | frame=1540 | agents=32
2026-03-06 10:05:17,565 | INFO | evac_sim.simulation.simulation_manager | Progress | frame=1550 | agents=32
2026-03-06 10:05:17,599 | INFO | evac_sim.simulation.simulation_manager | Progress | frame=1560 | agents=32
2026-03-06 10:05:17,621 | INFO | evac_sim.simulation.simulation_manager | Progress | frame=1570 | agents=32
2026-03-06 10:05:17,643 | INFO | evac_sim.simulation.simulation_manager | Progress | frame=1580 | agents=32
2026-03-06 10:05:17,665 | INFO | evac_sim.simulation.simulation_manager | Progress | frame=1590 | agents=32
2026-03-06 10:05:17,687 | INFO | evac_sim.simulation.simulation_manager | Progress | frame=1600 | agents=32
2026-03-06 10:05:17,725 | INFO | evac_sim.simulation.simulation_manager | Progress | frame=1610 | agents=32
2026-03-06 10:05:17,746 | INFO | evac_sim.simulation.simulation_manager | Progress | frame=1620 | agents=32
2026-03-06 10:05:17,769 | INFO | evac_sim.simulation.simulation_manager | Progress | frame=1630 | agents=32
2026-03-06 10:05:17,791 | INFO | evac_sim.simulation.simulation_manager | Progress | frame=1640 | agents=32
2026-03-06 10:05:17,813 | INFO | evac_sim.simulation.simulation_manager | Progress | frame=1650 | agents=32
2026-03-06 10:05:17,849 | INFO | evac_sim.simulation.simulation_manager | Progress | frame=1660 | agents=32
2026-03-06 10:05:17,871 | INFO | evac_sim.simulation.simulation_manager | Progress | frame=1670 | agents=32
2026-03-06 10:05:17,894 | INFO | evac_sim.simulation.simulation_manager | Progress | frame=1680 | agents=32
2026-03-06 10:05:17,915 | INFO | evac_sim.simulation.simulation_manager | Progress | frame=1690 | agents=32
2026-03-06 10:05:17,939 | INFO | evac_sim.simulation.simulation_manager | Progress | frame=1700 | agents=32
2026-03-06 10:05:17,974 | INFO | evac_sim.simulation.simulation_manager | Progress | frame=1710 | agents=32
2026-03-06 10:05:17,997 | INFO | evac_sim.simulation.simulation_manager | Progress | frame=1720 | agents=32
2026-03-06 10:05:18,019 | INFO | evac_sim.simulation.simulation_manager | Progress | frame=1730 | agents=32
2026-03-06 10:05:18,041 | INFO | evac_sim.simulation.simulation_manager | Progress | frame=1740 | agents=32
2026-03-06 10:05:18,064 | INFO | evac_sim.simulation.simulation_manager | Progress | frame=1750 | agents=32
2026-03-06 10:05:18,104 | INFO | evac_sim.simulation.simulation_manager | Progress | frame=1760 | agents=32
2026-03-06 10:05:18,126 | INFO | evac_sim.simulation.simulation_manager | Progress | frame=1770 | agents=32
2026-03-06 10:05:18,149 | INFO | evac_sim.simulation.simulation_manager | Progress | frame=1780 | agents=32
2026-03-06 10:05:18,171 | INFO | evac_sim.simulation.simulation_manager | Progress | frame=1790 | agents=32
2026-03-06 10:05:18,195 | INFO | evac_sim.simulation.simulation_manager | Progress | frame=1800 | agents=32
2026-03-06 10:05:18,232 | INFO | evac_sim.simulation.simulation_manager | Progress | frame=1810 | agents=32
2026-03-06 10:05:18,253 | INFO | evac_sim.simulation.simulation_manager | Progress | frame=1820 | agents=32
2026-03-06 10:05:18,276 | INFO | evac_sim.simulation.simulation_manager | Progress | frame=1830 | agents=32
2026-03-06 10:05:18,298 | INFO | evac_sim.simulation.simulation_manager | Progress | frame=1840 | agents=32
2026-03-06 10:05:18,320 | INFO | evac_sim.simulation.simulation_manager | Progress | frame=1850 | agents=32
2026-03-06 10:05:18,357 | INFO | evac_sim.simulation.simulation_manager | Progress | frame=1860 | agents=32
2026-03-06 10:05:18,379 | INFO | evac_sim.simulation.simulation_manager | Progress | frame=1870 | agents=32
2026-03-06 10:05:18,401 | INFO | evac_sim.simulation.simulation_manager | Progress | frame=1880 | agents=32
2026-03-06 10:05:18,422 | INFO | evac_sim.simulation.simulation_manager | Progress | frame=1890 | agents=32
2026-03-06 10:05:18,444 | INFO | evac_sim.simulation.simulation_manager | Progress | frame=1900 | agents=32
2026-03-06 10:05:18,479 | INFO | evac_sim.simulation.simulation_manager | Progress | frame=1910 | agents=32
2026-03-06 10:05:18,500 | INFO | evac_sim.simulation.simulation_manager | Progress | frame=1920 | agents=32
2026-03-06 10:05:18,522 | INFO | evac_sim.simulation.simulation_manager | Progress | frame=1930 | agents=32
2026-03-06 10:05:18,545 | INFO | evac_sim.simulation.simulation_manager | Progress | frame=1940 | agents=32
2026-03-06 10:05:18,566 | INFO | evac_sim.simulation.simulation_manager | Progress | frame=1950 | agents=32
2026-03-06 10:05:18,601 | INFO | evac_sim.simulation.simulation_manager | Progress | frame=1960 | agents=32
2026-03-06 10:05:18,623 | INFO | evac_sim.simulation.simulation_manager | Progress | frame=1970 | agents=32
2026-03-06 10:05:18,644 | INFO | evac_sim.simulation.simulation_manager | Progress | frame=1980 | agents=32
2026-03-06 10:05:18,667 | INFO | evac_sim.simulation.simulation_manager | Progress | frame=1990 | agents=32
2026-03-06 10:05:18,689 | INFO | evac_sim.simulation.simulation_manager | Progress | frame=2000 | agents=32
2026-03-06 10:05:18,724 | INFO | evac_sim.simulation.simulation_manager | Progress | frame=2010 | agents=32
2026-03-06 10:05:18,747 | INFO | evac_sim.simulation.simulation_manager | Progress | frame=2020 | agents=32
2026-03-06 10:05:18,771 | INFO | evac_sim.simulation.simulation_manager | Progress | frame=2030 | agents=32
2026-03-06 10:05:18,793 | INFO | evac_sim.simulation.simulation_manager | Progress | frame=2040 | agents=32
2026-03-06 10:05:18,815 | INFO | evac_sim.simulation.simulation_manager | Progress | frame=2050 | agents=32
2026-03-06 10:05:18,850 | INFO | evac_sim.simulation.simulation_manager | Progress | frame=2060 | agents=32
2026-03-06 10:05:18,871 | INFO | evac_sim.simulation.simulation_manager | Progress | frame=2070 | agents=32
2026-03-06 10:05:18,894 | INFO | evac_sim.simulation.simulation_manager | Progress | frame=2080 | agents=32
2026-03-06 10:05:18,916 | INFO | evac_sim.simulation.simulation_manager | Progress | frame=2090 | agents=32
2026-03-06 10:05:18,938 | INFO | evac_sim.simulation.simulation_manager | Progress | frame=2100 | agents=32
2026-03-06 10:05:18,974 | INFO | evac_sim.simulation.simulation_manager | Progress | frame=2110 | agents=32
2026-03-06 10:05:18,996 | INFO | evac_sim.simulation.simulation_manager | Progress | frame=2120 | agents=32
2026-03-06 10:05:19,017 | INFO | evac_sim.simulation.simulation_manager | Progress | frame=2130 | agents=32
2026-03-06 10:05:19,039 | INFO | evac_sim.simulation.simulation_manager | Progress | frame=2140 | agents=32
2026-03-06 10:05:19,060 | INFO | evac_sim.simulation.simulation_manager | Progress | frame=2150 | agents=32
2026-03-06 10:05:19,095 | INFO | evac_sim.simulation.simulation_manager | Progress | frame=2160 | agents=32
2026-03-06 10:05:19,116 | INFO | evac_sim.simulation.simulation_manager | Progress | frame=2170 | agents=32
2026-03-06 10:05:19,138 | INFO | evac_sim.simulation.simulation_manager | Progress | frame=2180 | agents=32
2026-03-06 10:05:19,159 | INFO | evac_sim.simulation.simulation_manager | Progress | frame=2190 | agents=32
2026-03-06 10:05:19,181 | INFO | evac_sim.simulation.simulation_manager | Progress | frame=2200 | agents=32
2026-03-06 10:05:19,216 | INFO | evac_sim.simulation.simulation_manager | Progress | frame=2210 | agents=32
2026-03-06 10:05:19,237 | INFO | evac_sim.simulation.simulation_manager | Progress | frame=2220 | agents=32
2026-03-06 10:05:19,260 | INFO | evac_sim.simulation.simulation_manager | Progress | frame=2230 | agents=32
2026-03-06 10:05:19,280 | INFO | evac_sim.simulation.simulation_manager | Progress | frame=2240 | agents=32
2026-03-06 10:05:19,302 | INFO | evac_sim.simulation.simulation_manager | Progress | frame=2250 | agents=32
2026-03-06 10:05:19,313 | INFO | evac_sim.simulation.simulation_manager | Reroute applied | frame=2250 | group=73 | agents=6 | curr=202 next=201 | old_len=50 new_len=60
2026-03-06 10:05:19,344 | INFO | evac_sim.simulation.simulation_manager | Progress | frame=2260 | agents=32
2026-03-06 10:05:19,371 | INFO | evac_sim.simulation.simulation_manager | Progress | frame=2270 | agents=32
2026-03-06 10:05:19,395 | INFO | evac_sim.simulation.simulation_manager | Progress | frame=2280 | agents=32
2026-03-06 10:05:19,422 | INFO | evac_sim.simulation.simulation_manager | Progress | frame=2290 | agents=32
2026-03-06 10:05:19,444 | INFO | evac_sim.simulation.simulation_manager | Progress | frame=2300 | agents=32
2026-03-06 10:05:19,487 | INFO | evac_sim.simulation.simulation_manager | Progress | frame=2310 | agents=32
2026-03-06 10:05:19,512 | INFO | evac_sim.simulation.simulation_manager | Progress | frame=2320 | agents=32
2026-03-06 10:05:19,538 | INFO | evac_sim.simulation.simulation_manager | Progress | frame=2330 | agents=32
2026-03-06 10:05:19,564 | INFO | evac_sim.simulation.simulation_manager | Progress | frame=2340 | agents=32
2026-03-06 10:05:19,588 | INFO | evac_sim.simulation.simulation_manager | Progress | frame=2350 | agents=32
2026-03-06 10:05:19,631 | INFO | evac_sim.simulation.simulation_manager | Progress | frame=2360 | agents=32
2026-03-06 10:05:19,652 | INFO | evac_sim.simulation.simulation_manager | Progress | frame=2370 | agents=32
2026-03-06 10:05:19,673 | INFO | evac_sim.simulation.simulation_manager | Progress | frame=2380 | agents=32
2026-03-06 10:05:19,695 | INFO | evac_sim.simulation.simulation_manager | Progress | frame=2390 | agents=32
2026-03-06 10:05:19,716 | INFO | evac_sim.simulation.simulation_manager | Progress | frame=2400 | agents=32
2026-03-06 10:05:19,752 | INFO | evac_sim.simulation.simulation_manager | Progress | frame=2410 | agents=32
2026-03-06 10:05:19,774 | INFO | evac_sim.simulation.simulation_manager | Progress | frame=2420 | agents=32
2026-03-06 10:05:19,796 | INFO | evac_sim.simulation.simulation_manager | Progress | frame=2430 | agents=32
2026-03-06 10:05:19,818 | INFO | evac_sim.simulation.simulation_manager | Progress | frame=2440 | agents=32
2026-03-06 10:05:19,839 | INFO | evac_sim.simulation.simulation_manager | Progress | frame=2450 | agents=32
2026-03-06 10:05:19,873 | INFO | evac_sim.simulation.simulation_manager | Progress | frame=2460 | agents=32
2026-03-06 10:05:19,896 | INFO | evac_sim.simulation.simulation_manager | Progress | frame=2470 | agents=32
2026-03-06 10:05:19,916 | INFO | evac_sim.simulation.simulation_manager | Progress | frame=2480 | agents=32
2026-03-06 10:05:19,937 | INFO | evac_sim.simulation.simulation_manager | Progress | frame=2490 | agents=32
2026-03-06 10:05:19,959 | INFO | evac_sim.simulation.simulation_manager | Progress | frame=2500 | agents=32
2026-03-06 10:05:19,994 | INFO | evac_sim.simulation.simulation_manager | Progress | frame=2510 | agents=32
2026-03-06 10:05:20,014 | INFO | evac_sim.simulation.simulation_manager | Progress | frame=2520 | agents=32
2026-03-06 10:05:20,035 | INFO | evac_sim.simulation.simulation_manager | Progress | frame=2530 | agents=32
2026-03-06 10:05:20,056 | INFO | evac_sim.simulation.simulation_manager | Progress | frame=2540 | agents=32
2026-03-06 10:05:20,078 | INFO | evac_sim.simulation.simulation_manager | Progress | frame=2550 | agents=32
2026-03-06 10:05:20,114 | INFO | evac_sim.simulation.simulation_manager | Progress | frame=2560 | agents=32
2026-03-06 10:05:20,136 | INFO | evac_sim.simulation.simulation_manager | Progress | frame=2570 | agents=32
2026-03-06 10:05:20,158 | INFO | evac_sim.simulation.simulation_manager | Progress | frame=2580 | agents=32
2026-03-06 10:05:20,179 | INFO | evac_sim.simulation.simulation_manager | Progress | frame=2590 | agents=32
2026-03-06 10:05:20,201 | INFO | evac_sim.simulation.simulation_manager | Progress | frame=2600 | agents=32
2026-03-06 10:05:20,216 | INFO | evac_sim.simulation.simulation_manager | Reroute applied | frame=2600 | group=92 | agents=10 | curr=202 next=201 | old_len=52 new_len=62
2026-03-06 10:05:20,239 | INFO | evac_sim.simulation.simulation_manager | Progress | frame=2610 | agents=32
2026-03-06 10:05:20,259 | INFO | evac_sim.simulation.simulation_manager | Progress | frame=2620 | agents=32
2026-03-06 10:05:20,281 | INFO | evac_sim.simulation.simulation_manager | Progress | frame=2630 | agents=32
2026-03-06 10:05:20,302 | INFO | evac_sim.simulation.simulation_manager | Progress | frame=2640 | agents=32
2026-03-06 10:05:20,322 | INFO | evac_sim.simulation.simulation_manager | Progress | frame=2650 | agents=32
2026-03-06 10:05:20,357 | INFO | evac_sim.simulation.simulation_manager | Progress | frame=2660 | agents=32
2026-03-06 10:05:20,379 | INFO | evac_sim.simulation.simulation_manager | Progress | frame=2670 | agents=32
2026-03-06 10:05:20,400 | INFO | evac_sim.simulation.simulation_manager | Progress | frame=2680 | agents=32
2026-03-06 10:05:20,421 | INFO | evac_sim.simulation.simulation_manager | Progress | frame=2690 | agents=32
2026-03-06 10:05:20,441 | INFO | evac_sim.simulation.simulation_manager | Progress | frame=2700 | agents=32
2026-03-06 10:05:20,475 | INFO | evac_sim.simulation.simulation_manager | Progress | frame=2710 | agents=32
2026-03-06 10:05:20,495 | INFO | evac_sim.simulation.simulation_manager | Progress | frame=2720 | agents=32
2026-03-06 10:05:20,516 | INFO | evac_sim.simulation.simulation_manager | Progress | frame=2730 | agents=32
2026-03-06 10:05:20,537 | INFO | evac_sim.simulation.simulation_manager | Progress | frame=2740 | agents=32
2026-03-06 10:05:20,558 | INFO | evac_sim.simulation.simulation_manager | Progress | frame=2750 | agents=32
2026-03-06 10:05:20,593 | INFO | evac_sim.simulation.simulation_manager | Progress | frame=2760 | agents=32
2026-03-06 10:05:20,613 | INFO | evac_sim.simulation.simulation_manager | Progress | frame=2770 | agents=32
2026-03-06 10:05:20,634 | INFO | evac_sim.simulation.simulation_manager | Progress | frame=2780 | agents=32
2026-03-06 10:05:20,656 | INFO | evac_sim.simulation.simulation_manager | Progress | frame=2790 | agents=32
2026-03-06 10:05:20,675 | INFO | evac_sim.simulation.simulation_manager | Progress | frame=2800 | agents=32
2026-03-06 10:05:20,681 | INFO | evac_sim.simulation.simulation_manager | Reroute applied | frame=2800 | group=82 | agents=5 | curr=202 next=201 | old_len=49 new_len=59
2026-03-06 10:05:20,715 | INFO | evac_sim.simulation.simulation_manager | Progress | frame=2810 | agents=32
2026-03-06 10:05:20,736 | INFO | evac_sim.simulation.simulation_manager | Progress | frame=2820 | agents=32
2026-03-06 10:05:20,755 | INFO | evac_sim.simulation.simulation_manager | Progress | frame=2830 | agents=31
2026-03-06 10:05:20,776 | INFO | evac_sim.simulation.simulation_manager | Progress | frame=2840 | agents=31
2026-03-06 10:05:20,797 | INFO | evac_sim.simulation.simulation_manager | Progress | frame=2850 | agents=31
2026-03-06 10:05:20,832 | INFO | evac_sim.simulation.simulation_manager | Progress | frame=2860 | agents=31
2026-03-06 10:05:20,852 | INFO | evac_sim.simulation.simulation_manager | Progress | frame=2870 | agents=31
2026-03-06 10:05:20,874 | INFO | evac_sim.simulation.simulation_manager | Progress | frame=2880 | agents=31
2026-03-06 10:05:20,895 | INFO | evac_sim.simulation.simulation_manager | Progress | frame=2890 | agents=31
2026-03-06 10:05:20,915 | INFO | evac_sim.simulation.simulation_manager | Progress | frame=2900 | agents=31
2026-03-06 10:05:20,950 | INFO | evac_sim.simulation.simulation_manager | Progress | frame=2910 | agents=30
2026-03-06 10:05:20,971 | INFO | evac_sim.simulation.simulation_manager | Progress | frame=2920 | agents=30
2026-03-06 10:05:20,991 | INFO | evac_sim.simulation.simulation_manager | Progress | frame=2930 | agents=30
2026-03-06 10:05:21,012 | INFO | evac_sim.simulation.simulation_manager | Progress | frame=2940 | agents=30
2026-03-06 10:05:21,032 | INFO | evac_sim.simulation.simulation_manager | Progress | frame=2950 | agents=30
2026-03-06 10:05:21,065 | INFO | evac_sim.simulation.simulation_manager | Progress | frame=2960 | agents=30
2026-03-06 10:05:21,086 | INFO | evac_sim.simulation.simulation_manager | Progress | frame=2970 | agents=29
2026-03-06 10:05:21,107 | INFO | evac_sim.simulation.simulation_manager | Progress | frame=2980 | agents=29
2026-03-06 10:05:21,126 | INFO | evac_sim.simulation.simulation_manager | Progress | frame=2990 | agents=29
2026-03-06 10:05:21,147 | INFO | evac_sim.simulation.simulation_manager | Progress | frame=3000 | agents=29
2026-03-06 10:05:21,180 | INFO | evac_sim.simulation.simulation_manager | Progress | frame=3010 | agents=29
2026-03-06 10:05:21,201 | INFO | evac_sim.simulation.simulation_manager | Progress | frame=3020 | agents=29
2026-03-06 10:05:21,221 | INFO | evac_sim.simulation.simulation_manager | Progress | frame=3030 | agents=28
2026-03-06 10:05:21,241 | INFO | evac_sim.simulation.simulation_manager | Progress | frame=3040 | agents=28
2026-03-06 10:05:21,261 | INFO | evac_sim.simulation.simulation_manager | Progress | frame=3050 | agents=28
2026-03-06 10:05:21,295 | INFO | evac_sim.simulation.simulation_manager | Progress | frame=3060 | agents=28
2026-03-06 10:05:21,316 | INFO | evac_sim.simulation.simulation_manager | Progress | frame=3070 | agents=28
2026-03-06 10:05:21,335 | INFO | evac_sim.simulation.simulation_manager | Progress | frame=3080 | agents=27
2026-03-06 10:05:21,355 | INFO | evac_sim.simulation.simulation_manager | Progress | frame=3090 | agents=27
2026-03-06 10:05:21,375 | INFO | evac_sim.simulation.simulation_manager | Progress | frame=3100 | agents=27
2026-03-06 10:05:21,409 | INFO | evac_sim.simulation.simulation_manager | Progress | frame=3110 | agents=27
2026-03-06 10:05:21,429 | INFO | evac_sim.simulation.simulation_manager | Progress | frame=3120 | agents=27
2026-03-06 10:05:21,448 | INFO | evac_sim.simulation.simulation_manager | Progress | frame=3130 | agents=27
2026-03-06 10:05:21,467 | INFO | evac_sim.simulation.simulation_manager | Progress | frame=3140 | agents=26
2026-03-06 10:05:21,488 | INFO | evac_sim.simulation.simulation_manager | Progress | frame=3150 | agents=26
2026-03-06 10:05:21,521 | INFO | evac_sim.simulation.simulation_manager | Progress | frame=3160 | agents=26
2026-03-06 10:05:21,540 | INFO | evac_sim.simulation.simulation_manager | Progress | frame=3170 | agents=26
2026-03-06 10:05:21,560 | INFO | evac_sim.simulation.simulation_manager | Progress | frame=3180 | agents=26
2026-03-06 10:05:21,579 | INFO | evac_sim.simulation.simulation_manager | Progress | frame=3190 | agents=26
2026-03-06 10:05:21,598 | INFO | evac_sim.simulation.simulation_manager | Progress | frame=3200 | agents=26
2026-03-06 10:05:21,630 | INFO | evac_sim.simulation.simulation_manager | Progress | frame=3210 | agents=26
2026-03-06 10:05:21,649 | INFO | evac_sim.simulation.simulation_manager | Progress | frame=3220 | agents=26
2026-03-06 10:05:21,669 | INFO | evac_sim.simulation.simulation_manager | Progress | frame=3230 | agents=26
2026-03-06 10:05:21,688 | INFO | evac_sim.simulation.simulation_manager | Progress | frame=3240 | agents=26
2026-03-06 10:05:21,707 | INFO | evac_sim.simulation.simulation_manager | Progress | frame=3250 | agents=26
2026-03-06 10:05:21,739 | INFO | evac_sim.simulation.simulation_manager | Progress | frame=3260 | agents=26
2026-03-06 10:05:21,758 | INFO | evac_sim.simulation.simulation_manager | Progress | frame=3270 | agents=26
2026-03-06 10:05:21,778 | INFO | evac_sim.simulation.simulation_manager | Progress | frame=3280 | agents=26
2026-03-06 10:05:21,798 | INFO | evac_sim.simulation.simulation_manager | Progress | frame=3290 | agents=26
2026-03-06 10:05:21,817 | INFO | evac_sim.simulation.simulation_manager | Progress | frame=3300 | agents=26
2026-03-06 10:05:21,848 | INFO | evac_sim.simulation.simulation_manager | Progress | frame=3310 | agents=26
2026-03-06 10:05:21,867 | INFO | evac_sim.simulation.simulation_manager | Progress | frame=3320 | agents=26
2026-03-06 10:05:21,887 | INFO | evac_sim.simulation.simulation_manager | Progress | frame=3330 | agents=26
2026-03-06 10:05:21,907 | INFO | evac_sim.simulation.simulation_manager | Progress | frame=3340 | agents=26
2026-03-06 10:05:21,927 | INFO | evac_sim.simulation.simulation_manager | Progress | frame=3350 | agents=26
2026-03-06 10:05:21,958 | INFO | evac_sim.simulation.simulation_manager | Progress | frame=3360 | agents=26
2026-03-06 10:05:21,977 | INFO | evac_sim.simulation.simulation_manager | Progress | frame=3370 | agents=26
2026-03-06 10:05:21,997 | INFO | evac_sim.simulation.simulation_manager | Progress | frame=3380 | agents=26
2026-03-06 10:05:22,017 | INFO | evac_sim.simulation.simulation_manager | Progress | frame=3390 | agents=26
2026-03-06 10:05:22,037 | INFO | evac_sim.simulation.simulation_manager | Progress | frame=3400 | agents=26
2026-03-06 10:05:22,044 | INFO | evac_sim.simulation.simulation_manager | Reroute applied | frame=3400 | group=83 | agents=5 | curr=202 next=201 | old_len=55 new_len=65
2026-03-06 10:05:22,070 | INFO | evac_sim.simulation.simulation_manager | Progress | frame=3410 | agents=26
2026-03-06 10:05:22,090 | INFO | evac_sim.simulation.simulation_manager | Progress | frame=3420 | agents=26
2026-03-06 10:05:22,109 | INFO | evac_sim.simulation.simulation_manager | Progress | frame=3430 | agents=26
2026-03-06 10:05:22,129 | INFO | evac_sim.simulation.simulation_manager | Progress | frame=3440 | agents=26
2026-03-06 10:05:22,149 | INFO | evac_sim.simulation.simulation_manager | Progress | frame=3450 | agents=26
2026-03-06 10:05:22,181 | INFO | evac_sim.simulation.simulation_manager | Progress | frame=3460 | agents=26
2026-03-06 10:05:22,201 | INFO | evac_sim.simulation.simulation_manager | Progress | frame=3470 | agents=26
2026-03-06 10:05:22,221 | INFO | evac_sim.simulation.simulation_manager | Progress | frame=3480 | agents=26
2026-03-06 10:05:22,240 | INFO | evac_sim.simulation.simulation_manager | Progress | frame=3490 | agents=26
2026-03-06 10:05:22,261 | INFO | evac_sim.simulation.simulation_manager | Progress | frame=3500 | agents=26
2026-03-06 10:05:22,291 | INFO | evac_sim.simulation.simulation_manager | Progress | frame=3510 | agents=26
2026-03-06 10:05:22,312 | INFO | evac_sim.simulation.simulation_manager | Progress | frame=3520 | agents=26
2026-03-06 10:05:22,331 | INFO | evac_sim.simulation.simulation_manager | Progress | frame=3530 | agents=26
2026-03-06 10:05:22,352 | INFO | evac_sim.simulation.simulation_manager | Progress | frame=3540 | agents=26
2026-03-06 10:05:22,371 | INFO | evac_sim.simulation.simulation_manager | Progress | frame=3550 | agents=26
2026-03-06 10:05:22,402 | INFO | evac_sim.simulation.simulation_manager | Progress | frame=3560 | agents=26
2026-03-06 10:05:22,422 | INFO | evac_sim.simulation.simulation_manager | Progress | frame=3570 | agents=26
2026-03-06 10:05:22,442 | INFO | evac_sim.simulation.simulation_manager | Progress | frame=3580 | agents=26
2026-03-06 10:05:22,462 | INFO | evac_sim.simulation.simulation_manager | Progress | frame=3590 | agents=26
2026-03-06 10:05:22,481 | INFO | evac_sim.simulation.simulation_manager | Progress | frame=3600 | agents=26
2026-03-06 10:05:22,512 | INFO | evac_sim.simulation.simulation_manager | Progress | frame=3610 | agents=26
2026-03-06 10:05:22,534 | INFO | evac_sim.simulation.simulation_manager | Progress | frame=3620 | agents=26
2026-03-06 10:05:22,553 | INFO | evac_sim.simulation.simulation_manager | Progress | frame=3630 | agents=26
2026-03-06 10:05:22,573 | INFO | evac_sim.simulation.simulation_manager | Progress | frame=3640 | agents=26
2026-03-06 10:05:22,593 | INFO | evac_sim.simulation.simulation_manager | Progress | frame=3650 | agents=26
2026-03-06 10:05:22,624 | INFO | evac_sim.simulation.simulation_manager | Progress | frame=3660 | agents=26
2026-03-06 10:05:22,643 | INFO | evac_sim.simulation.simulation_manager | Progress | frame=3670 | agents=26
2026-03-06 10:05:22,662 | INFO | evac_sim.simulation.simulation_manager | Progress | frame=3680 | agents=26
2026-03-06 10:05:22,683 | INFO | evac_sim.simulation.simulation_manager | Progress | frame=3690 | agents=26
2026-03-06 10:05:22,702 | INFO | evac_sim.simulation.simulation_manager | Progress | frame=3700 | agents=26
2026-03-06 10:05:22,736 | INFO | evac_sim.simulation.simulation_manager | Progress | frame=3710 | agents=26
2026-03-06 10:05:22,759 | INFO | evac_sim.simulation.simulation_manager | Progress | frame=3720 | agents=26
2026-03-06 10:05:22,784 | INFO | evac_sim.simulation.simulation_manager | Progress | frame=3730 | agents=25
2026-03-06 10:05:22,808 | INFO | evac_sim.simulation.simulation_manager | Progress | frame=3740 | agents=25
2026-03-06 10:05:22,834 | INFO | evac_sim.simulation.simulation_manager | Progress | frame=3750 | agents=25
2026-03-06 10:05:22,873 | INFO | evac_sim.simulation.simulation_manager | Progress | frame=3760 | agents=25
2026-03-06 10:05:22,897 | INFO | evac_sim.simulation.simulation_manager | Progress | frame=3770 | agents=25
2026-03-06 10:05:22,922 | INFO | evac_sim.simulation.simulation_manager | Progress | frame=3780 | agents=25
2026-03-06 10:05:22,945 | INFO | evac_sim.simulation.simulation_manager | Progress | frame=3790 | agents=25
2026-03-06 10:05:22,968 | INFO | evac_sim.simulation.simulation_manager | Progress | frame=3800 | agents=24
2026-03-06 10:05:23,013 | INFO | evac_sim.simulation.simulation_manager | Progress | frame=3810 | agents=24
2026-03-06 10:05:23,036 | INFO | evac_sim.simulation.simulation_manager | Progress | frame=3820 | agents=24
2026-03-06 10:05:23,061 | INFO | evac_sim.simulation.simulation_manager | Progress | frame=3830 | agents=24
2026-03-06 10:05:23,084 | INFO | evac_sim.simulation.simulation_manager | Progress | frame=3840 | agents=24
2026-03-06 10:05:23,108 | INFO | evac_sim.simulation.simulation_manager | Progress | frame=3850 | agents=23
2026-03-06 10:05:23,146 | INFO | evac_sim.simulation.simulation_manager | Progress | frame=3860 | agents=23
2026-03-06 10:05:23,168 | INFO | evac_sim.simulation.simulation_manager | Progress | frame=3870 | agents=23
2026-03-06 10:05:23,191 | INFO | evac_sim.simulation.simulation_manager | Progress | frame=3880 | agents=23
2026-03-06 10:05:23,216 | INFO | evac_sim.simulation.simulation_manager | Progress | frame=3890 | agents=22
2026-03-06 10:05:23,238 | INFO | evac_sim.simulation.simulation_manager | Progress | frame=3900 | agents=22
2026-03-06 10:05:23,270 | INFO | evac_sim.simulation.simulation_manager | Progress | frame=3910 | agents=22
2026-03-06 10:05:23,290 | INFO | evac_sim.simulation.simulation_manager | Progress | frame=3920 | agents=22
2026-03-06 10:05:23,310 | INFO | evac_sim.simulation.simulation_manager | Progress | frame=3930 | agents=22
2026-03-06 10:05:23,330 | INFO | evac_sim.simulation.simulation_manager | Progress | frame=3940 | agents=21
2026-03-06 10:05:23,350 | INFO | evac_sim.simulation.simulation_manager | Progress | frame=3950 | agents=21
2026-03-06 10:05:23,379 | INFO | evac_sim.simulation.simulation_manager | Progress | frame=3960 | agents=21
2026-03-06 10:05:23,399 | INFO | evac_sim.simulation.simulation_manager | Progress | frame=3970 | agents=21
2026-03-06 10:05:23,419 | INFO | evac_sim.simulation.simulation_manager | Progress | frame=3980 | agents=20
2026-03-06 10:05:23,439 | INFO | evac_sim.simulation.simulation_manager | Progress | frame=3990 | agents=20
2026-03-06 10:05:23,458 | INFO | evac_sim.simulation.simulation_manager | Progress | frame=4000 | agents=20
2026-03-06 10:05:23,487 | INFO | evac_sim.simulation.simulation_manager | Progress | frame=4010 | agents=20
2026-03-06 10:05:23,507 | INFO | evac_sim.simulation.simulation_manager | Progress | frame=4020 | agents=20
2026-03-06 10:05:23,526 | INFO | evac_sim.simulation.simulation_manager | Progress | frame=4030 | agents=20
2026-03-06 10:05:23,546 | INFO | evac_sim.simulation.simulation_manager | Progress | frame=4040 | agents=20
2026-03-06 10:05:23,565 | INFO | evac_sim.simulation.simulation_manager | Progress | frame=4050 | agents=20
2026-03-06 10:05:23,594 | INFO | evac_sim.simulation.simulation_manager | Progress | frame=4060 | agents=20
2026-03-06 10:05:23,613 | INFO | evac_sim.simulation.simulation_manager | Progress | frame=4070 | agents=20
2026-03-06 10:05:23,632 | INFO | evac_sim.simulation.simulation_manager | Progress | frame=4080 | agents=20
2026-03-06 10:05:23,651 | INFO | evac_sim.simulation.simulation_manager | Progress | frame=4090 | agents=19
2026-03-06 10:05:23,670 | INFO | evac_sim.simulation.simulation_manager | Progress | frame=4100 | agents=19
2026-03-06 10:05:23,699 | INFO | evac_sim.simulation.simulation_manager | Progress | frame=4110 | agents=19
2026-03-06 10:05:23,718 | INFO | evac_sim.simulation.simulation_manager | Progress | frame=4120 | agents=19
2026-03-06 10:05:23,737 | INFO | evac_sim.simulation.simulation_manager | Progress | frame=4130 | agents=19
2026-03-06 10:05:23,757 | INFO | evac_sim.simulation.simulation_manager | Progress | frame=4140 | agents=18
2026-03-06 10:05:23,775 | INFO | evac_sim.simulation.simulation_manager | Progress | frame=4150 | agents=18
2026-03-06 10:05:23,802 | INFO | evac_sim.simulation.simulation_manager | Progress | frame=4160 | agents=18
2026-03-06 10:05:23,821 | INFO | evac_sim.simulation.simulation_manager | Progress | frame=4170 | agents=18
2026-03-06 10:05:23,840 | INFO | evac_sim.simulation.simulation_manager | Progress | frame=4180 | agents=18
2026-03-06 10:05:23,859 | INFO | evac_sim.simulation.simulation_manager | Progress | frame=4190 | agents=17
2026-03-06 10:05:23,877 | INFO | evac_sim.simulation.simulation_manager | Progress | frame=4200 | agents=17
2026-03-06 10:05:23,904 | INFO | evac_sim.simulation.simulation_manager | Progress | frame=4210 | agents=17
2026-03-06 10:05:23,923 | INFO | evac_sim.simulation.simulation_manager | Progress | frame=4220 | agents=17
2026-03-06 10:05:23,942 | INFO | evac_sim.simulation.simulation_manager | Progress | frame=4230 | agents=17
2026-03-06 10:05:23,960 | INFO | evac_sim.simulation.simulation_manager | Progress | frame=4240 | agents=17
2026-03-06 10:05:23,979 | INFO | evac_sim.simulation.simulation_manager | Progress | frame=4250 | agents=17
2026-03-06 10:05:24,006 | INFO | evac_sim.simulation.simulation_manager | Progress | frame=4260 | agents=16
2026-03-06 10:05:24,025 | INFO | evac_sim.simulation.simulation_manager | Progress | frame=4270 | agents=16
2026-03-06 10:05:24,044 | INFO | evac_sim.simulation.simulation_manager | Progress | frame=4280 | agents=16
2026-03-06 10:05:24,063 | INFO | evac_sim.simulation.simulation_manager | Progress | frame=4290 | agents=16
2026-03-06 10:05:24,082 | INFO | evac_sim.simulation.simulation_manager | Progress | frame=4300 | agents=16
2026-03-06 10:05:24,109 | INFO | evac_sim.simulation.simulation_manager | Progress | frame=4310 | agents=15
2026-03-06 10:05:24,128 | INFO | evac_sim.simulation.simulation_manager | Progress | frame=4320 | agents=15
2026-03-06 10:05:24,146 | INFO | evac_sim.simulation.simulation_manager | Progress | frame=4330 | agents=15
2026-03-06 10:05:24,165 | INFO | evac_sim.simulation.simulation_manager | Progress | frame=4340 | agents=15
2026-03-06 10:05:24,184 | INFO | evac_sim.simulation.simulation_manager | Progress | frame=4350 | agents=15
2026-03-06 10:05:24,214 | INFO | evac_sim.simulation.simulation_manager | Progress | frame=4360 | agents=14
2026-03-06 10:05:24,232 | INFO | evac_sim.simulation.simulation_manager | Progress | frame=4370 | agents=14
2026-03-06 10:05:24,251 | INFO | evac_sim.simulation.simulation_manager | Progress | frame=4380 | agents=14
2026-03-06 10:05:24,270 | INFO | evac_sim.simulation.simulation_manager | Progress | frame=4390 | agents=14
2026-03-06 10:05:24,287 | INFO | evac_sim.simulation.simulation_manager | Progress | frame=4400 | agents=14
2026-03-06 10:05:24,315 | INFO | evac_sim.simulation.simulation_manager | Progress | frame=4410 | agents=13
2026-03-06 10:05:24,333 | INFO | evac_sim.simulation.simulation_manager | Progress | frame=4420 | agents=13
2026-03-06 10:05:24,352 | INFO | evac_sim.simulation.simulation_manager | Progress | frame=4430 | agents=13
2026-03-06 10:05:24,371 | INFO | evac_sim.simulation.simulation_manager | Progress | frame=4440 | agents=13
2026-03-06 10:05:24,390 | INFO | evac_sim.simulation.simulation_manager | Progress | frame=4450 | agents=13
2026-03-06 10:05:24,417 | INFO | evac_sim.simulation.simulation_manager | Progress | frame=4460 | agents=12
2026-03-06 10:05:24,434 | INFO | evac_sim.simulation.simulation_manager | Progress | frame=4470 | agents=12
2026-03-06 10:05:24,453 | INFO | evac_sim.simulation.simulation_manager | Progress | frame=4480 | agents=12
2026-03-06 10:05:24,471 | INFO | evac_sim.simulation.simulation_manager | Progress | frame=4490 | agents=12
2026-03-06 10:05:24,490 | INFO | evac_sim.simulation.simulation_manager | Progress | frame=4500 | agents=11
2026-03-06 10:05:24,518 | INFO | evac_sim.simulation.simulation_manager | Progress | frame=4510 | agents=11
2026-03-06 10:05:24,536 | INFO | evac_sim.simulation.simulation_manager | Progress | frame=4520 | agents=11
2026-03-06 10:05:24,554 | INFO | evac_sim.simulation.simulation_manager | Progress | frame=4530 | agents=11
2026-03-06 10:05:24,572 | INFO | evac_sim.simulation.simulation_manager | Progress | frame=4540 | agents=11
2026-03-06 10:05:24,591 | INFO | evac_sim.simulation.simulation_manager | Progress | frame=4550 | agents=10
2026-03-06 10:05:24,617 | INFO | evac_sim.simulation.simulation_manager | Progress | frame=4560 | agents=10
2026-03-06 10:05:24,634 | INFO | evac_sim.simulation.simulation_manager | Progress | frame=4570 | agents=10
2026-03-06 10:05:24,653 | INFO | evac_sim.simulation.simulation_manager | Progress | frame=4580 | agents=10
2026-03-06 10:05:24,671 | INFO | evac_sim.simulation.simulation_manager | Progress | frame=4590 | agents=9
2026-03-06 10:05:24,688 | INFO | evac_sim.simulation.simulation_manager | Progress | frame=4600 | agents=9
2026-03-06 10:05:24,713 | INFO | evac_sim.simulation.simulation_manager | Progress | frame=4610 | agents=9
2026-03-06 10:05:24,732 | INFO | evac_sim.simulation.simulation_manager | Progress | frame=4620 | agents=9
2026-03-06 10:05:24,750 | INFO | evac_sim.simulation.simulation_manager | Progress | frame=4630 | agents=9
2026-03-06 10:05:24,767 | INFO | evac_sim.simulation.simulation_manager | Progress | frame=4640 | agents=8
2026-03-06 10:05:24,786 | INFO | evac_sim.simulation.simulation_manager | Progress | frame=4650 | agents=8
2026-03-06 10:05:24,819 | INFO | evac_sim.simulation.simulation_manager | Progress | frame=4660 | agents=8
2026-03-06 10:05:24,839 | INFO | evac_sim.simulation.simulation_manager | Progress | frame=4670 | agents=8
2026-03-06 10:05:24,860 | INFO | evac_sim.simulation.simulation_manager | Progress | frame=4680 | agents=7
2026-03-06 10:05:24,883 | INFO | evac_sim.simulation.simulation_manager | Progress | frame=4690 | agents=7
2026-03-06 10:05:24,903 | INFO | evac_sim.simulation.simulation_manager | Progress | frame=4700 | agents=7
2026-03-06 10:05:24,935 | INFO | evac_sim.simulation.simulation_manager | Progress | frame=4710 | agents=7
2026-03-06 10:05:24,955 | INFO | evac_sim.simulation.simulation_manager | Progress | frame=4720 | agents=7
2026-03-06 10:05:24,977 | INFO | evac_sim.simulation.simulation_manager | Progress | frame=4730 | agents=6
2026-03-06 10:05:25,000 | INFO | evac_sim.simulation.simulation_manager | Progress | frame=4740 | agents=6
2026-03-06 10:05:25,021 | INFO | evac_sim.simulation.simulation_manager | Progress | frame=4750 | agents=6
2026-03-06 10:05:25,048 | INFO | evac_sim.simulation.simulation_manager | Progress | frame=4760 | agents=6
2026-03-06 10:05:25,071 | INFO | evac_sim.simulation.simulation_manager | Progress | frame=4770 | agents=6
2026-03-06 10:05:25,091 | INFO | evac_sim.simulation.simulation_manager | Progress | frame=4780 | agents=5
2026-03-06 10:05:25,110 | INFO | evac_sim.simulation.simulation_manager | Progress | frame=4790 | agents=5
2026-03-06 10:05:25,132 | INFO | evac_sim.simulation.simulation_manager | Progress | frame=4800 | agents=5
2026-03-06 10:05:25,155 | INFO | evac_sim.simulation.simulation_manager | Progress | frame=4810 | agents=5
2026-03-06 10:05:25,175 | INFO | evac_sim.simulation.simulation_manager | Progress | frame=4820 | agents=5
2026-03-06 10:05:25,193 | INFO | evac_sim.simulation.simulation_manager | Progress | frame=4830 | agents=5
2026-03-06 10:05:25,212 | INFO | evac_sim.simulation.simulation_manager | Progress | frame=4840 | agents=5
2026-03-06 10:05:25,229 | INFO | evac_sim.simulation.simulation_manager | Progress | frame=4850 | agents=5
2026-03-06 10:05:25,250 | INFO | evac_sim.simulation.simulation_manager | Progress | frame=4860 | agents=4
2026-03-06 10:05:25,267 | INFO | evac_sim.simulation.simulation_manager | Progress | frame=4870 | agents=4
2026-03-06 10:05:25,285 | INFO | evac_sim.simulation.simulation_manager | Progress | frame=4880 | agents=4
2026-03-06 10:05:25,303 | INFO | evac_sim.simulation.simulation_manager | Progress | frame=4890 | agents=4
2026-03-06 10:05:25,322 | INFO | evac_sim.simulation.simulation_manager | Progress | frame=4900 | agents=4
2026-03-06 10:05:25,342 | INFO | evac_sim.simulation.simulation_manager | Progress | frame=4910 | agents=3
2026-03-06 10:05:25,360 | INFO | evac_sim.simulation.simulation_manager | Progress | frame=4920 | agents=3
2026-03-06 10:05:25,377 | INFO | evac_sim.simulation.simulation_manager | Progress | frame=4930 | agents=3
2026-03-06 10:05:25,395 | INFO | evac_sim.simulation.simulation_manager | Progress | frame=4940 | agents=3
2026-03-06 10:05:25,413 | INFO | evac_sim.simulation.simulation_manager | Progress | frame=4950 | agents=3
2026-03-06 10:05:25,433 | INFO | evac_sim.simulation.simulation_manager | Progress | frame=4960 | agents=2
2026-03-06 10:05:25,451 | INFO | evac_sim.simulation.simulation_manager | Progress | frame=4970 | agents=2
2026-03-06 10:05:25,468 | INFO | evac_sim.simulation.simulation_manager | Progress | frame=4980 | agents=2
2026-03-06 10:05:25,485 | INFO | evac_sim.simulation.simulation_manager | Progress | frame=4990 | agents=2
2026-03-06 10:05:25,503 | INFO | evac_sim.simulation.simulation_manager | Progress | frame=5000 | agents=2
2026-03-06 10:05:25,523 | INFO | evac_sim.simulation.simulation_manager | Progress | frame=5010 | agents=1
2026-03-06 10:05:25,541 | INFO | evac_sim.simulation.simulation_manager | Progress | frame=5020 | agents=1
2026-03-06 10:05:25,559 | INFO | evac_sim.simulation.simulation_manager | Progress | frame=5030 | agents=1
2026-03-06 10:05:25,577 | INFO | evac_sim.simulation.simulation_manager | Progress | frame=5040 | agents=1
2026-03-06 10:05:25,595 | INFO | evac_sim.simulation.simulation_manager | Progress | frame=5050 | agents=1
2026-03-06 10:05:25,602 | INFO | evac_sim.simulation.simulation_manager | Simulation end | last_frame=5053
2026-03-06 10:05:25,635 | INFO | evac_sim.runner | Metrics preview | mode=2 group=82 agents=5 min=13068.000 avg=13512.000 median=13350.000 p90=14007.600 max=14172.000
2026-03-06 10:05:25,645 | INFO | evac_sim.runner | Metrics preview | mode=2 group=83 agents=5 min=14574.000 avg=14868.000 median=14874.000 p90=15102.600 max=15159.000
2026-03-06 10:05:25,656 | INFO | evac_sim.runner | Metrics preview | mode=2 group=73 agents=6 min=11187.000 avg=11581.500 median=11592.000 p90=11869.500 max=11937.000
2026-03-06 10:05:25,665 | INFO | evac_sim.runner | Metrics preview | mode=2 group=77 agents=6 min=8472.000 avg=8960.000 median=8976.000 p90=9307.500 max=9390.000
2026-03-06 10:05:25,679 | INFO | evac_sim.runner | Metrics preview | mode=2 group=92 agents=10 min=12261.000 avg=13230.000 median=13204.500 p90=14064.300 max=14310.000
2026-03-06 10:05:25,680 | INFO | evac_sim.runner | Finished mode=2
2026-03-06 10:05:25,681 | INFO | evac_sim.runner | Mode start | mode=3 env=Cruise_Ship case=unknown
2026-03-06 10:05:25,740 | INFO | evac_sim.simulation.simulation_manager | Simulation start | agents=32
2026-03-06 10:05:25,777 | INFO | evac_sim.simulation.simulation_manager | Progress | frame=10 | agents=32
2026-03-06 10:05:25,798 | INFO | evac_sim.simulation.simulation_manager | Progress | frame=20 | agents=32
2026-03-06 10:05:25,819 | INFO | evac_sim.simulation.simulation_manager | Progress | frame=30 | agents=32
2026-03-06 10:05:25,840 | INFO | evac_sim.simulation.simulation_manager | Progress | frame=40 | agents=32
2026-03-06 10:05:25,860 | INFO | evac_sim.simulation.simulation_manager | Progress | frame=50 | agents=32
2026-03-06 10:05:25,895 | INFO | evac_sim.simulation.simulation_manager | Progress | frame=60 | agents=32
2026-03-06 10:05:25,915 | INFO | evac_sim.simulation.simulation_manager | Progress | frame=70 | agents=32
2026-03-06 10:05:25,937 | INFO | evac_sim.simulation.simulation_manager | Progress | frame=80 | agents=32
2026-03-06 10:05:25,957 | INFO | evac_sim.simulation.simulation_manager | Progress | frame=90 | agents=32
2026-03-06 10:05:25,979 | INFO | evac_sim.simulation.simulation_manager | Progress | frame=100 | agents=32
2026-03-06 10:05:26,014 | INFO | evac_sim.simulation.simulation_manager | Progress | frame=110 | agents=32
2026-03-06 10:05:26,035 | INFO | evac_sim.simulation.simulation_manager | Progress | frame=120 | agents=32
2026-03-06 10:05:26,057 | INFO | evac_sim.simulation.simulation_manager | Progress | frame=130 | agents=32
2026-03-06 10:05:26,078 | INFO | evac_sim.simulation.simulation_manager | Progress | frame=140 | agents=32
2026-03-06 10:05:26,099 | INFO | evac_sim.simulation.simulation_manager | Progress | frame=150 | agents=32
2026-03-06 10:05:26,136 | INFO | evac_sim.simulation.simulation_manager | Progress | frame=160 | agents=32
2026-03-06 10:05:26,157 | INFO | evac_sim.simulation.simulation_manager | Progress | frame=170 | agents=32
2026-03-06 10:05:26,179 | INFO | evac_sim.simulation.simulation_manager | Progress | frame=180 | agents=32
2026-03-06 10:05:26,200 | INFO | evac_sim.simulation.simulation_manager | Progress | frame=190 | agents=32
2026-03-06 10:05:26,223 | INFO | evac_sim.simulation.simulation_manager | Progress | frame=200 | agents=32
2026-03-06 10:05:26,258 | INFO | evac_sim.simulation.simulation_manager | Progress | frame=210 | agents=32
2026-03-06 10:05:26,281 | INFO | evac_sim.simulation.simulation_manager | Progress | frame=220 | agents=32
2026-03-06 10:05:26,304 | INFO | evac_sim.simulation.simulation_manager | Progress | frame=230 | agents=32
2026-03-06 10:05:26,326 | INFO | evac_sim.simulation.simulation_manager | Progress | frame=240 | agents=32
2026-03-06 10:05:26,348 | INFO | evac_sim.simulation.simulation_manager | Progress | frame=250 | agents=32
2026-03-06 10:05:26,383 | INFO | evac_sim.simulation.simulation_manager | Progress | frame=260 | agents=32
2026-03-06 10:05:26,405 | INFO | evac_sim.simulation.simulation_manager | Progress | frame=270 | agents=32
2026-03-06 10:05:26,428 | INFO | evac_sim.simulation.simulation_manager | Progress | frame=280 | agents=32
2026-03-06 10:05:26,450 | INFO | evac_sim.simulation.simulation_manager | Progress | frame=290 | agents=32
2026-03-06 10:05:26,471 | INFO | evac_sim.simulation.simulation_manager | Progress | frame=300 | agents=32
2026-03-06 10:05:26,506 | INFO | evac_sim.simulation.simulation_manager | Progress | frame=310 | agents=32
2026-03-06 10:05:26,530 | INFO | evac_sim.simulation.simulation_manager | Progress | frame=320 | agents=32
2026-03-06 10:05:26,553 | INFO | evac_sim.simulation.simulation_manager | Progress | frame=330 | agents=32
2026-03-06 10:05:26,576 | INFO | evac_sim.simulation.simulation_manager | Progress | frame=340 | agents=32
2026-03-06 10:05:26,598 | INFO | evac_sim.simulation.simulation_manager | Progress | frame=350 | agents=32
2026-03-06 10:05:26,635 | INFO | evac_sim.simulation.simulation_manager | Progress | frame=360 | agents=32
2026-03-06 10:05:26,656 | INFO | evac_sim.simulation.simulation_manager | Progress | frame=370 | agents=32
2026-03-06 10:05:26,678 | INFO | evac_sim.simulation.simulation_manager | Progress | frame=380 | agents=32
2026-03-06 10:05:26,699 | INFO | evac_sim.simulation.simulation_manager | Progress | frame=390 | agents=32
2026-03-06 10:05:26,720 | INFO | evac_sim.simulation.simulation_manager | Progress | frame=400 | agents=32
2026-03-06 10:05:26,727 | INFO | evac_sim.simulation.simulation_manager | Reroute applied | frame=400 | group=83 | agents=5 | curr=92 next=91 | old_len=49 new_len=49
2026-03-06 10:05:26,967 | INFO | evac_sim.simulation.simulation_manager | Reroute applied | frame=400 | group=73 | agents=6 | curr=57 next=56 | old_len=44 new_len=47
2026-03-06 10:05:26,975 | INFO | evac_sim.simulation.simulation_manager | Reroute applied | frame=400 | group=92 | agents=10 | curr=61 next=60 | old_len=46 new_len=49
2026-03-06 10:05:26,997 | INFO | evac_sim.simulation.simulation_manager | Progress | frame=410 | agents=32
2026-03-06 10:05:27,018 | INFO | evac_sim.simulation.simulation_manager | Progress | frame=420 | agents=32
2026-03-06 10:05:27,038 | INFO | evac_sim.simulation.simulation_manager | Progress | frame=430 | agents=32
2026-03-06 10:05:27,061 | INFO | evac_sim.simulation.simulation_manager | Progress | frame=440 | agents=32
2026-03-06 10:05:27,081 | INFO | evac_sim.simulation.simulation_manager | Progress | frame=450 | agents=32
2026-03-06 10:05:27,115 | INFO | evac_sim.simulation.simulation_manager | Progress | frame=460 | agents=32
2026-03-06 10:05:27,135 | INFO | evac_sim.simulation.simulation_manager | Progress | frame=470 | agents=32
2026-03-06 10:05:27,156 | INFO | evac_sim.simulation.simulation_manager | Progress | frame=480 | agents=32
2026-03-06 10:05:27,176 | INFO | evac_sim.simulation.simulation_manager | Progress | frame=490 | agents=32
2026-03-06 10:05:27,197 | INFO | evac_sim.simulation.simulation_manager | Progress | frame=500 | agents=32
2026-03-06 10:05:27,231 | INFO | evac_sim.simulation.simulation_manager | Progress | frame=510 | agents=32
2026-03-06 10:05:27,253 | INFO | evac_sim.simulation.simulation_manager | Progress | frame=520 | agents=32
2026-03-06 10:05:27,274 | INFO | evac_sim.simulation.simulation_manager | Progress | frame=530 | agents=32
2026-03-06 10:05:27,296 | INFO | evac_sim.simulation.simulation_manager | Progress | frame=540 | agents=32
2026-03-06 10:05:27,317 | INFO | evac_sim.simulation.simulation_manager | Progress | frame=550 | agents=32
2026-03-06 10:05:27,352 | INFO | evac_sim.simulation.simulation_manager | Progress | frame=560 | agents=32
2026-03-06 10:05:27,374 | INFO | evac_sim.simulation.simulation_manager | Progress | frame=570 | agents=32
2026-03-06 10:05:27,395 | INFO | evac_sim.simulation.simulation_manager | Progress | frame=580 | agents=32
2026-03-06 10:05:27,417 | INFO | evac_sim.simulation.simulation_manager | Progress | frame=590 | agents=32
2026-03-06 10:05:27,439 | INFO | evac_sim.simulation.simulation_manager | Progress | frame=600 | agents=32
2026-03-06 10:05:27,476 | INFO | evac_sim.simulation.simulation_manager | Progress | frame=610 | agents=32
2026-03-06 10:05:27,498 | INFO | evac_sim.simulation.simulation_manager | Progress | frame=620 | agents=32
2026-03-06 10:05:27,519 | INFO | evac_sim.simulation.simulation_manager | Progress | frame=630 | agents=32
2026-03-06 10:05:27,540 | INFO | evac_sim.simulation.simulation_manager | Progress | frame=640 | agents=32
2026-03-06 10:05:27,561 | INFO | evac_sim.simulation.simulation_manager | Progress | frame=650 | agents=32
2026-03-06 10:05:27,596 | INFO | evac_sim.simulation.simulation_manager | Progress | frame=660 | agents=32
2026-03-06 10:05:27,617 | INFO | evac_sim.simulation.simulation_manager | Progress | frame=670 | agents=32
2026-03-06 10:05:27,638 | INFO | evac_sim.simulation.simulation_manager | Progress | frame=680 | agents=32
2026-03-06 10:05:27,661 | INFO | evac_sim.simulation.simulation_manager | Progress | frame=690 | agents=32
2026-03-06 10:05:27,682 | INFO | evac_sim.simulation.simulation_manager | Progress | frame=700 | agents=32
2026-03-06 10:05:27,718 | INFO | evac_sim.simulation.simulation_manager | Progress | frame=710 | agents=32
2026-03-06 10:05:27,740 | INFO | evac_sim.simulation.simulation_manager | Progress | frame=720 | agents=32
2026-03-06 10:05:27,762 | INFO | evac_sim.simulation.simulation_manager | Progress | frame=730 | agents=32
2026-03-06 10:05:27,784 | INFO | evac_sim.simulation.simulation_manager | Progress | frame=740 | agents=32
2026-03-06 10:05:27,805 | INFO | evac_sim.simulation.simulation_manager | Progress | frame=750 | agents=32
2026-03-06 10:05:27,842 | INFO | evac_sim.simulation.simulation_manager | Progress | frame=760 | agents=32
2026-03-06 10:05:27,870 | INFO | evac_sim.simulation.simulation_manager | Progress | frame=770 | agents=32
2026-03-06 10:05:27,894 | INFO | evac_sim.simulation.simulation_manager | Progress | frame=780 | agents=32
2026-03-06 10:05:27,916 | INFO | evac_sim.simulation.simulation_manager | Progress | frame=790 | agents=32
2026-03-06 10:05:27,938 | INFO | evac_sim.simulation.simulation_manager | Progress | frame=800 | agents=32
2026-03-06 10:05:27,973 | INFO | evac_sim.simulation.simulation_manager | Progress | frame=810 | agents=32
2026-03-06 10:05:27,996 | INFO | evac_sim.simulation.simulation_manager | Progress | frame=820 | agents=32
2026-03-06 10:05:28,016 | INFO | evac_sim.simulation.simulation_manager | Progress | frame=830 | agents=32
2026-03-06 10:05:28,037 | INFO | evac_sim.simulation.simulation_manager | Progress | frame=840 | agents=32
2026-03-06 10:05:28,059 | INFO | evac_sim.simulation.simulation_manager | Progress | frame=850 | agents=32
2026-03-06 10:05:28,095 | INFO | evac_sim.simulation.simulation_manager | Progress | frame=860 | agents=32
2026-03-06 10:05:28,116 | INFO | evac_sim.simulation.simulation_manager | Progress | frame=870 | agents=32
2026-03-06 10:05:28,138 | INFO | evac_sim.simulation.simulation_manager | Progress | frame=880 | agents=32
2026-03-06 10:05:28,161 | INFO | evac_sim.simulation.simulation_manager | Progress | frame=890 | agents=32
2026-03-06 10:05:28,187 | INFO | evac_sim.simulation.simulation_manager | Progress | frame=900 | agents=32
2026-03-06 10:05:28,231 | INFO | evac_sim.simulation.simulation_manager | Progress | frame=910 | agents=32
2026-03-06 10:05:28,257 | INFO | evac_sim.simulation.simulation_manager | Progress | frame=920 | agents=32
2026-03-06 10:05:28,280 | INFO | evac_sim.simulation.simulation_manager | Progress | frame=930 | agents=32
2026-03-06 10:05:28,305 | INFO | evac_sim.simulation.simulation_manager | Progress | frame=940 | agents=32
2026-03-06 10:05:28,333 | INFO | evac_sim.simulation.simulation_manager | Progress | frame=950 | agents=32
2026-03-06 10:05:28,373 | INFO | evac_sim.simulation.simulation_manager | Progress | frame=960 | agents=32
2026-03-06 10:05:28,401 | INFO | evac_sim.simulation.simulation_manager | Progress | frame=970 | agents=32
2026-03-06 10:05:28,428 | INFO | evac_sim.simulation.simulation_manager | Progress | frame=980 | agents=32
2026-03-06 10:05:28,454 | INFO | evac_sim.simulation.simulation_manager | Progress | frame=990 | agents=32
2026-03-06 10:05:28,478 | INFO | evac_sim.simulation.simulation_manager | Progress | frame=1000 | agents=32
2026-03-06 10:05:28,521 | INFO | evac_sim.simulation.simulation_manager | Progress | frame=1010 | agents=32
2026-03-06 10:05:28,547 | INFO | evac_sim.simulation.simulation_manager | Progress | frame=1020 | agents=32
2026-03-06 10:05:28,571 | INFO | evac_sim.simulation.simulation_manager | Progress | frame=1030 | agents=32
2026-03-06 10:05:28,597 | INFO | evac_sim.simulation.simulation_manager | Progress | frame=1040 | agents=32
2026-03-06 10:05:28,622 | INFO | evac_sim.simulation.simulation_manager | Progress | frame=1050 | agents=32
2026-03-06 10:05:28,664 | INFO | evac_sim.simulation.simulation_manager | Progress | frame=1060 | agents=32
2026-03-06 10:05:28,688 | INFO | evac_sim.simulation.simulation_manager | Progress | frame=1070 | agents=32
2026-03-06 10:05:28,714 | INFO | evac_sim.simulation.simulation_manager | Progress | frame=1080 | agents=32
2026-03-06 10:05:28,738 | INFO | evac_sim.simulation.simulation_manager | Progress | frame=1090 | agents=32
2026-03-06 10:05:28,759 | INFO | evac_sim.simulation.simulation_manager | Progress | frame=1100 | agents=32
2026-03-06 10:05:28,792 | INFO | evac_sim.simulation.simulation_manager | Progress | frame=1110 | agents=32
2026-03-06 10:05:28,814 | INFO | evac_sim.simulation.simulation_manager | Progress | frame=1120 | agents=32
2026-03-06 10:05:28,834 | INFO | evac_sim.simulation.simulation_manager | Progress | frame=1130 | agents=32
2026-03-06 10:05:28,856 | INFO | evac_sim.simulation.simulation_manager | Progress | frame=1140 | agents=32
2026-03-06 10:05:28,877 | INFO | evac_sim.simulation.simulation_manager | Progress | frame=1150 | agents=32
2026-03-06 10:05:28,912 | INFO | evac_sim.simulation.simulation_manager | Progress | frame=1160 | agents=32
2026-03-06 10:05:28,935 | INFO | evac_sim.simulation.simulation_manager | Progress | frame=1170 | agents=32
2026-03-06 10:05:28,956 | INFO | evac_sim.simulation.simulation_manager | Progress | frame=1180 | agents=32
2026-03-06 10:05:28,978 | INFO | evac_sim.simulation.simulation_manager | Progress | frame=1190 | agents=32
2026-03-06 10:05:28,999 | INFO | evac_sim.simulation.simulation_manager | Progress | frame=1200 | agents=32
2026-03-06 10:05:29,034 | INFO | evac_sim.simulation.simulation_manager | Progress | frame=1210 | agents=32
2026-03-06 10:05:29,056 | INFO | evac_sim.simulation.simulation_manager | Progress | frame=1220 | agents=32
2026-03-06 10:05:29,076 | INFO | evac_sim.simulation.simulation_manager | Progress | frame=1230 | agents=32
2026-03-06 10:05:29,097 | INFO | evac_sim.simulation.simulation_manager | Progress | frame=1240 | agents=32
2026-03-06 10:05:29,118 | INFO | evac_sim.simulation.simulation_manager | Progress | frame=1250 | agents=32
2026-03-06 10:05:29,153 | INFO | evac_sim.simulation.simulation_manager | Progress | frame=1260 | agents=32
2026-03-06 10:05:29,173 | INFO | evac_sim.simulation.simulation_manager | Progress | frame=1270 | agents=32
2026-03-06 10:05:29,195 | INFO | evac_sim.simulation.simulation_manager | Progress | frame=1280 | agents=32
2026-03-06 10:05:29,216 | INFO | evac_sim.simulation.simulation_manager | Progress | frame=1290 | agents=32
2026-03-06 10:05:29,237 | INFO | evac_sim.simulation.simulation_manager | Progress | frame=1300 | agents=32
2026-03-06 10:05:29,273 | INFO | evac_sim.simulation.simulation_manager | Progress | frame=1310 | agents=32
2026-03-06 10:05:29,294 | INFO | evac_sim.simulation.simulation_manager | Progress | frame=1320 | agents=32
2026-03-06 10:05:29,316 | INFO | evac_sim.simulation.simulation_manager | Progress | frame=1330 | agents=32
2026-03-06 10:05:29,337 | INFO | evac_sim.simulation.simulation_manager | Progress | frame=1340 | agents=32
2026-03-06 10:05:29,358 | INFO | evac_sim.simulation.simulation_manager | Progress | frame=1350 | agents=32
2026-03-06 10:05:29,394 | INFO | evac_sim.simulation.simulation_manager | Progress | frame=1360 | agents=32
2026-03-06 10:05:29,415 | INFO | evac_sim.simulation.simulation_manager | Progress | frame=1370 | agents=32
2026-03-06 10:05:29,436 | INFO | evac_sim.simulation.simulation_manager | Progress | frame=1380 | agents=32
2026-03-06 10:05:29,458 | INFO | evac_sim.simulation.simulation_manager | Progress | frame=1390 | agents=32
2026-03-06 10:05:29,480 | INFO | evac_sim.simulation.simulation_manager | Progress | frame=1400 | agents=32
2026-03-06 10:05:29,516 | INFO | evac_sim.simulation.simulation_manager | Progress | frame=1410 | agents=32
2026-03-06 10:05:29,538 | INFO | evac_sim.simulation.simulation_manager | Progress | frame=1420 | agents=32
2026-03-06 10:05:29,559 | INFO | evac_sim.simulation.simulation_manager | Progress | frame=1430 | agents=32
2026-03-06 10:05:29,580 | INFO | evac_sim.simulation.simulation_manager | Progress | frame=1440 | agents=32
2026-03-06 10:05:29,602 | INFO | evac_sim.simulation.simulation_manager | Progress | frame=1450 | agents=32
2026-03-06 10:05:29,638 | INFO | evac_sim.simulation.simulation_manager | Progress | frame=1460 | agents=32
2026-03-06 10:05:29,659 | INFO | evac_sim.simulation.simulation_manager | Progress | frame=1470 | agents=32
2026-03-06 10:05:29,683 | INFO | evac_sim.simulation.simulation_manager | Progress | frame=1480 | agents=32
2026-03-06 10:05:29,703 | INFO | evac_sim.simulation.simulation_manager | Progress | frame=1490 | agents=32
2026-03-06 10:05:29,725 | INFO | evac_sim.simulation.simulation_manager | Progress | frame=1500 | agents=32
2026-03-06 10:05:29,760 | INFO | evac_sim.simulation.simulation_manager | Progress | frame=1510 | agents=32
2026-03-06 10:05:29,782 | INFO | evac_sim.simulation.simulation_manager | Progress | frame=1520 | agents=32
2026-03-06 10:05:29,804 | INFO | evac_sim.simulation.simulation_manager | Progress | frame=1530 | agents=32
2026-03-06 10:05:29,825 | INFO | evac_sim.simulation.simulation_manager | Progress | frame=1540 | agents=32
2026-03-06 10:05:29,846 | INFO | evac_sim.simulation.simulation_manager | Progress | frame=1550 | agents=32
2026-03-06 10:05:29,882 | INFO | evac_sim.simulation.simulation_manager | Progress | frame=1560 | agents=32
2026-03-06 10:05:29,903 | INFO | evac_sim.simulation.simulation_manager | Progress | frame=1570 | agents=32
2026-03-06 10:05:29,925 | INFO | evac_sim.simulation.simulation_manager | Progress | frame=1580 | agents=32
2026-03-06 10:05:29,947 | INFO | evac_sim.simulation.simulation_manager | Progress | frame=1590 | agents=32
2026-03-06 10:05:29,967 | INFO | evac_sim.simulation.simulation_manager | Progress | frame=1600 | agents=32
2026-03-06 10:05:30,002 | INFO | evac_sim.simulation.simulation_manager | Progress | frame=1610 | agents=32
2026-03-06 10:05:30,024 | INFO | evac_sim.simulation.simulation_manager | Progress | frame=1620 | agents=32
2026-03-06 10:05:30,045 | INFO | evac_sim.simulation.simulation_manager | Progress | frame=1630 | agents=32
2026-03-06 10:05:30,067 | INFO | evac_sim.simulation.simulation_manager | Progress | frame=1640 | agents=32
2026-03-06 10:05:30,088 | INFO | evac_sim.simulation.simulation_manager | Progress | frame=1650 | agents=32
2026-03-06 10:05:30,125 | INFO | evac_sim.simulation.simulation_manager | Progress | frame=1660 | agents=32
2026-03-06 10:05:30,146 | INFO | evac_sim.simulation.simulation_manager | Progress | frame=1670 | agents=32
2026-03-06 10:05:30,168 | INFO | evac_sim.simulation.simulation_manager | Progress | frame=1680 | agents=32
2026-03-06 10:05:30,190 | INFO | evac_sim.simulation.simulation_manager | Progress | frame=1690 | agents=32
2026-03-06 10:05:30,211 | INFO | evac_sim.simulation.simulation_manager | Progress | frame=1700 | agents=32
2026-03-06 10:05:30,247 | INFO | evac_sim.simulation.simulation_manager | Progress | frame=1710 | agents=32
2026-03-06 10:05:30,269 | INFO | evac_sim.simulation.simulation_manager | Progress | frame=1720 | agents=32
2026-03-06 10:05:30,289 | INFO | evac_sim.simulation.simulation_manager | Progress | frame=1730 | agents=32
2026-03-06 10:05:30,311 | INFO | evac_sim.simulation.simulation_manager | Progress | frame=1740 | agents=32
2026-03-06 10:05:30,333 | INFO | evac_sim.simulation.simulation_manager | Progress | frame=1750 | agents=32
2026-03-06 10:05:30,367 | INFO | evac_sim.simulation.simulation_manager | Progress | frame=1760 | agents=32
2026-03-06 10:05:30,389 | INFO | evac_sim.simulation.simulation_manager | Progress | frame=1770 | agents=32
2026-03-06 10:05:30,411 | INFO | evac_sim.simulation.simulation_manager | Progress | frame=1780 | agents=32
2026-03-06 10:05:30,432 | INFO | evac_sim.simulation.simulation_manager | Progress | frame=1790 | agents=32
2026-03-06 10:05:30,454 | INFO | evac_sim.simulation.simulation_manager | Progress | frame=1800 | agents=32
2026-03-06 10:05:30,488 | INFO | evac_sim.simulation.simulation_manager | Progress | frame=1810 | agents=32
2026-03-06 10:05:30,510 | INFO | evac_sim.simulation.simulation_manager | Progress | frame=1820 | agents=32
2026-03-06 10:05:30,532 | INFO | evac_sim.simulation.simulation_manager | Progress | frame=1830 | agents=32
2026-03-06 10:05:30,553 | INFO | evac_sim.simulation.simulation_manager | Progress | frame=1840 | agents=32
2026-03-06 10:05:30,575 | INFO | evac_sim.simulation.simulation_manager | Progress | frame=1850 | agents=32
2026-03-06 10:05:30,610 | INFO | evac_sim.simulation.simulation_manager | Progress | frame=1860 | agents=32
2026-03-06 10:05:30,632 | INFO | evac_sim.simulation.simulation_manager | Progress | frame=1870 | agents=32
2026-03-06 10:05:30,652 | INFO | evac_sim.simulation.simulation_manager | Progress | frame=1880 | agents=32
2026-03-06 10:05:30,674 | INFO | evac_sim.simulation.simulation_manager | Progress | frame=1890 | agents=32
2026-03-06 10:05:30,695 | INFO | evac_sim.simulation.simulation_manager | Progress | frame=1900 | agents=32
2026-03-06 10:05:30,730 | INFO | evac_sim.simulation.simulation_manager | Progress | frame=1910 | agents=32
2026-03-06 10:05:30,752 | INFO | evac_sim.simulation.simulation_manager | Progress | frame=1920 | agents=32
2026-03-06 10:05:30,773 | INFO | evac_sim.simulation.simulation_manager | Progress | frame=1930 | agents=32
2026-03-06 10:05:30,794 | INFO | evac_sim.simulation.simulation_manager | Progress | frame=1940 | agents=32
2026-03-06 10:05:30,815 | INFO | evac_sim.simulation.simulation_manager | Progress | frame=1950 | agents=32
2026-03-06 10:05:30,852 | INFO | evac_sim.simulation.simulation_manager | Progress | frame=1960 | agents=32
2026-03-06 10:05:30,873 | INFO | evac_sim.simulation.simulation_manager | Progress | frame=1970 | agents=32
2026-03-06 10:05:30,894 | INFO | evac_sim.simulation.simulation_manager | Progress | frame=1980 | agents=32
2026-03-06 10:05:30,915 | INFO | evac_sim.simulation.simulation_manager | Progress | frame=1990 | agents=32
2026-03-06 10:05:30,937 | INFO | evac_sim.simulation.simulation_manager | Progress | frame=2000 | agents=32
2026-03-06 10:05:30,971 | INFO | evac_sim.simulation.simulation_manager | Progress | frame=2010 | agents=32
2026-03-06 10:05:30,993 | INFO | evac_sim.simulation.simulation_manager | Progress | frame=2020 | agents=32
2026-03-06 10:05:31,022 | INFO | evac_sim.simulation.simulation_manager | Progress | frame=2030 | agents=32
2026-03-06 10:05:31,049 | INFO | evac_sim.simulation.simulation_manager | Progress | frame=2040 | agents=32
2026-03-06 10:05:31,074 | INFO | evac_sim.simulation.simulation_manager | Progress | frame=2050 | agents=32
2026-03-06 10:05:31,113 | INFO | evac_sim.simulation.simulation_manager | Progress | frame=2060 | agents=32
2026-03-06 10:05:31,139 | INFO | evac_sim.simulation.simulation_manager | Progress | frame=2070 | agents=32
2026-03-06 10:05:31,163 | INFO | evac_sim.simulation.simulation_manager | Progress | frame=2080 | agents=32
2026-03-06 10:05:31,188 | INFO | evac_sim.simulation.simulation_manager | Progress | frame=2090 | agents=32
2026-03-06 10:05:31,213 | INFO | evac_sim.simulation.simulation_manager | Progress | frame=2100 | agents=32
2026-03-06 10:05:31,253 | INFO | evac_sim.simulation.simulation_manager | Progress | frame=2110 | agents=32
2026-03-06 10:05:31,277 | INFO | evac_sim.simulation.simulation_manager | Progress | frame=2120 | agents=32
2026-03-06 10:05:31,303 | INFO | evac_sim.simulation.simulation_manager | Progress | frame=2130 | agents=32
2026-03-06 10:05:31,326 | INFO | evac_sim.simulation.simulation_manager | Progress | frame=2140 | agents=32
2026-03-06 10:05:31,353 | INFO | evac_sim.simulation.simulation_manager | Progress | frame=2150 | agents=32
2026-03-06 10:05:31,391 | INFO | evac_sim.simulation.simulation_manager | Progress | frame=2160 | agents=32
2026-03-06 10:05:31,411 | INFO | evac_sim.simulation.simulation_manager | Progress | frame=2170 | agents=32
2026-03-06 10:05:31,433 | INFO | evac_sim.simulation.simulation_manager | Progress | frame=2180 | agents=32
2026-03-06 10:05:31,453 | INFO | evac_sim.simulation.simulation_manager | Progress | frame=2190 | agents=32
2026-03-06 10:05:31,474 | INFO | evac_sim.simulation.simulation_manager | Progress | frame=2200 | agents=32
2026-03-06 10:05:31,597 | INFO | evac_sim.simulation.simulation_manager | Reroute applied | frame=2200 | group=82 | agents=5 | curr=52 next=53 | old_len=49 new_len=56
2026-03-06 10:05:31,726 | INFO | evac_sim.simulation.simulation_manager | Reroute applied | frame=2200 | group=83 | agents=5 | curr=53 next=54 | old_len=49 new_len=52
2026-03-06 10:05:31,732 | INFO | evac_sim.simulation.simulation_manager | Reroute applied | frame=2200 | group=73 | agents=6 | curr=202 next=201 | old_len=47 new_len=57
2026-03-06 10:05:31,740 | INFO | evac_sim.simulation.simulation_manager | Reroute applied | frame=2200 | group=92 | agents=10 | curr=139 next=138 | old_len=49 new_len=52
2026-03-06 10:05:31,764 | INFO | evac_sim.simulation.simulation_manager | Progress | frame=2210 | agents=32
2026-03-06 10:05:31,785 | INFO | evac_sim.simulation.simulation_manager | Progress | frame=2220 | agents=32
2026-03-06 10:05:31,806 | INFO | evac_sim.simulation.simulation_manager | Progress | frame=2230 | agents=32
2026-03-06 10:05:31,828 | INFO | evac_sim.simulation.simulation_manager | Progress | frame=2240 | agents=32
2026-03-06 10:05:31,849 | INFO | evac_sim.simulation.simulation_manager | Progress | frame=2250 | agents=32
2026-03-06 10:05:31,855 | INFO | evac_sim.simulation.simulation_manager | Reroute applied | frame=2250 | group=83 | agents=5 | curr=53 next=54 | old_len=52 new_len=56
2026-03-06 10:05:31,866 | INFO | evac_sim.simulation.simulation_manager | Reroute applied | frame=2250 | group=92 | agents=10 | curr=139 next=140 | old_len=52 new_len=56
2026-03-06 10:05:31,888 | INFO | evac_sim.simulation.simulation_manager | Progress | frame=2260 | agents=32
2026-03-06 10:05:31,908 | INFO | evac_sim.simulation.simulation_manager | Progress | frame=2270 | agents=32
2026-03-06 10:05:31,929 | INFO | evac_sim.simulation.simulation_manager | Progress | frame=2280 | agents=32
2026-03-06 10:05:31,950 | INFO | evac_sim.simulation.simulation_manager | Progress | frame=2290 | agents=32
2026-03-06 10:05:31,971 | INFO | evac_sim.simulation.simulation_manager | Progress | frame=2300 | agents=32
2026-03-06 10:05:32,006 | INFO | evac_sim.simulation.simulation_manager | Progress | frame=2310 | agents=32
2026-03-06 10:05:32,026 | INFO | evac_sim.simulation.simulation_manager | Progress | frame=2320 | agents=32
2026-03-06 10:05:32,047 | INFO | evac_sim.simulation.simulation_manager | Progress | frame=2330 | agents=32
2026-03-06 10:05:32,068 | INFO | evac_sim.simulation.simulation_manager | Progress | frame=2340 | agents=32
2026-03-06 10:05:32,089 | INFO | evac_sim.simulation.simulation_manager | Progress | frame=2350 | agents=32
2026-03-06 10:05:32,124 | INFO | evac_sim.simulation.simulation_manager | Progress | frame=2360 | agents=32
2026-03-06 10:05:32,144 | INFO | evac_sim.simulation.simulation_manager | Progress | frame=2370 | agents=32
2026-03-06 10:05:32,165 | INFO | evac_sim.simulation.simulation_manager | Progress | frame=2380 | agents=32
2026-03-06 10:05:32,186 | INFO | evac_sim.simulation.simulation_manager | Progress | frame=2390 | agents=32
2026-03-06 10:05:32,208 | INFO | evac_sim.simulation.simulation_manager | Progress | frame=2400 | agents=32
2026-03-06 10:05:32,243 | INFO | evac_sim.simulation.simulation_manager | Progress | frame=2410 | agents=32
2026-03-06 10:05:32,263 | INFO | evac_sim.simulation.simulation_manager | Progress | frame=2420 | agents=32
2026-03-06 10:05:32,283 | INFO | evac_sim.simulation.simulation_manager | Progress | frame=2430 | agents=32
2026-03-06 10:05:32,305 | INFO | evac_sim.simulation.simulation_manager | Progress | frame=2440 | agents=32
2026-03-06 10:05:32,326 | INFO | evac_sim.simulation.simulation_manager | Progress | frame=2450 | agents=32
2026-03-06 10:05:32,359 | INFO | evac_sim.simulation.simulation_manager | Progress | frame=2460 | agents=32
2026-03-06 10:05:32,380 | INFO | evac_sim.simulation.simulation_manager | Progress | frame=2470 | agents=32
2026-03-06 10:05:32,403 | INFO | evac_sim.simulation.simulation_manager | Progress | frame=2480 | agents=32
2026-03-06 10:05:32,423 | INFO | evac_sim.simulation.simulation_manager | Progress | frame=2490 | agents=32
2026-03-06 10:05:32,444 | INFO | evac_sim.simulation.simulation_manager | Progress | frame=2500 | agents=32
2026-03-06 10:05:32,478 | INFO | evac_sim.simulation.simulation_manager | Progress | frame=2510 | agents=32
2026-03-06 10:05:32,498 | INFO | evac_sim.simulation.simulation_manager | Progress | frame=2520 | agents=32
2026-03-06 10:05:32,518 | INFO | evac_sim.simulation.simulation_manager | Progress | frame=2530 | agents=32
2026-03-06 10:05:32,538 | INFO | evac_sim.simulation.simulation_manager | Progress | frame=2540 | agents=32
2026-03-06 10:05:32,559 | INFO | evac_sim.simulation.simulation_manager | Progress | frame=2550 | agents=32
2026-03-06 10:05:32,593 | INFO | evac_sim.simulation.simulation_manager | Progress | frame=2560 | agents=32
2026-03-06 10:05:32,614 | INFO | evac_sim.simulation.simulation_manager | Progress | frame=2570 | agents=32
2026-03-06 10:05:32,636 | INFO | evac_sim.simulation.simulation_manager | Progress | frame=2580 | agents=32
2026-03-06 10:05:32,656 | INFO | evac_sim.simulation.simulation_manager | Progress | frame=2590 | agents=32
2026-03-06 10:05:32,676 | INFO | evac_sim.simulation.simulation_manager | Progress | frame=2600 | agents=32
2026-03-06 10:05:32,711 | INFO | evac_sim.simulation.simulation_manager | Progress | frame=2610 | agents=32
2026-03-06 10:05:32,730 | INFO | evac_sim.simulation.simulation_manager | Progress | frame=2620 | agents=32
2026-03-06 10:05:32,751 | INFO | evac_sim.simulation.simulation_manager | Progress | frame=2630 | agents=32
2026-03-06 10:05:32,772 | INFO | evac_sim.simulation.simulation_manager | Progress | frame=2640 | agents=32
2026-03-06 10:05:32,793 | INFO | evac_sim.simulation.simulation_manager | Progress | frame=2650 | agents=32
2026-03-06 10:05:32,828 | INFO | evac_sim.simulation.simulation_manager | Progress | frame=2660 | agents=32
2026-03-06 10:05:32,848 | INFO | evac_sim.simulation.simulation_manager | Progress | frame=2670 | agents=32
2026-03-06 10:05:32,868 | INFO | evac_sim.simulation.simulation_manager | Progress | frame=2680 | agents=32
2026-03-06 10:05:32,889 | INFO | evac_sim.simulation.simulation_manager | Progress | frame=2690 | agents=32
2026-03-06 10:05:32,915 | INFO | evac_sim.simulation.simulation_manager | Progress | frame=2700 | agents=32
2026-03-06 10:05:32,949 | INFO | evac_sim.simulation.simulation_manager | Progress | frame=2710 | agents=32
2026-03-06 10:05:32,970 | INFO | evac_sim.simulation.simulation_manager | Progress | frame=2720 | agents=32
2026-03-06 10:05:32,989 | INFO | evac_sim.simulation.simulation_manager | Progress | frame=2730 | agents=32
2026-03-06 10:05:33,009 | INFO | evac_sim.simulation.simulation_manager | Progress | frame=2740 | agents=32
2026-03-06 10:05:33,030 | INFO | evac_sim.simulation.simulation_manager | Progress | frame=2750 | agents=32
2026-03-06 10:05:33,066 | INFO | evac_sim.simulation.simulation_manager | Progress | frame=2760 | agents=32
2026-03-06 10:05:33,087 | INFO | evac_sim.simulation.simulation_manager | Progress | frame=2770 | agents=32
2026-03-06 10:05:33,107 | INFO | evac_sim.simulation.simulation_manager | Progress | frame=2780 | agents=32
2026-03-06 10:05:33,130 | INFO | evac_sim.simulation.simulation_manager | Progress | frame=2790 | agents=32
2026-03-06 10:05:33,151 | INFO | evac_sim.simulation.simulation_manager | Progress | frame=2800 | agents=32
2026-03-06 10:05:33,186 | INFO | evac_sim.simulation.simulation_manager | Progress | frame=2810 | agents=32
2026-03-06 10:05:33,207 | INFO | evac_sim.simulation.simulation_manager | Progress | frame=2820 | agents=32
2026-03-06 10:05:33,227 | INFO | evac_sim.simulation.simulation_manager | Progress | frame=2830 | agents=31
2026-03-06 10:05:33,247 | INFO | evac_sim.simulation.simulation_manager | Progress | frame=2840 | agents=31
2026-03-06 10:05:33,268 | INFO | evac_sim.simulation.simulation_manager | Progress | frame=2850 | agents=31
2026-03-06 10:05:33,303 | INFO | evac_sim.simulation.simulation_manager | Progress | frame=2860 | agents=31
2026-03-06 10:05:33,324 | INFO | evac_sim.simulation.simulation_manager | Progress | frame=2870 | agents=31
2026-03-06 10:05:33,345 | INFO | evac_sim.simulation.simulation_manager | Progress | frame=2880 | agents=31
2026-03-06 10:05:33,367 | INFO | evac_sim.simulation.simulation_manager | Progress | frame=2890 | agents=31
2026-03-06 10:05:33,387 | INFO | evac_sim.simulation.simulation_manager | Progress | frame=2900 | agents=31
2026-03-06 10:05:33,422 | INFO | evac_sim.simulation.simulation_manager | Progress | frame=2910 | agents=30
2026-03-06 10:05:33,442 | INFO | evac_sim.simulation.simulation_manager | Progress | frame=2920 | agents=30
2026-03-06 10:05:33,463 | INFO | evac_sim.simulation.simulation_manager | Progress | frame=2930 | agents=30
2026-03-06 10:05:33,484 | INFO | evac_sim.simulation.simulation_manager | Progress | frame=2940 | agents=30
2026-03-06 10:05:33,504 | INFO | evac_sim.simulation.simulation_manager | Progress | frame=2950 | agents=30
2026-03-06 10:05:33,539 | INFO | evac_sim.simulation.simulation_manager | Progress | frame=2960 | agents=30
2026-03-06 10:05:33,560 | INFO | evac_sim.simulation.simulation_manager | Progress | frame=2970 | agents=29
2026-03-06 10:05:33,582 | INFO | evac_sim.simulation.simulation_manager | Progress | frame=2980 | agents=29
2026-03-06 10:05:33,605 | INFO | evac_sim.simulation.simulation_manager | Progress | frame=2990 | agents=29
2026-03-06 10:05:33,627 | INFO | evac_sim.simulation.simulation_manager | Progress | frame=3000 | agents=29
2026-03-06 10:05:33,662 | INFO | evac_sim.simulation.simulation_manager | Progress | frame=3010 | agents=29
2026-03-06 10:05:33,681 | INFO | evac_sim.simulation.simulation_manager | Progress | frame=3020 | agents=29
2026-03-06 10:05:33,701 | INFO | evac_sim.simulation.simulation_manager | Progress | frame=3030 | agents=28
2026-03-06 10:05:33,721 | INFO | evac_sim.simulation.simulation_manager | Progress | frame=3040 | agents=28
2026-03-06 10:05:33,740 | INFO | evac_sim.simulation.simulation_manager | Progress | frame=3050 | agents=28
2026-03-06 10:05:33,775 | INFO | evac_sim.simulation.simulation_manager | Progress | frame=3060 | agents=28
2026-03-06 10:05:33,796 | INFO | evac_sim.simulation.simulation_manager | Progress | frame=3070 | agents=28
2026-03-06 10:05:33,815 | INFO | evac_sim.simulation.simulation_manager | Progress | frame=3080 | agents=27
2026-03-06 10:05:33,834 | INFO | evac_sim.simulation.simulation_manager | Progress | frame=3090 | agents=27
2026-03-06 10:05:33,854 | INFO | evac_sim.simulation.simulation_manager | Progress | frame=3100 | agents=27
2026-03-06 10:05:33,889 | INFO | evac_sim.simulation.simulation_manager | Progress | frame=3110 | agents=27
2026-03-06 10:05:33,911 | INFO | evac_sim.simulation.simulation_manager | Progress | frame=3120 | agents=27
2026-03-06 10:05:33,934 | INFO | evac_sim.simulation.simulation_manager | Progress | frame=3130 | agents=27
2026-03-06 10:05:33,957 | INFO | evac_sim.simulation.simulation_manager | Progress | frame=3140 | agents=27
2026-03-06 10:05:33,981 | INFO | evac_sim.simulation.simulation_manager | Progress | frame=3150 | agents=27
2026-03-06 10:05:34,022 | INFO | evac_sim.simulation.simulation_manager | Progress | frame=3160 | agents=27
2026-03-06 10:05:34,045 | INFO | evac_sim.simulation.simulation_manager | Progress | frame=3170 | agents=27
2026-03-06 10:05:34,068 | INFO | evac_sim.simulation.simulation_manager | Progress | frame=3180 | agents=27
2026-03-06 10:05:34,090 | INFO | evac_sim.simulation.simulation_manager | Progress | frame=3190 | agents=27
2026-03-06 10:05:34,115 | INFO | evac_sim.simulation.simulation_manager | Progress | frame=3200 | agents=27
2026-03-06 10:05:34,158 | INFO | evac_sim.simulation.simulation_manager | Progress | frame=3210 | agents=27
2026-03-06 10:05:34,186 | INFO | evac_sim.simulation.simulation_manager | Progress | frame=3220 | agents=27
2026-03-06 10:05:34,209 | INFO | evac_sim.simulation.simulation_manager | Progress | frame=3230 | agents=27
2026-03-06 10:05:34,232 | INFO | evac_sim.simulation.simulation_manager | Progress | frame=3240 | agents=27
2026-03-06 10:05:34,255 | INFO | evac_sim.simulation.simulation_manager | Progress | frame=3250 | agents=27
2026-03-06 10:05:34,295 | INFO | evac_sim.simulation.simulation_manager | Progress | frame=3260 | agents=27
2026-03-06 10:05:34,317 | INFO | evac_sim.simulation.simulation_manager | Progress | frame=3270 | agents=27
2026-03-06 10:05:34,338 | INFO | evac_sim.simulation.simulation_manager | Progress | frame=3280 | agents=27
2026-03-06 10:05:34,358 | INFO | evac_sim.simulation.simulation_manager | Progress | frame=3290 | agents=27
2026-03-06 10:05:34,378 | INFO | evac_sim.simulation.simulation_manager | Progress | frame=3300 | agents=27
2026-03-06 10:05:34,411 | INFO | evac_sim.simulation.simulation_manager | Progress | frame=3310 | agents=27
2026-03-06 10:05:34,431 | INFO | evac_sim.simulation.simulation_manager | Progress | frame=3320 | agents=27
2026-03-06 10:05:34,451 | INFO | evac_sim.simulation.simulation_manager | Progress | frame=3330 | agents=26
2026-03-06 10:05:34,470 | INFO | evac_sim.simulation.simulation_manager | Progress | frame=3340 | agents=26
2026-03-06 10:05:34,490 | INFO | evac_sim.simulation.simulation_manager | Progress | frame=3350 | agents=26
2026-03-06 10:05:34,520 | INFO | evac_sim.simulation.simulation_manager | Progress | frame=3360 | agents=26
2026-03-06 10:05:34,540 | INFO | evac_sim.simulation.simulation_manager | Progress | frame=3370 | agents=26
2026-03-06 10:05:34,559 | INFO | evac_sim.simulation.simulation_manager | Progress | frame=3380 | agents=26
2026-03-06 10:05:34,578 | INFO | evac_sim.simulation.simulation_manager | Progress | frame=3390 | agents=26
2026-03-06 10:05:34,598 | INFO | evac_sim.simulation.simulation_manager | Progress | frame=3400 | agents=26
2026-03-06 10:05:34,629 | INFO | evac_sim.simulation.simulation_manager | Progress | frame=3410 | agents=26
2026-03-06 10:05:34,650 | INFO | evac_sim.simulation.simulation_manager | Progress | frame=3420 | agents=26
2026-03-06 10:05:34,669 | INFO | evac_sim.simulation.simulation_manager | Progress | frame=3430 | agents=26
2026-03-06 10:05:34,688 | INFO | evac_sim.simulation.simulation_manager | Progress | frame=3440 | agents=26
2026-03-06 10:05:34,706 | INFO | evac_sim.simulation.simulation_manager | Progress | frame=3450 | agents=26
2026-03-06 10:05:34,737 | INFO | evac_sim.simulation.simulation_manager | Progress | frame=3460 | agents=26
2026-03-06 10:05:34,758 | INFO | evac_sim.simulation.simulation_manager | Progress | frame=3470 | agents=26
2026-03-06 10:05:34,777 | INFO | evac_sim.simulation.simulation_manager | Progress | frame=3480 | agents=26
2026-03-06 10:05:34,797 | INFO | evac_sim.simulation.simulation_manager | Progress | frame=3490 | agents=26
2026-03-06 10:05:34,816 | INFO | evac_sim.simulation.simulation_manager | Progress | frame=3500 | agents=26
2026-03-06 10:05:34,848 | INFO | evac_sim.simulation.simulation_manager | Progress | frame=3510 | agents=26
2026-03-06 10:05:34,867 | INFO | evac_sim.simulation.simulation_manager | Progress | frame=3520 | agents=26
2026-03-06 10:05:34,887 | INFO | evac_sim.simulation.simulation_manager | Progress | frame=3530 | agents=26
2026-03-06 10:05:34,907 | INFO | evac_sim.simulation.simulation_manager | Progress | frame=3540 | agents=26
2026-03-06 10:05:34,926 | INFO | evac_sim.simulation.simulation_manager | Progress | frame=3550 | agents=26
2026-03-06 10:05:34,958 | INFO | evac_sim.simulation.simulation_manager | Progress | frame=3560 | agents=26
2026-03-06 10:05:34,978 | INFO | evac_sim.simulation.simulation_manager | Progress | frame=3570 | agents=26
2026-03-06 10:05:34,998 | INFO | evac_sim.simulation.simulation_manager | Progress | frame=3580 | agents=26
2026-03-06 10:05:35,018 | INFO | evac_sim.simulation.simulation_manager | Progress | frame=3590 | agents=26
2026-03-06 10:05:35,038 | INFO | evac_sim.simulation.simulation_manager | Progress | frame=3600 | agents=26
2026-03-06 10:05:35,068 | INFO | evac_sim.simulation.simulation_manager | Progress | frame=3610 | agents=26
2026-03-06 10:05:35,089 | INFO | evac_sim.simulation.simulation_manager | Progress | frame=3620 | agents=26
2026-03-06 10:05:35,109 | INFO | evac_sim.simulation.simulation_manager | Progress | frame=3630 | agents=26
2026-03-06 10:05:35,131 | INFO | evac_sim.simulation.simulation_manager | Progress | frame=3640 | agents=26
2026-03-06 10:05:35,150 | INFO | evac_sim.simulation.simulation_manager | Progress | frame=3650 | agents=26
2026-03-06 10:05:35,180 | INFO | evac_sim.simulation.simulation_manager | Progress | frame=3660 | agents=26
2026-03-06 10:05:35,199 | INFO | evac_sim.simulation.simulation_manager | Progress | frame=3670 | agents=26
2026-03-06 10:05:35,219 | INFO | evac_sim.simulation.simulation_manager | Progress | frame=3680 | agents=26
2026-03-06 10:05:35,239 | INFO | evac_sim.simulation.simulation_manager | Progress | frame=3690 | agents=26
2026-03-06 10:05:35,258 | INFO | evac_sim.simulation.simulation_manager | Progress | frame=3700 | agents=26
2026-03-06 10:05:35,288 | INFO | evac_sim.simulation.simulation_manager | Progress | frame=3710 | agents=26
2026-03-06 10:05:35,308 | INFO | evac_sim.simulation.simulation_manager | Progress | frame=3720 | agents=26
2026-03-06 10:05:35,328 | INFO | evac_sim.simulation.simulation_manager | Progress | frame=3730 | agents=26
2026-03-06 10:05:35,348 | INFO | evac_sim.simulation.simulation_manager | Progress | frame=3740 | agents=25
2026-03-06 10:05:35,368 | INFO | evac_sim.simulation.simulation_manager | Progress | frame=3750 | agents=25
2026-03-06 10:05:35,399 | INFO | evac_sim.simulation.simulation_manager | Progress | frame=3760 | agents=25
2026-03-06 10:05:35,419 | INFO | evac_sim.simulation.simulation_manager | Progress | frame=3770 | agents=25
2026-03-06 10:05:35,438 | INFO | evac_sim.simulation.simulation_manager | Progress | frame=3780 | agents=25
2026-03-06 10:05:35,458 | INFO | evac_sim.simulation.simulation_manager | Progress | frame=3790 | agents=24
2026-03-06 10:05:35,477 | INFO | evac_sim.simulation.simulation_manager | Progress | frame=3800 | agents=24
2026-03-06 10:05:35,509 | INFO | evac_sim.simulation.simulation_manager | Progress | frame=3810 | agents=24
2026-03-06 10:05:35,529 | INFO | evac_sim.simulation.simulation_manager | Progress | frame=3820 | agents=24
2026-03-06 10:05:35,547 | INFO | evac_sim.simulation.simulation_manager | Progress | frame=3830 | agents=24
2026-03-06 10:05:35,567 | INFO | evac_sim.simulation.simulation_manager | Progress | frame=3840 | agents=23
2026-03-06 10:05:35,586 | INFO | evac_sim.simulation.simulation_manager | Progress | frame=3850 | agents=23
2026-03-06 10:05:35,618 | INFO | evac_sim.simulation.simulation_manager | Progress | frame=3860 | agents=23
2026-03-06 10:05:35,638 | INFO | evac_sim.simulation.simulation_manager | Progress | frame=3870 | agents=23
2026-03-06 10:05:35,657 | INFO | evac_sim.simulation.simulation_manager | Progress | frame=3880 | agents=22
2026-03-06 10:05:35,676 | INFO | evac_sim.simulation.simulation_manager | Progress | frame=3890 | agents=22
2026-03-06 10:05:35,695 | INFO | evac_sim.simulation.simulation_manager | Progress | frame=3900 | agents=22
2026-03-06 10:05:35,725 | INFO | evac_sim.simulation.simulation_manager | Progress | frame=3910 | agents=22
2026-03-06 10:05:35,746 | INFO | evac_sim.simulation.simulation_manager | Progress | frame=3920 | agents=22
2026-03-06 10:05:35,764 | INFO | evac_sim.simulation.simulation_manager | Progress | frame=3930 | agents=21
2026-03-06 10:05:35,784 | INFO | evac_sim.simulation.simulation_manager | Progress | frame=3940 | agents=21
2026-03-06 10:05:35,803 | INFO | evac_sim.simulation.simulation_manager | Progress | frame=3950 | agents=21
2026-03-06 10:05:35,833 | INFO | evac_sim.simulation.simulation_manager | Progress | frame=3960 | agents=21
2026-03-06 10:05:35,853 | INFO | evac_sim.simulation.simulation_manager | Progress | frame=3970 | agents=20
2026-03-06 10:05:35,872 | INFO | evac_sim.simulation.simulation_manager | Progress | frame=3980 | agents=20
2026-03-06 10:05:35,894 | INFO | evac_sim.simulation.simulation_manager | Progress | frame=3990 | agents=20
2026-03-06 10:05:35,913 | INFO | evac_sim.simulation.simulation_manager | Progress | frame=4000 | agents=20
2026-03-06 10:05:35,941 | INFO | evac_sim.simulation.simulation_manager | Progress | frame=4010 | agents=20
2026-03-06 10:05:35,959 | INFO | evac_sim.simulation.simulation_manager | Progress | frame=4020 | agents=20
2026-03-06 10:05:35,979 | INFO | evac_sim.simulation.simulation_manager | Progress | frame=4030 | agents=20
2026-03-06 10:05:35,999 | INFO | evac_sim.simulation.simulation_manager | Progress | frame=4040 | agents=20
2026-03-06 10:05:36,018 | INFO | evac_sim.simulation.simulation_manager | Progress | frame=4050 | agents=20
2026-03-06 10:05:36,046 | INFO | evac_sim.simulation.simulation_manager | Progress | frame=4060 | agents=19
2026-03-06 10:05:36,065 | INFO | evac_sim.simulation.simulation_manager | Progress | frame=4070 | agents=19
2026-03-06 10:05:36,084 | INFO | evac_sim.simulation.simulation_manager | Progress | frame=4080 | agents=19
2026-03-06 10:05:36,104 | INFO | evac_sim.simulation.simulation_manager | Progress | frame=4090 | agents=19
2026-03-06 10:05:36,123 | INFO | evac_sim.simulation.simulation_manager | Progress | frame=4100 | agents=19
2026-03-06 10:05:36,150 | INFO | evac_sim.simulation.simulation_manager | Progress | frame=4110 | agents=18
2026-03-06 10:05:36,170 | INFO | evac_sim.simulation.simulation_manager | Progress | frame=4120 | agents=18
2026-03-06 10:05:36,190 | INFO | evac_sim.simulation.simulation_manager | Progress | frame=4130 | agents=18
2026-03-06 10:05:36,211 | INFO | evac_sim.simulation.simulation_manager | Progress | frame=4140 | agents=18
2026-03-06 10:05:36,229 | INFO | evac_sim.simulation.simulation_manager | Progress | frame=4150 | agents=18
2026-03-06 10:05:36,257 | INFO | evac_sim.simulation.simulation_manager | Progress | frame=4160 | agents=17
2026-03-06 10:05:36,282 | INFO | evac_sim.simulation.simulation_manager | Progress | frame=4170 | agents=17
2026-03-06 10:05:36,306 | INFO | evac_sim.simulation.simulation_manager | Progress | frame=4180 | agents=17
2026-03-06 10:05:36,326 | INFO | evac_sim.simulation.simulation_manager | Progress | frame=4190 | agents=17
2026-03-06 10:05:36,345 | INFO | evac_sim.simulation.simulation_manager | Progress | frame=4200 | agents=16
2026-03-06 10:05:36,372 | INFO | evac_sim.simulation.simulation_manager | Progress | frame=4210 | agents=16
2026-03-06 10:05:36,392 | INFO | evac_sim.simulation.simulation_manager | Progress | frame=4220 | agents=16
2026-03-06 10:05:36,411 | INFO | evac_sim.simulation.simulation_manager | Progress | frame=4230 | agents=16
2026-03-06 10:05:36,430 | INFO | evac_sim.simulation.simulation_manager | Progress | frame=4240 | agents=16
2026-03-06 10:05:36,449 | INFO | evac_sim.simulation.simulation_manager | Progress | frame=4250 | agents=15
2026-03-06 10:05:36,475 | INFO | evac_sim.simulation.simulation_manager | Progress | frame=4260 | agents=15
2026-03-06 10:05:36,496 | INFO | evac_sim.simulation.simulation_manager | Progress | frame=4270 | agents=15
2026-03-06 10:05:36,515 | INFO | evac_sim.simulation.simulation_manager | Progress | frame=4280 | agents=15
2026-03-06 10:05:36,534 | INFO | evac_sim.simulation.simulation_manager | Progress | frame=4290 | agents=14
2026-03-06 10:05:36,554 | INFO | evac_sim.simulation.simulation_manager | Progress | frame=4300 | agents=14
2026-03-06 10:05:36,581 | INFO | evac_sim.simulation.simulation_manager | Progress | frame=4310 | agents=14
2026-03-06 10:05:36,600 | INFO | evac_sim.simulation.simulation_manager | Progress | frame=4320 | agents=14
2026-03-06 10:05:36,619 | INFO | evac_sim.simulation.simulation_manager | Progress | frame=4330 | agents=14
2026-03-06 10:05:36,637 | INFO | evac_sim.simulation.simulation_manager | Progress | frame=4340 | agents=13
2026-03-06 10:05:36,655 | INFO | evac_sim.simulation.simulation_manager | Progress | frame=4350 | agents=13
2026-03-06 10:05:36,683 | INFO | evac_sim.simulation.simulation_manager | Progress | frame=4360 | agents=13
2026-03-06 10:05:36,701 | INFO | evac_sim.simulation.simulation_manager | Progress | frame=4370 | agents=13
2026-03-06 10:05:36,720 | INFO | evac_sim.simulation.simulation_manager | Progress | frame=4380 | agents=12
2026-03-06 10:05:36,739 | INFO | evac_sim.simulation.simulation_manager | Progress | frame=4390 | agents=12
2026-03-06 10:05:36,757 | INFO | evac_sim.simulation.simulation_manager | Progress | frame=4400 | agents=12
2026-03-06 10:05:36,783 | INFO | evac_sim.simulation.simulation_manager | Progress | frame=4410 | agents=12
2026-03-06 10:05:36,803 | INFO | evac_sim.simulation.simulation_manager | Progress | frame=4420 | agents=12
2026-03-06 10:05:36,821 | INFO | evac_sim.simulation.simulation_manager | Progress | frame=4430 | agents=11
2026-03-06 10:05:36,839 | INFO | evac_sim.simulation.simulation_manager | Progress | frame=4440 | agents=11
2026-03-06 10:05:36,859 | INFO | evac_sim.simulation.simulation_manager | Progress | frame=4450 | agents=11
2026-03-06 10:05:36,885 | INFO | evac_sim.simulation.simulation_manager | Progress | frame=4460 | agents=11
2026-03-06 10:05:36,903 | INFO | evac_sim.simulation.simulation_manager | Progress | frame=4470 | agents=11
2026-03-06 10:05:36,921 | INFO | evac_sim.simulation.simulation_manager | Progress | frame=4480 | agents=10
2026-03-06 10:05:36,940 | INFO | evac_sim.simulation.simulation_manager | Progress | frame=4490 | agents=10
2026-03-06 10:05:36,962 | INFO | evac_sim.simulation.simulation_manager | Progress | frame=4500 | agents=10
2026-03-06 10:05:36,989 | INFO | evac_sim.simulation.simulation_manager | Progress | frame=4510 | agents=10
2026-03-06 10:05:37,008 | INFO | evac_sim.simulation.simulation_manager | Progress | frame=4520 | agents=9
2026-03-06 10:05:37,033 | INFO | evac_sim.simulation.simulation_manager | Progress | frame=4530 | agents=9
2026-03-06 10:05:37,052 | INFO | evac_sim.simulation.simulation_manager | Progress | frame=4540 | agents=9
2026-03-06 10:05:37,070 | INFO | evac_sim.simulation.simulation_manager | Progress | frame=4550 | agents=9
2026-03-06 10:05:37,097 | INFO | evac_sim.simulation.simulation_manager | Progress | frame=4560 | agents=9
2026-03-06 10:05:37,115 | INFO | evac_sim.simulation.simulation_manager | Progress | frame=4570 | agents=8
2026-03-06 10:05:37,134 | INFO | evac_sim.simulation.simulation_manager | Progress | frame=4580 | agents=8
2026-03-06 10:05:37,153 | INFO | evac_sim.simulation.simulation_manager | Progress | frame=4590 | agents=8
2026-03-06 10:05:37,172 | INFO | evac_sim.simulation.simulation_manager | Progress | frame=4600 | agents=8
2026-03-06 10:05:37,199 | INFO | evac_sim.simulation.simulation_manager | Progress | frame=4610 | agents=7
2026-03-06 10:05:37,217 | INFO | evac_sim.simulation.simulation_manager | Progress | frame=4620 | agents=7
2026-03-06 10:05:37,235 | INFO | evac_sim.simulation.simulation_manager | Progress | frame=4630 | agents=7
2026-03-06 10:05:37,253 | INFO | evac_sim.simulation.simulation_manager | Progress | frame=4640 | agents=7
2026-03-06 10:05:37,284 | INFO | evac_sim.simulation.simulation_manager | Progress | frame=4650 | agents=7
2026-03-06 10:05:37,330 | INFO | evac_sim.simulation.simulation_manager | Progress | frame=4660 | agents=6
2026-03-06 10:05:37,362 | INFO | evac_sim.simulation.simulation_manager | Progress | frame=4670 | agents=6
2026-03-06 10:05:37,397 | INFO | evac_sim.simulation.simulation_manager | Progress | frame=4680 | agents=6
2026-03-06 10:05:37,428 | INFO | evac_sim.simulation.simulation_manager | Progress | frame=4690 | agents=6
2026-03-06 10:05:37,463 | INFO | evac_sim.simulation.simulation_manager | Progress | frame=4700 | agents=6
2026-03-06 10:05:37,515 | INFO | evac_sim.simulation.simulation_manager | Progress | frame=4710 | agents=5
2026-03-06 10:05:37,549 | INFO | evac_sim.simulation.simulation_manager | Progress | frame=4720 | agents=5
2026-03-06 10:05:37,568 | INFO | evac_sim.simulation.simulation_manager | Progress | frame=4730 | agents=5
2026-03-06 10:05:37,587 | INFO | evac_sim.simulation.simulation_manager | Progress | frame=4740 | agents=5
2026-03-06 10:05:37,608 | INFO | evac_sim.simulation.simulation_manager | Progress | frame=4750 | agents=5
2026-03-06 10:05:37,635 | INFO | evac_sim.simulation.simulation_manager | Progress | frame=4760 | agents=5
2026-03-06 10:05:37,654 | INFO | evac_sim.simulation.simulation_manager | Progress | frame=4770 | agents=4
2026-03-06 10:05:37,675 | INFO | evac_sim.simulation.simulation_manager | Progress | frame=4780 | agents=4
2026-03-06 10:05:37,721 | INFO | evac_sim.simulation.simulation_manager | Progress | frame=4790 | agents=4
2026-03-06 10:05:37,803 | INFO | evac_sim.simulation.simulation_manager | Progress | frame=4800 | agents=4
2026-03-06 10:05:38,016 | INFO | evac_sim.simulation.simulation_manager | Progress | frame=4810 | agents=4
2026-03-06 10:05:38,243 | INFO | evac_sim.simulation.simulation_manager | Progress | frame=4820 | agents=3
2026-03-06 10:05:38,457 | INFO | evac_sim.simulation.simulation_manager | Progress | frame=4830 | agents=3
2026-03-06 10:05:38,518 | INFO | evac_sim.simulation.simulation_manager | Progress | frame=4840 | agents=3
2026-03-06 10:05:38,563 | INFO | evac_sim.simulation.simulation_manager | Progress | frame=4850 | agents=3
2026-03-06 10:05:38,662 | INFO | evac_sim.simulation.simulation_manager | Progress | frame=4860 | agents=3
2026-03-06 10:05:38,715 | INFO | evac_sim.simulation.simulation_manager | Progress | frame=4870 | agents=3
2026-03-06 10:05:38,755 | INFO | evac_sim.simulation.simulation_manager | Progress | frame=4880 | agents=2
2026-03-06 10:05:38,832 | INFO | evac_sim.simulation.simulation_manager | Progress | frame=4890 | agents=2
2026-03-06 10:05:38,865 | INFO | evac_sim.simulation.simulation_manager | Progress | frame=4900 | agents=2
2026-03-06 10:05:38,908 | INFO | evac_sim.simulation.simulation_manager | Progress | frame=4910 | agents=2
2026-03-06 10:05:38,947 | INFO | evac_sim.simulation.simulation_manager | Progress | frame=4920 | agents=2
2026-03-06 10:05:38,984 | INFO | evac_sim.simulation.simulation_manager | Progress | frame=4930 | agents=1
2026-03-06 10:05:39,022 | INFO | evac_sim.simulation.simulation_manager | Progress | frame=4940 | agents=1
2026-03-06 10:05:39,061 | INFO | evac_sim.simulation.simulation_manager | Progress | frame=4950 | agents=1
2026-03-06 10:05:39,099 | INFO | evac_sim.simulation.simulation_manager | Progress | frame=4960 | agents=1
2026-03-06 10:05:39,130 | INFO | evac_sim.simulation.simulation_manager | Progress | frame=4970 | agents=1
2026-03-06 10:05:39,160 | INFO | evac_sim.simulation.simulation_manager | Progress | frame=4980 | agents=1
2026-03-06 10:05:39,164 | INFO | evac_sim.simulation.simulation_manager | Simulation end | last_frame=4981
2026-03-06 10:05:39,204 | INFO | evac_sim.runner | Metrics preview | mode=3 group=82 agents=5 min=13545.000 avg=14335.200 median=14454.000 p90=14878.200 max=14943.000
2026-03-06 10:05:39,220 | INFO | evac_sim.runner | Metrics preview | mode=3 group=83 agents=5 min=12864.000 avg=13745.400 median=13680.000 p90=14488.200 max=14619.000
2026-03-06 10:05:39,240 | INFO | evac_sim.runner | Metrics preview | mode=3 group=73 agents=6 min=11211.000 avg=11560.500 median=11562.000 p90=11838.000 max=11907.000
2026-03-06 10:05:39,258 | INFO | evac_sim.runner | Metrics preview | mode=3 group=77 agents=6 min=8472.000 avg=9057.500 median=8976.000 p90=9600.000 max=9975.000
2026-03-06 10:05:39,282 | INFO | evac_sim.runner | Metrics preview | mode=3 group=92 agents=10 min=12171.000 avg=12973.800 median=12862.500 p90=13848.900 max=14127.000
2026-03-06 10:05:39,285 | INFO | evac_sim.runner | Finished mode=3
2026-03-06 10:05:39,293 | INFO | evac_sim.runner | Exported CSV: C:\Users\aserr\Documents\Evacuation_Simulation\runs\2026-03-06_100443_representative_case\artifacts\experiments.csv
2026-03-06 10:05:39,293 | INFO | evac_sim.runner | Exported CSV: C:\Users\aserr\Documents\Evacuation_Simulation\runs\2026-03-06_100443_representative_case\artifacts\experiment_metrics.csv
2026-03-06 10:05:39,295 | INFO | evac_sim.runner | Experiment finished OK (case_id=representative_case)
