2026-03-05 12:32:12,471 | INFO | evac_sim.runner | project_root = C:\Users\aserr\Documents\Evacuation_Simulation
2026-03-05 12:32:12,471 | INFO | evac_sim.runner | config_file  = C:\Users\aserr\Documents\Evacuation_Simulation\configs\study.yaml
2026-03-05 12:32:12,472 | INFO | evac_sim.runner | case_id      = representative_case
2026-03-05 12:32:12,472 | INFO | evac_sim.runner | run_dir      = C:\Users\aserr\Documents\Evacuation_Simulation\runs\2026-03-05_123212_representative_case
2026-03-05 12:32:12,525 | INFO | evac_sim.runner | Simulating risks: iterations=7000 seed=233
2026-03-05 12:32:12,944 | INFO | evac_sim.runner | Mode start | mode=0 env=Cruise_Ship case=unknown
2026-03-05 12:32:14,651 | INFO | evac_sim.simulation.simulation_manager | Simulation start | agents=32
2026-03-05 12:32:14,691 | INFO | evac_sim.simulation.simulation_manager | Progress | frame=10 | agents=32
2026-03-05 12:32:14,711 | INFO | evac_sim.simulation.simulation_manager | Progress | frame=20 | agents=32
2026-03-05 12:32:14,731 | INFO | evac_sim.simulation.simulation_manager | Progress | frame=30 | agents=32
2026-03-05 12:32:14,753 | INFO | evac_sim.simulation.simulation_manager | Progress | frame=40 | agents=32
2026-03-05 12:32:14,775 | INFO | evac_sim.simulation.simulation_manager | Progress | frame=50 | agents=32
2026-03-05 12:32:14,810 | INFO | evac_sim.simulation.simulation_manager | Progress | frame=60 | agents=32
2026-03-05 12:32:14,831 | INFO | evac_sim.simulation.simulation_manager | Progress | frame=70 | agents=32
2026-03-05 12:32:14,852 | INFO | evac_sim.simulation.simulation_manager | Progress | frame=80 | agents=32
2026-03-05 12:32:14,873 | INFO | evac_sim.simulation.simulation_manager | Progress | frame=90 | agents=32
2026-03-05 12:32:14,894 | INFO | evac_sim.simulation.simulation_manager | Progress | frame=100 | agents=32
2026-03-05 12:32:14,928 | INFO | evac_sim.simulation.simulation_manager | Progress | frame=110 | agents=32
2026-03-05 12:32:14,949 | INFO | evac_sim.simulation.simulation_manager | Progress | frame=120 | agents=32
2026-03-05 12:32:14,971 | INFO | evac_sim.simulation.simulation_manager | Progress | frame=130 | agents=32
2026-03-05 12:32:14,993 | INFO | evac_sim.simulation.simulation_manager | Progress | frame=140 | agents=32
2026-03-05 12:32:15,016 | INFO | evac_sim.simulation.simulation_manager | Progress | frame=150 | agents=32
2026-03-05 12:32:15,051 | INFO | evac_sim.simulation.simulation_manager | Progress | frame=160 | agents=32
2026-03-05 12:32:15,072 | INFO | evac_sim.simulation.simulation_manager | Progress | frame=170 | agents=32
2026-03-05 12:32:15,094 | INFO | evac_sim.simulation.simulation_manager | Progress | frame=180 | agents=32
2026-03-05 12:32:15,115 | INFO | evac_sim.simulation.simulation_manager | Progress | frame=190 | agents=32
2026-03-05 12:32:15,138 | INFO | evac_sim.simulation.simulation_manager | Progress | frame=200 | agents=32
2026-03-05 12:32:15,173 | INFO | evac_sim.simulation.simulation_manager | Progress | frame=210 | agents=32
2026-03-05 12:32:15,194 | INFO | evac_sim.simulation.simulation_manager | Progress | frame=220 | agents=32
2026-03-05 12:32:15,216 | INFO | evac_sim.simulation.simulation_manager | Progress | frame=230 | agents=32
2026-03-05 12:32:15,238 | INFO | evac_sim.simulation.simulation_manager | Progress | frame=240 | agents=32
2026-03-05 12:32:15,259 | INFO | evac_sim.simulation.simulation_manager | Progress | frame=250 | agents=32
2026-03-05 12:32:15,296 | INFO | evac_sim.simulation.simulation_manager | Progress | frame=260 | agents=32
2026-03-05 12:32:15,316 | INFO | evac_sim.simulation.simulation_manager | Progress | frame=270 | agents=32
2026-03-05 12:32:15,338 | INFO | evac_sim.simulation.simulation_manager | Progress | frame=280 | agents=32
2026-03-05 12:32:15,360 | INFO | evac_sim.simulation.simulation_manager | Progress | frame=290 | agents=32
2026-03-05 12:32:15,380 | INFO | evac_sim.simulation.simulation_manager | Progress | frame=300 | agents=32
2026-03-05 12:32:15,415 | INFO | evac_sim.simulation.simulation_manager | Progress | frame=310 | agents=32
2026-03-05 12:32:15,438 | INFO | evac_sim.simulation.simulation_manager | Progress | frame=320 | agents=32
2026-03-05 12:32:15,459 | INFO | evac_sim.simulation.simulation_manager | Progress | frame=330 | agents=32
2026-03-05 12:32:15,479 | INFO | evac_sim.simulation.simulation_manager | Progress | frame=340 | agents=32
2026-03-05 12:32:15,500 | INFO | evac_sim.simulation.simulation_manager | Progress | frame=350 | agents=32
2026-03-05 12:32:15,534 | INFO | evac_sim.simulation.simulation_manager | Progress | frame=360 | agents=32
2026-03-05 12:32:15,554 | INFO | evac_sim.simulation.simulation_manager | Progress | frame=370 | agents=32
2026-03-05 12:32:15,576 | INFO | evac_sim.simulation.simulation_manager | Progress | frame=380 | agents=32
2026-03-05 12:32:15,596 | INFO | evac_sim.simulation.simulation_manager | Progress | frame=390 | agents=32
2026-03-05 12:32:15,618 | INFO | evac_sim.simulation.simulation_manager | Progress | frame=400 | agents=32
2026-03-05 12:32:15,653 | INFO | evac_sim.simulation.simulation_manager | Progress | frame=410 | agents=32
2026-03-05 12:32:15,674 | INFO | evac_sim.simulation.simulation_manager | Progress | frame=420 | agents=32
2026-03-05 12:32:15,695 | INFO | evac_sim.simulation.simulation_manager | Progress | frame=430 | agents=32
2026-03-05 12:32:15,716 | INFO | evac_sim.simulation.simulation_manager | Progress | frame=440 | agents=32
2026-03-05 12:32:15,736 | INFO | evac_sim.simulation.simulation_manager | Progress | frame=450 | agents=32
2026-03-05 12:32:15,771 | INFO | evac_sim.simulation.simulation_manager | Progress | frame=460 | agents=32
2026-03-05 12:32:15,793 | INFO | evac_sim.simulation.simulation_manager | Progress | frame=470 | agents=32
2026-03-05 12:32:15,812 | INFO | evac_sim.simulation.simulation_manager | Progress | frame=480 | agents=32
2026-03-05 12:32:15,834 | INFO | evac_sim.simulation.simulation_manager | Progress | frame=490 | agents=32
2026-03-05 12:32:15,855 | INFO | evac_sim.simulation.simulation_manager | Progress | frame=500 | agents=32
2026-03-05 12:32:16,119 | INFO | evac_sim.simulation.simulation_manager | Reroute applied | frame=500 | group=77 | agents=6 | curr=23 next=7 | old_len=40 new_len=48
2026-03-05 12:32:16,144 | INFO | evac_sim.simulation.simulation_manager | Progress | frame=510 | agents=32
2026-03-05 12:32:16,166 | INFO | evac_sim.simulation.simulation_manager | Progress | frame=520 | agents=32
2026-03-05 12:32:16,187 | INFO | evac_sim.simulation.simulation_manager | Progress | frame=530 | agents=32
2026-03-05 12:32:16,209 | INFO | evac_sim.simulation.simulation_manager | Progress | frame=540 | agents=32
2026-03-05 12:32:16,230 | INFO | evac_sim.simulation.simulation_manager | Progress | frame=550 | agents=32
2026-03-05 12:32:16,265 | INFO | evac_sim.simulation.simulation_manager | Progress | frame=560 | agents=32
2026-03-05 12:32:16,285 | INFO | evac_sim.simulation.simulation_manager | Progress | frame=570 | agents=32
2026-03-05 12:32:16,306 | INFO | evac_sim.simulation.simulation_manager | Progress | frame=580 | agents=32
2026-03-05 12:32:16,327 | INFO | evac_sim.simulation.simulation_manager | Progress | frame=590 | agents=32
2026-03-05 12:32:16,348 | INFO | evac_sim.simulation.simulation_manager | Progress | frame=600 | agents=32
2026-03-05 12:32:16,382 | INFO | evac_sim.simulation.simulation_manager | Progress | frame=610 | agents=32
2026-03-05 12:32:16,403 | INFO | evac_sim.simulation.simulation_manager | Progress | frame=620 | agents=32
2026-03-05 12:32:16,424 | INFO | evac_sim.simulation.simulation_manager | Progress | frame=630 | agents=32
2026-03-05 12:32:16,447 | INFO | evac_sim.simulation.simulation_manager | Progress | frame=640 | agents=32
2026-03-05 12:32:16,468 | INFO | evac_sim.simulation.simulation_manager | Progress | frame=650 | agents=32
2026-03-05 12:32:16,502 | INFO | evac_sim.simulation.simulation_manager | Progress | frame=660 | agents=32
2026-03-05 12:32:16,523 | INFO | evac_sim.simulation.simulation_manager | Progress | frame=670 | agents=32
2026-03-05 12:32:16,544 | INFO | evac_sim.simulation.simulation_manager | Progress | frame=680 | agents=32
2026-03-05 12:32:16,564 | INFO | evac_sim.simulation.simulation_manager | Progress | frame=690 | agents=32
2026-03-05 12:32:16,585 | INFO | evac_sim.simulation.simulation_manager | Progress | frame=700 | agents=32
2026-03-05 12:32:16,619 | INFO | evac_sim.simulation.simulation_manager | Progress | frame=710 | agents=32
2026-03-05 12:32:16,640 | INFO | evac_sim.simulation.simulation_manager | Progress | frame=720 | agents=32
2026-03-05 12:32:16,661 | INFO | evac_sim.simulation.simulation_manager | Progress | frame=730 | agents=32
2026-03-05 12:32:16,682 | INFO | evac_sim.simulation.simulation_manager | Progress | frame=740 | agents=32
2026-03-05 12:32:16,701 | INFO | evac_sim.simulation.simulation_manager | Progress | frame=750 | agents=32
2026-03-05 12:32:16,736 | INFO | evac_sim.simulation.simulation_manager | Progress | frame=760 | agents=32
2026-03-05 12:32:16,757 | INFO | evac_sim.simulation.simulation_manager | Progress | frame=770 | agents=32
2026-03-05 12:32:16,776 | INFO | evac_sim.simulation.simulation_manager | Progress | frame=780 | agents=32
2026-03-05 12:32:16,799 | INFO | evac_sim.simulation.simulation_manager | Progress | frame=790 | agents=32
2026-03-05 12:32:16,819 | INFO | evac_sim.simulation.simulation_manager | Progress | frame=800 | agents=32
2026-03-05 12:32:16,833 | INFO | evac_sim.simulation.simulation_manager | Reroute applied | frame=800 | group=92 | agents=10 | curr=23 next=7 | old_len=43 new_len=51
2026-03-05 12:32:16,856 | INFO | evac_sim.simulation.simulation_manager | Progress | frame=810 | agents=32
2026-03-05 12:32:16,875 | INFO | evac_sim.simulation.simulation_manager | Progress | frame=820 | agents=32
2026-03-05 12:32:16,895 | INFO | evac_sim.simulation.simulation_manager | Progress | frame=830 | agents=32
2026-03-05 12:32:16,916 | INFO | evac_sim.simulation.simulation_manager | Progress | frame=840 | agents=32
2026-03-05 12:32:16,936 | INFO | evac_sim.simulation.simulation_manager | Progress | frame=850 | agents=32
2026-03-05 12:32:16,970 | INFO | evac_sim.simulation.simulation_manager | Progress | frame=860 | agents=32
2026-03-05 12:32:16,990 | INFO | evac_sim.simulation.simulation_manager | Progress | frame=870 | agents=32
2026-03-05 12:32:17,010 | INFO | evac_sim.simulation.simulation_manager | Progress | frame=880 | agents=32
2026-03-05 12:32:17,030 | INFO | evac_sim.simulation.simulation_manager | Progress | frame=890 | agents=32
2026-03-05 12:32:17,051 | INFO | evac_sim.simulation.simulation_manager | Progress | frame=900 | agents=32
2026-03-05 12:32:17,297 | INFO | evac_sim.simulation.simulation_manager | Reroute applied | frame=900 | group=82 | agents=5 | curr=10 next=9 | old_len=47 new_len=61
2026-03-05 12:32:17,330 | INFO | evac_sim.simulation.simulation_manager | Progress | frame=910 | agents=32
2026-03-05 12:32:17,351 | INFO | evac_sim.simulation.simulation_manager | Progress | frame=920 | agents=32
2026-03-05 12:32:17,373 | INFO | evac_sim.simulation.simulation_manager | Progress | frame=930 | agents=32
2026-03-05 12:32:17,392 | INFO | evac_sim.simulation.simulation_manager | Progress | frame=940 | agents=32
2026-03-05 12:32:17,414 | INFO | evac_sim.simulation.simulation_manager | Progress | frame=950 | agents=32
2026-03-05 12:32:17,447 | INFO | evac_sim.simulation.simulation_manager | Progress | frame=960 | agents=32
2026-03-05 12:32:17,469 | INFO | evac_sim.simulation.simulation_manager | Progress | frame=970 | agents=32
2026-03-05 12:32:17,491 | INFO | evac_sim.simulation.simulation_manager | Progress | frame=980 | agents=32
2026-03-05 12:32:17,511 | INFO | evac_sim.simulation.simulation_manager | Progress | frame=990 | agents=32
2026-03-05 12:32:17,532 | INFO | evac_sim.simulation.simulation_manager | Progress | frame=1000 | agents=32
2026-03-05 12:32:17,566 | INFO | evac_sim.simulation.simulation_manager | Progress | frame=1010 | agents=32
2026-03-05 12:32:17,592 | INFO | evac_sim.simulation.simulation_manager | Progress | frame=1020 | agents=32
2026-03-05 12:32:17,618 | INFO | evac_sim.simulation.simulation_manager | Progress | frame=1030 | agents=32
2026-03-05 12:32:17,642 | INFO | evac_sim.simulation.simulation_manager | Progress | frame=1040 | agents=32
2026-03-05 12:32:17,665 | INFO | evac_sim.simulation.simulation_manager | Progress | frame=1050 | agents=32
2026-03-05 12:32:17,706 | INFO | evac_sim.simulation.simulation_manager | Progress | frame=1060 | agents=32
2026-03-05 12:32:17,730 | INFO | evac_sim.simulation.simulation_manager | Progress | frame=1070 | agents=32
2026-03-05 12:32:17,754 | INFO | evac_sim.simulation.simulation_manager | Progress | frame=1080 | agents=32
2026-03-05 12:32:17,779 | INFO | evac_sim.simulation.simulation_manager | Progress | frame=1090 | agents=32
2026-03-05 12:32:17,805 | INFO | evac_sim.simulation.simulation_manager | Progress | frame=1100 | agents=32
2026-03-05 12:32:17,846 | INFO | evac_sim.simulation.simulation_manager | Progress | frame=1110 | agents=32
2026-03-05 12:32:17,871 | INFO | evac_sim.simulation.simulation_manager | Progress | frame=1120 | agents=32
2026-03-05 12:32:17,896 | INFO | evac_sim.simulation.simulation_manager | Progress | frame=1130 | agents=32
2026-03-05 12:32:17,920 | INFO | evac_sim.simulation.simulation_manager | Progress | frame=1140 | agents=32
2026-03-05 12:32:17,946 | INFO | evac_sim.simulation.simulation_manager | Progress | frame=1150 | agents=32
2026-03-05 12:32:17,986 | INFO | evac_sim.simulation.simulation_manager | Progress | frame=1160 | agents=32
2026-03-05 12:32:18,012 | INFO | evac_sim.simulation.simulation_manager | Progress | frame=1170 | agents=32
2026-03-05 12:32:18,038 | INFO | evac_sim.simulation.simulation_manager | Progress | frame=1180 | agents=32
2026-03-05 12:32:18,061 | INFO | evac_sim.simulation.simulation_manager | Progress | frame=1190 | agents=32
2026-03-05 12:32:18,083 | INFO | evac_sim.simulation.simulation_manager | Progress | frame=1200 | agents=32
2026-03-05 12:32:18,089 | INFO | evac_sim.simulation.simulation_manager | Reroute applied | frame=1200 | group=83 | agents=5 | curr=23 next=7 | old_len=46 new_len=54
2026-03-05 12:32:18,120 | INFO | evac_sim.simulation.simulation_manager | Progress | frame=1210 | agents=32
2026-03-05 12:32:18,141 | INFO | evac_sim.simulation.simulation_manager | Progress | frame=1220 | agents=32
2026-03-05 12:32:18,163 | INFO | evac_sim.simulation.simulation_manager | Progress | frame=1230 | agents=32
2026-03-05 12:32:18,184 | INFO | evac_sim.simulation.simulation_manager | Progress | frame=1240 | agents=32
2026-03-05 12:32:18,204 | INFO | evac_sim.simulation.simulation_manager | Progress | frame=1250 | agents=32
2026-03-05 12:32:18,238 | INFO | evac_sim.simulation.simulation_manager | Progress | frame=1260 | agents=32
2026-03-05 12:32:18,259 | INFO | evac_sim.simulation.simulation_manager | Progress | frame=1270 | agents=32
2026-03-05 12:32:18,281 | INFO | evac_sim.simulation.simulation_manager | Progress | frame=1280 | agents=32
2026-03-05 12:32:18,302 | INFO | evac_sim.simulation.simulation_manager | Progress | frame=1290 | agents=32
2026-03-05 12:32:18,322 | INFO | evac_sim.simulation.simulation_manager | Progress | frame=1300 | agents=32
2026-03-05 12:32:18,356 | INFO | evac_sim.simulation.simulation_manager | Progress | frame=1310 | agents=32
2026-03-05 12:32:18,378 | INFO | evac_sim.simulation.simulation_manager | Progress | frame=1320 | agents=32
2026-03-05 12:32:18,399 | INFO | evac_sim.simulation.simulation_manager | Progress | frame=1330 | agents=32
2026-03-05 12:32:18,421 | INFO | evac_sim.simulation.simulation_manager | Progress | frame=1340 | agents=32
2026-03-05 12:32:18,442 | INFO | evac_sim.simulation.simulation_manager | Progress | frame=1350 | agents=32
2026-03-05 12:32:18,477 | INFO | evac_sim.simulation.simulation_manager | Progress | frame=1360 | agents=32
2026-03-05 12:32:18,499 | INFO | evac_sim.simulation.simulation_manager | Progress | frame=1370 | agents=32
2026-03-05 12:32:18,520 | INFO | evac_sim.simulation.simulation_manager | Progress | frame=1380 | agents=32
2026-03-05 12:32:18,541 | INFO | evac_sim.simulation.simulation_manager | Progress | frame=1390 | agents=32
2026-03-05 12:32:18,562 | INFO | evac_sim.simulation.simulation_manager | Progress | frame=1400 | agents=32
2026-03-05 12:32:18,596 | INFO | evac_sim.simulation.simulation_manager | Progress | frame=1410 | agents=32
2026-03-05 12:32:18,617 | INFO | evac_sim.simulation.simulation_manager | Progress | frame=1420 | agents=32
2026-03-05 12:32:18,638 | INFO | evac_sim.simulation.simulation_manager | Progress | frame=1430 | agents=32
2026-03-05 12:32:18,659 | INFO | evac_sim.simulation.simulation_manager | Progress | frame=1440 | agents=32
2026-03-05 12:32:18,680 | INFO | evac_sim.simulation.simulation_manager | Progress | frame=1450 | agents=32
2026-03-05 12:32:18,714 | INFO | evac_sim.simulation.simulation_manager | Progress | frame=1460 | agents=32
2026-03-05 12:32:18,735 | INFO | evac_sim.simulation.simulation_manager | Progress | frame=1470 | agents=32
2026-03-05 12:32:18,756 | INFO | evac_sim.simulation.simulation_manager | Progress | frame=1480 | agents=32
2026-03-05 12:32:18,777 | INFO | evac_sim.simulation.simulation_manager | Progress | frame=1490 | agents=32
2026-03-05 12:32:18,798 | INFO | evac_sim.simulation.simulation_manager | Progress | frame=1500 | agents=32
2026-03-05 12:32:18,834 | INFO | evac_sim.simulation.simulation_manager | Progress | frame=1510 | agents=32
2026-03-05 12:32:18,854 | INFO | evac_sim.simulation.simulation_manager | Progress | frame=1520 | agents=32
2026-03-05 12:32:18,876 | INFO | evac_sim.simulation.simulation_manager | Progress | frame=1530 | agents=32
2026-03-05 12:32:18,897 | INFO | evac_sim.simulation.simulation_manager | Progress | frame=1540 | agents=32
2026-03-05 12:32:18,918 | INFO | evac_sim.simulation.simulation_manager | Progress | frame=1550 | agents=32
2026-03-05 12:32:18,953 | INFO | evac_sim.simulation.simulation_manager | Progress | frame=1560 | agents=32
2026-03-05 12:32:18,974 | INFO | evac_sim.simulation.simulation_manager | Progress | frame=1570 | agents=32
2026-03-05 12:32:18,995 | INFO | evac_sim.simulation.simulation_manager | Progress | frame=1580 | agents=32
2026-03-05 12:32:19,016 | INFO | evac_sim.simulation.simulation_manager | Progress | frame=1590 | agents=32
2026-03-05 12:32:19,038 | INFO | evac_sim.simulation.simulation_manager | Progress | frame=1600 | agents=32
2026-03-05 12:32:19,042 | INFO | evac_sim.simulation.simulation_manager | Reroute applied | frame=1600 | group=82 | agents=5 | curr=23 next=7 | old_len=61 new_len=69
2026-03-05 12:32:19,074 | INFO | evac_sim.simulation.simulation_manager | Progress | frame=1610 | agents=32
2026-03-05 12:32:19,095 | INFO | evac_sim.simulation.simulation_manager | Progress | frame=1620 | agents=32
2026-03-05 12:32:19,117 | INFO | evac_sim.simulation.simulation_manager | Progress | frame=1630 | agents=32
2026-03-05 12:32:19,137 | INFO | evac_sim.simulation.simulation_manager | Progress | frame=1640 | agents=32
2026-03-05 12:32:19,158 | INFO | evac_sim.simulation.simulation_manager | Progress | frame=1650 | agents=32
2026-03-05 12:32:19,193 | INFO | evac_sim.simulation.simulation_manager | Progress | frame=1660 | agents=32
2026-03-05 12:32:19,214 | INFO | evac_sim.simulation.simulation_manager | Progress | frame=1670 | agents=32
2026-03-05 12:32:19,235 | INFO | evac_sim.simulation.simulation_manager | Progress | frame=1680 | agents=32
2026-03-05 12:32:19,257 | INFO | evac_sim.simulation.simulation_manager | Progress | frame=1690 | agents=32
2026-03-05 12:32:19,277 | INFO | evac_sim.simulation.simulation_manager | Progress | frame=1700 | agents=32
2026-03-05 12:32:19,311 | INFO | evac_sim.simulation.simulation_manager | Progress | frame=1710 | agents=32
2026-03-05 12:32:19,332 | INFO | evac_sim.simulation.simulation_manager | Progress | frame=1720 | agents=32
2026-03-05 12:32:19,353 | INFO | evac_sim.simulation.simulation_manager | Progress | frame=1730 | agents=32
2026-03-05 12:32:19,374 | INFO | evac_sim.simulation.simulation_manager | Progress | frame=1740 | agents=32
2026-03-05 12:32:19,395 | INFO | evac_sim.simulation.simulation_manager | Progress | frame=1750 | agents=32
2026-03-05 12:32:19,430 | INFO | evac_sim.simulation.simulation_manager | Progress | frame=1760 | agents=32
2026-03-05 12:32:19,451 | INFO | evac_sim.simulation.simulation_manager | Progress | frame=1770 | agents=32
2026-03-05 12:32:19,472 | INFO | evac_sim.simulation.simulation_manager | Progress | frame=1780 | agents=32
2026-03-05 12:32:19,494 | INFO | evac_sim.simulation.simulation_manager | Progress | frame=1790 | agents=32
2026-03-05 12:32:19,515 | INFO | evac_sim.simulation.simulation_manager | Progress | frame=1800 | agents=32
2026-03-05 12:32:19,551 | INFO | evac_sim.simulation.simulation_manager | Progress | frame=1810 | agents=32
2026-03-05 12:32:19,572 | INFO | evac_sim.simulation.simulation_manager | Progress | frame=1820 | agents=32
2026-03-05 12:32:19,591 | INFO | evac_sim.simulation.simulation_manager | Progress | frame=1830 | agents=32
2026-03-05 12:32:19,612 | INFO | evac_sim.simulation.simulation_manager | Progress | frame=1840 | agents=32
2026-03-05 12:32:19,633 | INFO | evac_sim.simulation.simulation_manager | Progress | frame=1850 | agents=32
2026-03-05 12:32:19,668 | INFO | evac_sim.simulation.simulation_manager | Progress | frame=1860 | agents=32
2026-03-05 12:32:19,688 | INFO | evac_sim.simulation.simulation_manager | Progress | frame=1870 | agents=32
2026-03-05 12:32:19,709 | INFO | evac_sim.simulation.simulation_manager | Progress | frame=1880 | agents=32
2026-03-05 12:32:19,730 | INFO | evac_sim.simulation.simulation_manager | Progress | frame=1890 | agents=32
2026-03-05 12:32:19,752 | INFO | evac_sim.simulation.simulation_manager | Progress | frame=1900 | agents=32
2026-03-05 12:32:19,787 | INFO | evac_sim.simulation.simulation_manager | Progress | frame=1910 | agents=32
2026-03-05 12:32:19,807 | INFO | evac_sim.simulation.simulation_manager | Progress | frame=1920 | agents=32
2026-03-05 12:32:19,828 | INFO | evac_sim.simulation.simulation_manager | Progress | frame=1930 | agents=32
2026-03-05 12:32:19,849 | INFO | evac_sim.simulation.simulation_manager | Progress | frame=1940 | agents=32
2026-03-05 12:32:19,870 | INFO | evac_sim.simulation.simulation_manager | Progress | frame=1950 | agents=32
2026-03-05 12:32:19,905 | INFO | evac_sim.simulation.simulation_manager | Progress | frame=1960 | agents=32
2026-03-05 12:32:19,925 | INFO | evac_sim.simulation.simulation_manager | Progress | frame=1970 | agents=32
2026-03-05 12:32:19,945 | INFO | evac_sim.simulation.simulation_manager | Progress | frame=1980 | agents=32
2026-03-05 12:32:19,967 | INFO | evac_sim.simulation.simulation_manager | Progress | frame=1990 | agents=32
2026-03-05 12:32:19,987 | INFO | evac_sim.simulation.simulation_manager | Progress | frame=2000 | agents=32
2026-03-05 12:32:20,022 | INFO | evac_sim.simulation.simulation_manager | Progress | frame=2010 | agents=32
2026-03-05 12:32:20,043 | INFO | evac_sim.simulation.simulation_manager | Progress | frame=2020 | agents=32
2026-03-05 12:32:20,063 | INFO | evac_sim.simulation.simulation_manager | Progress | frame=2030 | agents=32
2026-03-05 12:32:20,084 | INFO | evac_sim.simulation.simulation_manager | Progress | frame=2040 | agents=32
2026-03-05 12:32:20,105 | INFO | evac_sim.simulation.simulation_manager | Progress | frame=2050 | agents=32
2026-03-05 12:32:20,139 | INFO | evac_sim.simulation.simulation_manager | Progress | frame=2060 | agents=32
2026-03-05 12:32:20,159 | INFO | evac_sim.simulation.simulation_manager | Progress | frame=2070 | agents=32
2026-03-05 12:32:20,179 | INFO | evac_sim.simulation.simulation_manager | Progress | frame=2080 | agents=32
2026-03-05 12:32:20,201 | INFO | evac_sim.simulation.simulation_manager | Progress | frame=2090 | agents=32
2026-03-05 12:32:20,221 | INFO | evac_sim.simulation.simulation_manager | Progress | frame=2100 | agents=32
2026-03-05 12:32:20,256 | INFO | evac_sim.simulation.simulation_manager | Progress | frame=2110 | agents=32
2026-03-05 12:32:20,276 | INFO | evac_sim.simulation.simulation_manager | Progress | frame=2120 | agents=32
2026-03-05 12:32:20,296 | INFO | evac_sim.simulation.simulation_manager | Progress | frame=2130 | agents=32
2026-03-05 12:32:20,317 | INFO | evac_sim.simulation.simulation_manager | Progress | frame=2140 | agents=32
2026-03-05 12:32:20,338 | INFO | evac_sim.simulation.simulation_manager | Progress | frame=2150 | agents=32
2026-03-05 12:32:20,372 | INFO | evac_sim.simulation.simulation_manager | Progress | frame=2160 | agents=32
2026-03-05 12:32:20,392 | INFO | evac_sim.simulation.simulation_manager | Progress | frame=2170 | agents=32
2026-03-05 12:32:20,414 | INFO | evac_sim.simulation.simulation_manager | Progress | frame=2180 | agents=32
2026-03-05 12:32:20,435 | INFO | evac_sim.simulation.simulation_manager | Progress | frame=2190 | agents=32
2026-03-05 12:32:20,456 | INFO | evac_sim.simulation.simulation_manager | Progress | frame=2200 | agents=32
2026-03-05 12:32:20,492 | INFO | evac_sim.simulation.simulation_manager | Progress | frame=2210 | agents=32
2026-03-05 12:32:20,513 | INFO | evac_sim.simulation.simulation_manager | Progress | frame=2220 | agents=32
2026-03-05 12:32:20,532 | INFO | evac_sim.simulation.simulation_manager | Progress | frame=2230 | agents=32
2026-03-05 12:32:20,553 | INFO | evac_sim.simulation.simulation_manager | Progress | frame=2240 | agents=32
2026-03-05 12:32:20,574 | INFO | evac_sim.simulation.simulation_manager | Progress | frame=2250 | agents=32
2026-03-05 12:32:20,609 | INFO | evac_sim.simulation.simulation_manager | Progress | frame=2260 | agents=32
2026-03-05 12:32:20,631 | INFO | evac_sim.simulation.simulation_manager | Progress | frame=2270 | agents=32
2026-03-05 12:32:20,652 | INFO | evac_sim.simulation.simulation_manager | Progress | frame=2280 | agents=32
2026-03-05 12:32:20,672 | INFO | evac_sim.simulation.simulation_manager | Progress | frame=2290 | agents=32
2026-03-05 12:32:20,692 | INFO | evac_sim.simulation.simulation_manager | Progress | frame=2300 | agents=32
2026-03-05 12:32:20,725 | INFO | evac_sim.simulation.simulation_manager | Progress | frame=2310 | agents=32
2026-03-05 12:32:20,746 | INFO | evac_sim.simulation.simulation_manager | Progress | frame=2320 | agents=32
2026-03-05 12:32:20,767 | INFO | evac_sim.simulation.simulation_manager | Progress | frame=2330 | agents=32
2026-03-05 12:32:20,788 | INFO | evac_sim.simulation.simulation_manager | Progress | frame=2340 | agents=32
2026-03-05 12:32:20,808 | INFO | evac_sim.simulation.simulation_manager | Progress | frame=2350 | agents=32
2026-03-05 12:32:20,842 | INFO | evac_sim.simulation.simulation_manager | Progress | frame=2360 | agents=32
2026-03-05 12:32:20,862 | INFO | evac_sim.simulation.simulation_manager | Progress | frame=2370 | agents=32
2026-03-05 12:32:20,886 | INFO | evac_sim.simulation.simulation_manager | Progress | frame=2380 | agents=32
2026-03-05 12:32:20,906 | INFO | evac_sim.simulation.simulation_manager | Progress | frame=2390 | agents=32
2026-03-05 12:32:20,926 | INFO | evac_sim.simulation.simulation_manager | Progress | frame=2400 | agents=32
2026-03-05 12:32:21,468 | INFO | evac_sim.simulation.simulation_manager | Reroute applied | frame=2400 | group=92 | agents=10 | curr=154 next=153 | old_len=51 new_len=68
2026-03-05 12:32:21,491 | INFO | evac_sim.simulation.simulation_manager | Progress | frame=2410 | agents=32
2026-03-05 12:32:21,511 | INFO | evac_sim.simulation.simulation_manager | Progress | frame=2420 | agents=32
2026-03-05 12:32:21,531 | INFO | evac_sim.simulation.simulation_manager | Progress | frame=2430 | agents=32
2026-03-05 12:32:21,552 | INFO | evac_sim.simulation.simulation_manager | Progress | frame=2440 | agents=32
2026-03-05 12:32:21,572 | INFO | evac_sim.simulation.simulation_manager | Progress | frame=2450 | agents=32
2026-03-05 12:32:21,608 | INFO | evac_sim.simulation.simulation_manager | Progress | frame=2460 | agents=32
2026-03-05 12:32:21,629 | INFO | evac_sim.simulation.simulation_manager | Progress | frame=2470 | agents=32
2026-03-05 12:32:21,650 | INFO | evac_sim.simulation.simulation_manager | Progress | frame=2480 | agents=31
2026-03-05 12:32:21,670 | INFO | evac_sim.simulation.simulation_manager | Progress | frame=2490 | agents=31
2026-03-05 12:32:21,691 | INFO | evac_sim.simulation.simulation_manager | Progress | frame=2500 | agents=31
2026-03-05 12:32:21,726 | INFO | evac_sim.simulation.simulation_manager | Progress | frame=2510 | agents=31
2026-03-05 12:32:21,746 | INFO | evac_sim.simulation.simulation_manager | Progress | frame=2520 | agents=31
2026-03-05 12:32:21,767 | INFO | evac_sim.simulation.simulation_manager | Progress | frame=2530 | agents=31
2026-03-05 12:32:21,787 | INFO | evac_sim.simulation.simulation_manager | Progress | frame=2540 | agents=31
2026-03-05 12:32:21,808 | INFO | evac_sim.simulation.simulation_manager | Progress | frame=2550 | agents=31
2026-03-05 12:32:21,843 | INFO | evac_sim.simulation.simulation_manager | Progress | frame=2560 | agents=30
2026-03-05 12:32:21,863 | INFO | evac_sim.simulation.simulation_manager | Progress | frame=2570 | agents=30
2026-03-05 12:32:21,885 | INFO | evac_sim.simulation.simulation_manager | Progress | frame=2580 | agents=30
2026-03-05 12:32:21,904 | INFO | evac_sim.simulation.simulation_manager | Progress | frame=2590 | agents=30
2026-03-05 12:32:21,925 | INFO | evac_sim.simulation.simulation_manager | Progress | frame=2600 | agents=30
2026-03-05 12:32:21,959 | INFO | evac_sim.simulation.simulation_manager | Progress | frame=2610 | agents=30
2026-03-05 12:32:21,980 | INFO | evac_sim.simulation.simulation_manager | Progress | frame=2620 | agents=29
2026-03-05 12:32:22,000 | INFO | evac_sim.simulation.simulation_manager | Progress | frame=2630 | agents=29
2026-03-05 12:32:22,020 | INFO | evac_sim.simulation.simulation_manager | Progress | frame=2640 | agents=29
2026-03-05 12:32:22,040 | INFO | evac_sim.simulation.simulation_manager | Progress | frame=2650 | agents=29
2026-03-05 12:32:22,074 | INFO | evac_sim.simulation.simulation_manager | Progress | frame=2660 | agents=29
2026-03-05 12:32:22,094 | INFO | evac_sim.simulation.simulation_manager | Progress | frame=2670 | agents=28
2026-03-05 12:32:22,115 | INFO | evac_sim.simulation.simulation_manager | Progress | frame=2680 | agents=28
2026-03-05 12:32:22,135 | INFO | evac_sim.simulation.simulation_manager | Progress | frame=2690 | agents=28
2026-03-05 12:32:22,155 | INFO | evac_sim.simulation.simulation_manager | Progress | frame=2700 | agents=28
2026-03-05 12:32:22,195 | INFO | evac_sim.simulation.simulation_manager | Progress | frame=2710 | agents=28
2026-03-05 12:32:22,217 | INFO | evac_sim.simulation.simulation_manager | Progress | frame=2720 | agents=28
2026-03-05 12:32:22,241 | INFO | evac_sim.simulation.simulation_manager | Progress | frame=2730 | agents=27
2026-03-05 12:32:22,265 | INFO | evac_sim.simulation.simulation_manager | Progress | frame=2740 | agents=27
2026-03-05 12:32:22,288 | INFO | evac_sim.simulation.simulation_manager | Progress | frame=2750 | agents=27
2026-03-05 12:32:22,327 | INFO | evac_sim.simulation.simulation_manager | Progress | frame=2760 | agents=27
2026-03-05 12:32:22,353 | INFO | evac_sim.simulation.simulation_manager | Progress | frame=2770 | agents=27
2026-03-05 12:32:22,377 | INFO | evac_sim.simulation.simulation_manager | Progress | frame=2780 | agents=26
2026-03-05 12:32:22,399 | INFO | evac_sim.simulation.simulation_manager | Progress | frame=2790 | agents=26
2026-03-05 12:32:22,424 | INFO | evac_sim.simulation.simulation_manager | Progress | frame=2800 | agents=26
2026-03-05 12:32:22,464 | INFO | evac_sim.simulation.simulation_manager | Progress | frame=2810 | agents=26
2026-03-05 12:32:22,490 | INFO | evac_sim.simulation.simulation_manager | Progress | frame=2820 | agents=26
2026-03-05 12:32:22,514 | INFO | evac_sim.simulation.simulation_manager | Progress | frame=2830 | agents=26
2026-03-05 12:32:22,537 | INFO | evac_sim.simulation.simulation_manager | Progress | frame=2840 | agents=26
2026-03-05 12:32:22,560 | INFO | evac_sim.simulation.simulation_manager | Progress | frame=2850 | agents=26
2026-03-05 12:32:22,597 | INFO | evac_sim.simulation.simulation_manager | Progress | frame=2860 | agents=26
2026-03-05 12:32:22,622 | INFO | evac_sim.simulation.simulation_manager | Progress | frame=2870 | agents=26
2026-03-05 12:32:22,645 | INFO | evac_sim.simulation.simulation_manager | Progress | frame=2880 | agents=26
2026-03-05 12:32:22,671 | INFO | evac_sim.simulation.simulation_manager | Progress | frame=2890 | agents=26
2026-03-05 12:32:22,693 | INFO | evac_sim.simulation.simulation_manager | Progress | frame=2900 | agents=26
2026-03-05 12:32:23,252 | INFO | evac_sim.simulation.simulation_manager | Reroute applied | frame=2900 | group=92 | agents=10 | curr=202 next=201 | old_len=68 new_len=78
2026-03-05 12:32:23,277 | INFO | evac_sim.simulation.simulation_manager | Progress | frame=2910 | agents=25
2026-03-05 12:32:23,302 | INFO | evac_sim.simulation.simulation_manager | Progress | frame=2920 | agents=25
2026-03-05 12:32:23,323 | INFO | evac_sim.simulation.simulation_manager | Progress | frame=2930 | agents=25
2026-03-05 12:32:23,343 | INFO | evac_sim.simulation.simulation_manager | Progress | frame=2940 | agents=25
2026-03-05 12:32:23,362 | INFO | evac_sim.simulation.simulation_manager | Progress | frame=2950 | agents=25
2026-03-05 12:32:23,393 | INFO | evac_sim.simulation.simulation_manager | Progress | frame=2960 | agents=25
2026-03-05 12:32:23,412 | INFO | evac_sim.simulation.simulation_manager | Progress | frame=2970 | agents=24
2026-03-05 12:32:23,432 | INFO | evac_sim.simulation.simulation_manager | Progress | frame=2980 | agents=24
2026-03-05 12:32:23,451 | INFO | evac_sim.simulation.simulation_manager | Progress | frame=2990 | agents=24
2026-03-05 12:32:23,471 | INFO | evac_sim.simulation.simulation_manager | Progress | frame=3000 | agents=24
2026-03-05 12:32:23,502 | INFO | evac_sim.simulation.simulation_manager | Progress | frame=3010 | agents=24
2026-03-05 12:32:23,522 | INFO | evac_sim.simulation.simulation_manager | Progress | frame=3020 | agents=23
2026-03-05 12:32:23,541 | INFO | evac_sim.simulation.simulation_manager | Progress | frame=3030 | agents=23
2026-03-05 12:32:23,560 | INFO | evac_sim.simulation.simulation_manager | Progress | frame=3040 | agents=23
2026-03-05 12:32:23,579 | INFO | evac_sim.simulation.simulation_manager | Progress | frame=3050 | agents=23
2026-03-05 12:32:23,586 | INFO | evac_sim.simulation.simulation_manager | Reroute applied | frame=3050 | group=83 | agents=5 | curr=154 next=153 | old_len=54 new_len=71
2026-03-05 12:32:23,614 | INFO | evac_sim.simulation.simulation_manager | Progress | frame=3060 | agents=23
2026-03-05 12:32:23,634 | INFO | evac_sim.simulation.simulation_manager | Progress | frame=3070 | agents=23
2026-03-05 12:32:23,653 | INFO | evac_sim.simulation.simulation_manager | Progress | frame=3080 | agents=22
2026-03-05 12:32:23,672 | INFO | evac_sim.simulation.simulation_manager | Progress | frame=3090 | agents=22
2026-03-05 12:32:23,691 | INFO | evac_sim.simulation.simulation_manager | Progress | frame=3100 | agents=22
2026-03-05 12:32:23,721 | INFO | evac_sim.simulation.simulation_manager | Progress | frame=3110 | agents=22
2026-03-05 12:32:23,740 | INFO | evac_sim.simulation.simulation_manager | Progress | frame=3120 | agents=22
2026-03-05 12:32:23,759 | INFO | evac_sim.simulation.simulation_manager | Progress | frame=3130 | agents=22
2026-03-05 12:32:23,778 | INFO | evac_sim.simulation.simulation_manager | Progress | frame=3140 | agents=22
2026-03-05 12:32:23,797 | INFO | evac_sim.simulation.simulation_manager | Progress | frame=3150 | agents=22
2026-03-05 12:32:23,827 | INFO | evac_sim.simulation.simulation_manager | Progress | frame=3160 | agents=21
2026-03-05 12:32:23,845 | INFO | evac_sim.simulation.simulation_manager | Progress | frame=3170 | agents=21
2026-03-05 12:32:23,864 | INFO | evac_sim.simulation.simulation_manager | Progress | frame=3180 | agents=21
2026-03-05 12:32:23,883 | INFO | evac_sim.simulation.simulation_manager | Progress | frame=3190 | agents=21
2026-03-05 12:32:23,902 | INFO | evac_sim.simulation.simulation_manager | Progress | frame=3200 | agents=21
2026-03-05 12:32:23,932 | INFO | evac_sim.simulation.simulation_manager | Progress | frame=3210 | agents=21
2026-03-05 12:32:23,951 | INFO | evac_sim.simulation.simulation_manager | Progress | frame=3220 | agents=20
2026-03-05 12:32:23,969 | INFO | evac_sim.simulation.simulation_manager | Progress | frame=3230 | agents=20
2026-03-05 12:32:23,987 | INFO | evac_sim.simulation.simulation_manager | Progress | frame=3240 | agents=20
2026-03-05 12:32:24,007 | INFO | evac_sim.simulation.simulation_manager | Progress | frame=3250 | agents=20
2026-03-05 12:32:24,033 | INFO | evac_sim.simulation.simulation_manager | Progress | frame=3260 | agents=20
2026-03-05 12:32:24,052 | INFO | evac_sim.simulation.simulation_manager | Progress | frame=3270 | agents=20
2026-03-05 12:32:24,071 | INFO | evac_sim.simulation.simulation_manager | Progress | frame=3280 | agents=20
2026-03-05 12:32:24,090 | INFO | evac_sim.simulation.simulation_manager | Progress | frame=3290 | agents=20
2026-03-05 12:32:24,109 | INFO | evac_sim.simulation.simulation_manager | Progress | frame=3300 | agents=20
2026-03-05 12:32:24,137 | INFO | evac_sim.simulation.simulation_manager | Progress | frame=3310 | agents=20
2026-03-05 12:32:24,156 | INFO | evac_sim.simulation.simulation_manager | Progress | frame=3320 | agents=20
2026-03-05 12:32:24,174 | INFO | evac_sim.simulation.simulation_manager | Progress | frame=3330 | agents=20
2026-03-05 12:32:24,194 | INFO | evac_sim.simulation.simulation_manager | Progress | frame=3340 | agents=20
2026-03-05 12:32:24,212 | INFO | evac_sim.simulation.simulation_manager | Progress | frame=3350 | agents=20
2026-03-05 12:32:24,239 | INFO | evac_sim.simulation.simulation_manager | Progress | frame=3360 | agents=20
2026-03-05 12:32:24,258 | INFO | evac_sim.simulation.simulation_manager | Progress | frame=3370 | agents=20
2026-03-05 12:32:24,278 | INFO | evac_sim.simulation.simulation_manager | Progress | frame=3380 | agents=20
2026-03-05 12:32:24,296 | INFO | evac_sim.simulation.simulation_manager | Progress | frame=3390 | agents=20
2026-03-05 12:32:24,315 | INFO | evac_sim.simulation.simulation_manager | Progress | frame=3400 | agents=20
2026-03-05 12:32:24,342 | INFO | evac_sim.simulation.simulation_manager | Progress | frame=3410 | agents=20
2026-03-05 12:32:24,361 | INFO | evac_sim.simulation.simulation_manager | Progress | frame=3420 | agents=20
2026-03-05 12:32:24,379 | INFO | evac_sim.simulation.simulation_manager | Progress | frame=3430 | agents=20
2026-03-05 12:32:24,397 | INFO | evac_sim.simulation.simulation_manager | Progress | frame=3440 | agents=20
2026-03-05 12:32:24,416 | INFO | evac_sim.simulation.simulation_manager | Progress | frame=3450 | agents=20
2026-03-05 12:32:24,422 | INFO | evac_sim.simulation.simulation_manager | Reroute applied | frame=3450 | group=82 | agents=5 | curr=154 next=153 | old_len=69 new_len=86
2026-03-05 12:32:24,448 | INFO | evac_sim.simulation.simulation_manager | Progress | frame=3460 | agents=20
2026-03-05 12:32:24,466 | INFO | evac_sim.simulation.simulation_manager | Progress | frame=3470 | agents=20
2026-03-05 12:32:24,485 | INFO | evac_sim.simulation.simulation_manager | Progress | frame=3480 | agents=20
2026-03-05 12:32:24,504 | INFO | evac_sim.simulation.simulation_manager | Progress | frame=3490 | agents=20
2026-03-05 12:32:24,524 | INFO | evac_sim.simulation.simulation_manager | Progress | frame=3500 | agents=20
2026-03-05 12:32:24,550 | INFO | evac_sim.simulation.simulation_manager | Progress | frame=3510 | agents=20
2026-03-05 12:32:24,569 | INFO | evac_sim.simulation.simulation_manager | Progress | frame=3520 | agents=20
2026-03-05 12:32:24,588 | INFO | evac_sim.simulation.simulation_manager | Progress | frame=3530 | agents=20
2026-03-05 12:32:24,607 | INFO | evac_sim.simulation.simulation_manager | Progress | frame=3540 | agents=20
2026-03-05 12:32:24,625 | INFO | evac_sim.simulation.simulation_manager | Progress | frame=3550 | agents=20
2026-03-05 12:32:24,652 | INFO | evac_sim.simulation.simulation_manager | Progress | frame=3560 | agents=20
2026-03-05 12:32:24,672 | INFO | evac_sim.simulation.simulation_manager | Progress | frame=3570 | agents=20
2026-03-05 12:32:24,690 | INFO | evac_sim.simulation.simulation_manager | Progress | frame=3580 | agents=20
2026-03-05 12:32:24,709 | INFO | evac_sim.simulation.simulation_manager | Progress | frame=3590 | agents=20
2026-03-05 12:32:24,727 | INFO | evac_sim.simulation.simulation_manager | Progress | frame=3600 | agents=20
2026-03-05 12:32:25,306 | INFO | evac_sim.simulation.simulation_manager | Progress | frame=3610 | agents=20
2026-03-05 12:32:25,325 | INFO | evac_sim.simulation.simulation_manager | Progress | frame=3620 | agents=20
2026-03-05 12:32:25,344 | INFO | evac_sim.simulation.simulation_manager | Progress | frame=3630 | agents=20
2026-03-05 12:32:25,364 | INFO | evac_sim.simulation.simulation_manager | Progress | frame=3640 | agents=20
2026-03-05 12:32:25,382 | INFO | evac_sim.simulation.simulation_manager | Progress | frame=3650 | agents=20
2026-03-05 12:32:25,409 | INFO | evac_sim.simulation.simulation_manager | Progress | frame=3660 | agents=20
2026-03-05 12:32:25,428 | INFO | evac_sim.simulation.simulation_manager | Progress | frame=3670 | agents=20
2026-03-05 12:32:25,447 | INFO | evac_sim.simulation.simulation_manager | Progress | frame=3680 | agents=20
2026-03-05 12:32:25,465 | INFO | evac_sim.simulation.simulation_manager | Progress | frame=3690 | agents=20
2026-03-05 12:32:25,484 | INFO | evac_sim.simulation.simulation_manager | Progress | frame=3700 | agents=20
2026-03-05 12:32:25,491 | INFO | evac_sim.simulation.simulation_manager | Reroute applied | frame=3700 | group=83 | agents=5 | curr=202 next=201 | old_len=71 new_len=81
2026-03-05 12:32:25,514 | INFO | evac_sim.simulation.simulation_manager | Progress | frame=3710 | agents=20
2026-03-05 12:32:25,534 | INFO | evac_sim.simulation.simulation_manager | Progress | frame=3720 | agents=20
2026-03-05 12:32:25,552 | INFO | evac_sim.simulation.simulation_manager | Progress | frame=3730 | agents=20
2026-03-05 12:32:25,572 | INFO | evac_sim.simulation.simulation_manager | Progress | frame=3740 | agents=20
2026-03-05 12:32:25,590 | INFO | evac_sim.simulation.simulation_manager | Progress | frame=3750 | agents=20
2026-03-05 12:32:25,617 | INFO | evac_sim.simulation.simulation_manager | Progress | frame=3760 | agents=20
2026-03-05 12:32:25,636 | INFO | evac_sim.simulation.simulation_manager | Progress | frame=3770 | agents=20
2026-03-05 12:32:25,656 | INFO | evac_sim.simulation.simulation_manager | Progress | frame=3780 | agents=20
2026-03-05 12:32:25,674 | INFO | evac_sim.simulation.simulation_manager | Progress | frame=3790 | agents=20
2026-03-05 12:32:25,693 | INFO | evac_sim.simulation.simulation_manager | Progress | frame=3800 | agents=20
2026-03-05 12:32:25,721 | INFO | evac_sim.simulation.simulation_manager | Progress | frame=3810 | agents=20
2026-03-05 12:32:25,740 | INFO | evac_sim.simulation.simulation_manager | Progress | frame=3820 | agents=20
2026-03-05 12:32:25,758 | INFO | evac_sim.simulation.simulation_manager | Progress | frame=3830 | agents=20
2026-03-05 12:32:25,777 | INFO | evac_sim.simulation.simulation_manager | Progress | frame=3840 | agents=20
2026-03-05 12:32:25,796 | INFO | evac_sim.simulation.simulation_manager | Progress | frame=3850 | agents=20
2026-03-05 12:32:25,824 | INFO | evac_sim.simulation.simulation_manager | Progress | frame=3860 | agents=20
2026-03-05 12:32:25,842 | INFO | evac_sim.simulation.simulation_manager | Progress | frame=3870 | agents=20
2026-03-05 12:32:25,861 | INFO | evac_sim.simulation.simulation_manager | Progress | frame=3880 | agents=20
2026-03-05 12:32:25,880 | INFO | evac_sim.simulation.simulation_manager | Progress | frame=3890 | agents=20
2026-03-05 12:32:25,899 | INFO | evac_sim.simulation.simulation_manager | Progress | frame=3900 | agents=20
2026-03-05 12:32:25,926 | INFO | evac_sim.simulation.simulation_manager | Progress | frame=3910 | agents=20
2026-03-05 12:32:25,944 | INFO | evac_sim.simulation.simulation_manager | Progress | frame=3920 | agents=20
2026-03-05 12:32:25,965 | INFO | evac_sim.simulation.simulation_manager | Progress | frame=3930 | agents=20
2026-03-05 12:32:25,984 | INFO | evac_sim.simulation.simulation_manager | Progress | frame=3940 | agents=20
2026-03-05 12:32:26,003 | INFO | evac_sim.simulation.simulation_manager | Progress | frame=3950 | agents=20
2026-03-05 12:32:26,031 | INFO | evac_sim.simulation.simulation_manager | Progress | frame=3960 | agents=20
2026-03-05 12:32:26,050 | INFO | evac_sim.simulation.simulation_manager | Progress | frame=3970 | agents=20
2026-03-05 12:32:26,074 | INFO | evac_sim.simulation.simulation_manager | Progress | frame=3980 | agents=20
2026-03-05 12:32:26,093 | INFO | evac_sim.simulation.simulation_manager | Progress | frame=3990 | agents=20
2026-03-05 12:32:26,111 | INFO | evac_sim.simulation.simulation_manager | Progress | frame=4000 | agents=20
2026-03-05 12:32:26,139 | INFO | evac_sim.simulation.simulation_manager | Progress | frame=4010 | agents=20
2026-03-05 12:32:26,156 | INFO | evac_sim.simulation.simulation_manager | Progress | frame=4020 | agents=20
2026-03-05 12:32:26,176 | INFO | evac_sim.simulation.simulation_manager | Progress | frame=4030 | agents=20
2026-03-05 12:32:26,195 | INFO | evac_sim.simulation.simulation_manager | Progress | frame=4040 | agents=20
2026-03-05 12:32:26,214 | INFO | evac_sim.simulation.simulation_manager | Progress | frame=4050 | agents=20
2026-03-05 12:32:26,242 | INFO | evac_sim.simulation.simulation_manager | Progress | frame=4060 | agents=20
2026-03-05 12:32:26,261 | INFO | evac_sim.simulation.simulation_manager | Progress | frame=4070 | agents=20
2026-03-05 12:32:26,279 | INFO | evac_sim.simulation.simulation_manager | Progress | frame=4080 | agents=20
2026-03-05 12:32:26,297 | INFO | evac_sim.simulation.simulation_manager | Progress | frame=4090 | agents=20
2026-03-05 12:32:26,316 | INFO | evac_sim.simulation.simulation_manager | Progress | frame=4100 | agents=20
2026-03-05 12:32:26,346 | INFO | evac_sim.simulation.simulation_manager | Progress | frame=4110 | agents=20
2026-03-05 12:32:26,364 | INFO | evac_sim.simulation.simulation_manager | Progress | frame=4120 | agents=20
2026-03-05 12:32:26,382 | INFO | evac_sim.simulation.simulation_manager | Progress | frame=4130 | agents=20
2026-03-05 12:32:26,402 | INFO | evac_sim.simulation.simulation_manager | Progress | frame=4140 | agents=20
2026-03-05 12:32:26,421 | INFO | evac_sim.simulation.simulation_manager | Progress | frame=4150 | agents=20
2026-03-05 12:32:26,427 | INFO | evac_sim.simulation.simulation_manager | Reroute applied | frame=4150 | group=82 | agents=5 | curr=202 next=201 | old_len=86 new_len=96
2026-03-05 12:32:26,453 | INFO | evac_sim.simulation.simulation_manager | Progress | frame=4160 | agents=20
2026-03-05 12:32:26,473 | INFO | evac_sim.simulation.simulation_manager | Progress | frame=4170 | agents=20
2026-03-05 12:32:26,492 | INFO | evac_sim.simulation.simulation_manager | Progress | frame=4180 | agents=20
2026-03-05 12:32:26,511 | INFO | evac_sim.simulation.simulation_manager | Progress | frame=4190 | agents=20
2026-03-05 12:32:26,531 | INFO | evac_sim.simulation.simulation_manager | Progress | frame=4200 | agents=20
2026-03-05 12:32:26,559 | INFO | evac_sim.simulation.simulation_manager | Progress | frame=4210 | agents=20
2026-03-05 12:32:26,578 | INFO | evac_sim.simulation.simulation_manager | Progress | frame=4220 | agents=20
2026-03-05 12:32:26,598 | INFO | evac_sim.simulation.simulation_manager | Progress | frame=4230 | agents=20
2026-03-05 12:32:26,618 | INFO | evac_sim.simulation.simulation_manager | Progress | frame=4240 | agents=20
2026-03-05 12:32:26,638 | INFO | evac_sim.simulation.simulation_manager | Progress | frame=4250 | agents=20
2026-03-05 12:32:26,666 | INFO | evac_sim.simulation.simulation_manager | Progress | frame=4260 | agents=20
2026-03-05 12:32:26,685 | INFO | evac_sim.simulation.simulation_manager | Progress | frame=4270 | agents=20
2026-03-05 12:32:26,704 | INFO | evac_sim.simulation.simulation_manager | Progress | frame=4280 | agents=20
2026-03-05 12:32:26,725 | INFO | evac_sim.simulation.simulation_manager | Progress | frame=4290 | agents=20
2026-03-05 12:32:26,745 | INFO | evac_sim.simulation.simulation_manager | Progress | frame=4300 | agents=20
2026-03-05 12:32:26,773 | INFO | evac_sim.simulation.simulation_manager | Progress | frame=4310 | agents=20
2026-03-05 12:32:26,793 | INFO | evac_sim.simulation.simulation_manager | Progress | frame=4320 | agents=20
2026-03-05 12:32:26,812 | INFO | evac_sim.simulation.simulation_manager | Progress | frame=4330 | agents=20
2026-03-05 12:32:26,832 | INFO | evac_sim.simulation.simulation_manager | Progress | frame=4340 | agents=20
2026-03-05 12:32:26,853 | INFO | evac_sim.simulation.simulation_manager | Progress | frame=4350 | agents=20
2026-03-05 12:32:26,880 | INFO | evac_sim.simulation.simulation_manager | Progress | frame=4360 | agents=20
2026-03-05 12:32:26,899 | INFO | evac_sim.simulation.simulation_manager | Progress | frame=4370 | agents=20
2026-03-05 12:32:26,919 | INFO | evac_sim.simulation.simulation_manager | Progress | frame=4380 | agents=20
2026-03-05 12:32:26,941 | INFO | evac_sim.simulation.simulation_manager | Progress | frame=4390 | agents=19
2026-03-05 12:32:26,960 | INFO | evac_sim.simulation.simulation_manager | Progress | frame=4400 | agents=19
2026-03-05 12:32:26,987 | INFO | evac_sim.simulation.simulation_manager | Progress | frame=4410 | agents=19
2026-03-05 12:32:27,007 | INFO | evac_sim.simulation.simulation_manager | Progress | frame=4420 | agents=19
2026-03-05 12:32:27,026 | INFO | evac_sim.simulation.simulation_manager | Progress | frame=4430 | agents=19
2026-03-05 12:32:27,046 | INFO | evac_sim.simulation.simulation_manager | Progress | frame=4440 | agents=19
2026-03-05 12:32:27,066 | INFO | evac_sim.simulation.simulation_manager | Progress | frame=4450 | agents=18
2026-03-05 12:32:27,093 | INFO | evac_sim.simulation.simulation_manager | Progress | frame=4460 | agents=18
2026-03-05 12:32:27,112 | INFO | evac_sim.simulation.simulation_manager | Progress | frame=4470 | agents=18
2026-03-05 12:32:27,132 | INFO | evac_sim.simulation.simulation_manager | Progress | frame=4480 | agents=18
2026-03-05 12:32:27,151 | INFO | evac_sim.simulation.simulation_manager | Progress | frame=4490 | agents=18
2026-03-05 12:32:27,170 | INFO | evac_sim.simulation.simulation_manager | Progress | frame=4500 | agents=17
2026-03-05 12:32:27,197 | INFO | evac_sim.simulation.simulation_manager | Progress | frame=4510 | agents=17
2026-03-05 12:32:27,216 | INFO | evac_sim.simulation.simulation_manager | Progress | frame=4520 | agents=17
2026-03-05 12:32:27,236 | INFO | evac_sim.simulation.simulation_manager | Progress | frame=4530 | agents=17
2026-03-05 12:32:27,256 | INFO | evac_sim.simulation.simulation_manager | Progress | frame=4540 | agents=17
2026-03-05 12:32:27,275 | INFO | evac_sim.simulation.simulation_manager | Progress | frame=4550 | agents=16
2026-03-05 12:32:27,302 | INFO | evac_sim.simulation.simulation_manager | Progress | frame=4560 | agents=16
2026-03-05 12:32:27,321 | INFO | evac_sim.simulation.simulation_manager | Progress | frame=4570 | agents=16
2026-03-05 12:32:27,339 | INFO | evac_sim.simulation.simulation_manager | Progress | frame=4580 | agents=16
2026-03-05 12:32:27,358 | INFO | evac_sim.simulation.simulation_manager | Progress | frame=4590 | agents=15
2026-03-05 12:32:27,377 | INFO | evac_sim.simulation.simulation_manager | Progress | frame=4600 | agents=15
2026-03-05 12:32:27,406 | INFO | evac_sim.simulation.simulation_manager | Progress | frame=4610 | agents=15
2026-03-05 12:32:27,425 | INFO | evac_sim.simulation.simulation_manager | Progress | frame=4620 | agents=15
2026-03-05 12:32:27,443 | INFO | evac_sim.simulation.simulation_manager | Progress | frame=4630 | agents=15
2026-03-05 12:32:27,462 | INFO | evac_sim.simulation.simulation_manager | Progress | frame=4640 | agents=14
2026-03-05 12:32:27,481 | INFO | evac_sim.simulation.simulation_manager | Progress | frame=4650 | agents=14
2026-03-05 12:32:27,509 | INFO | evac_sim.simulation.simulation_manager | Progress | frame=4660 | agents=14
2026-03-05 12:32:27,529 | INFO | evac_sim.simulation.simulation_manager | Progress | frame=4670 | agents=14
2026-03-05 12:32:27,547 | INFO | evac_sim.simulation.simulation_manager | Progress | frame=4680 | agents=14
2026-03-05 12:32:27,567 | INFO | evac_sim.simulation.simulation_manager | Progress | frame=4690 | agents=13
2026-03-05 12:32:27,586 | INFO | evac_sim.simulation.simulation_manager | Progress | frame=4700 | agents=13
2026-03-05 12:32:27,614 | INFO | evac_sim.simulation.simulation_manager | Progress | frame=4710 | agents=13
2026-03-05 12:32:27,633 | INFO | evac_sim.simulation.simulation_manager | Progress | frame=4720 | agents=13
2026-03-05 12:32:27,652 | INFO | evac_sim.simulation.simulation_manager | Progress | frame=4730 | agents=13
2026-03-05 12:32:27,671 | INFO | evac_sim.simulation.simulation_manager | Progress | frame=4740 | agents=13
2026-03-05 12:32:27,692 | INFO | evac_sim.simulation.simulation_manager | Progress | frame=4750 | agents=13
2026-03-05 12:32:27,719 | INFO | evac_sim.simulation.simulation_manager | Progress | frame=4760 | agents=13
2026-03-05 12:32:27,738 | INFO | evac_sim.simulation.simulation_manager | Progress | frame=4770 | agents=13
2026-03-05 12:32:27,756 | INFO | evac_sim.simulation.simulation_manager | Progress | frame=4780 | agents=13
2026-03-05 12:32:27,774 | INFO | evac_sim.simulation.simulation_manager | Progress | frame=4790 | agents=13
2026-03-05 12:32:27,793 | INFO | evac_sim.simulation.simulation_manager | Progress | frame=4800 | agents=13
2026-03-05 12:32:27,820 | INFO | evac_sim.simulation.simulation_manager | Progress | frame=4810 | agents=13
2026-03-05 12:32:27,840 | INFO | evac_sim.simulation.simulation_manager | Progress | frame=4820 | agents=13
2026-03-05 12:32:27,858 | INFO | evac_sim.simulation.simulation_manager | Progress | frame=4830 | agents=13
2026-03-05 12:32:27,877 | INFO | evac_sim.simulation.simulation_manager | Progress | frame=4840 | agents=13
2026-03-05 12:32:27,895 | INFO | evac_sim.simulation.simulation_manager | Progress | frame=4850 | agents=13
2026-03-05 12:32:27,922 | INFO | evac_sim.simulation.simulation_manager | Progress | frame=4860 | agents=13
2026-03-05 12:32:27,941 | INFO | evac_sim.simulation.simulation_manager | Progress | frame=4870 | agents=12
2026-03-05 12:32:27,960 | INFO | evac_sim.simulation.simulation_manager | Progress | frame=4880 | agents=12
2026-03-05 12:32:27,979 | INFO | evac_sim.simulation.simulation_manager | Progress | frame=4890 | agents=12
2026-03-05 12:32:27,997 | INFO | evac_sim.simulation.simulation_manager | Progress | frame=4900 | agents=12
2026-03-05 12:32:28,025 | INFO | evac_sim.simulation.simulation_manager | Progress | frame=4910 | agents=12
2026-03-05 12:32:28,043 | INFO | evac_sim.simulation.simulation_manager | Progress | frame=4920 | agents=12
2026-03-05 12:32:28,062 | INFO | evac_sim.simulation.simulation_manager | Progress | frame=4930 | agents=12
2026-03-05 12:32:28,082 | INFO | evac_sim.simulation.simulation_manager | Progress | frame=4940 | agents=12
2026-03-05 12:32:28,100 | INFO | evac_sim.simulation.simulation_manager | Progress | frame=4950 | agents=12
2026-03-05 12:32:28,127 | INFO | evac_sim.simulation.simulation_manager | Progress | frame=4960 | agents=12
2026-03-05 12:32:28,146 | INFO | evac_sim.simulation.simulation_manager | Progress | frame=4970 | agents=12
2026-03-05 12:32:28,165 | INFO | evac_sim.simulation.simulation_manager | Progress | frame=4980 | agents=12
2026-03-05 12:32:28,185 | INFO | evac_sim.simulation.simulation_manager | Progress | frame=4990 | agents=12
2026-03-05 12:32:28,203 | INFO | evac_sim.simulation.simulation_manager | Progress | frame=5000 | agents=12
2026-03-05 12:32:28,231 | INFO | evac_sim.simulation.simulation_manager | Progress | frame=5010 | agents=12
2026-03-05 12:32:28,250 | INFO | evac_sim.simulation.simulation_manager | Progress | frame=5020 | agents=11
2026-03-05 12:32:28,270 | INFO | evac_sim.simulation.simulation_manager | Progress | frame=5030 | agents=11
2026-03-05 12:32:28,287 | INFO | evac_sim.simulation.simulation_manager | Progress | frame=5040 | agents=11
2026-03-05 12:32:28,306 | INFO | evac_sim.simulation.simulation_manager | Progress | frame=5050 | agents=11
2026-03-05 12:32:28,332 | INFO | evac_sim.simulation.simulation_manager | Progress | frame=5060 | agents=11
2026-03-05 12:32:28,352 | INFO | evac_sim.simulation.simulation_manager | Progress | frame=5070 | agents=11
2026-03-05 12:32:28,371 | INFO | evac_sim.simulation.simulation_manager | Progress | frame=5080 | agents=11
2026-03-05 12:32:28,390 | INFO | evac_sim.simulation.simulation_manager | Progress | frame=5090 | agents=11
2026-03-05 12:32:28,409 | INFO | evac_sim.simulation.simulation_manager | Progress | frame=5100 | agents=11
2026-03-05 12:32:28,435 | INFO | evac_sim.simulation.simulation_manager | Progress | frame=5110 | agents=10
2026-03-05 12:32:28,454 | INFO | evac_sim.simulation.simulation_manager | Progress | frame=5120 | agents=10
2026-03-05 12:32:28,473 | INFO | evac_sim.simulation.simulation_manager | Progress | frame=5130 | agents=10
2026-03-05 12:32:28,491 | INFO | evac_sim.simulation.simulation_manager | Progress | frame=5140 | agents=10
2026-03-05 12:32:28,510 | INFO | evac_sim.simulation.simulation_manager | Progress | frame=5150 | agents=10
2026-03-05 12:32:28,534 | INFO | evac_sim.simulation.simulation_manager | Progress | frame=5160 | agents=10
2026-03-05 12:32:28,553 | INFO | evac_sim.simulation.simulation_manager | Progress | frame=5170 | agents=10
2026-03-05 12:32:28,571 | INFO | evac_sim.simulation.simulation_manager | Progress | frame=5180 | agents=9
2026-03-05 12:32:28,590 | INFO | evac_sim.simulation.simulation_manager | Progress | frame=5190 | agents=9
2026-03-05 12:32:28,609 | INFO | evac_sim.simulation.simulation_manager | Progress | frame=5200 | agents=9
2026-03-05 12:32:28,632 | INFO | evac_sim.simulation.simulation_manager | Progress | frame=5210 | agents=9
2026-03-05 12:32:28,651 | INFO | evac_sim.simulation.simulation_manager | Progress | frame=5220 | agents=9
2026-03-05 12:32:28,670 | INFO | evac_sim.simulation.simulation_manager | Progress | frame=5230 | agents=8
2026-03-05 12:32:28,688 | INFO | evac_sim.simulation.simulation_manager | Progress | frame=5240 | agents=8
2026-03-05 12:32:28,706 | INFO | evac_sim.simulation.simulation_manager | Progress | frame=5250 | agents=8
2026-03-05 12:32:28,730 | INFO | evac_sim.simulation.simulation_manager | Progress | frame=5260 | agents=8
2026-03-05 12:32:28,753 | INFO | evac_sim.simulation.simulation_manager | Progress | frame=5270 | agents=8
2026-03-05 12:32:28,771 | INFO | evac_sim.simulation.simulation_manager | Progress | frame=5280 | agents=7
2026-03-05 12:32:28,789 | INFO | evac_sim.simulation.simulation_manager | Progress | frame=5290 | agents=7
2026-03-05 12:32:28,807 | INFO | evac_sim.simulation.simulation_manager | Progress | frame=5300 | agents=7
2026-03-05 12:32:28,838 | INFO | evac_sim.simulation.simulation_manager | Progress | frame=5310 | agents=7
2026-03-05 12:32:28,861 | INFO | evac_sim.simulation.simulation_manager | Progress | frame=5320 | agents=6
2026-03-05 12:32:28,882 | INFO | evac_sim.simulation.simulation_manager | Progress | frame=5330 | agents=6
2026-03-05 12:32:28,906 | INFO | evac_sim.simulation.simulation_manager | Progress | frame=5340 | agents=6
2026-03-05 12:32:28,926 | INFO | evac_sim.simulation.simulation_manager | Progress | frame=5350 | agents=6
2026-03-05 12:32:28,957 | INFO | evac_sim.simulation.simulation_manager | Progress | frame=5360 | agents=6
2026-03-05 12:32:28,977 | INFO | evac_sim.simulation.simulation_manager | Progress | frame=5370 | agents=5
2026-03-05 12:32:29,000 | INFO | evac_sim.simulation.simulation_manager | Progress | frame=5380 | agents=5
2026-03-05 12:32:29,021 | INFO | evac_sim.simulation.simulation_manager | Progress | frame=5390 | agents=5
2026-03-05 12:32:29,043 | INFO | evac_sim.simulation.simulation_manager | Progress | frame=5400 | agents=5
2026-03-05 12:32:29,073 | INFO | evac_sim.simulation.simulation_manager | Progress | frame=5410 | agents=5
2026-03-05 12:32:29,097 | INFO | evac_sim.simulation.simulation_manager | Progress | frame=5420 | agents=5
2026-03-05 12:32:29,123 | INFO | evac_sim.simulation.simulation_manager | Progress | frame=5430 | agents=5
2026-03-05 12:32:29,145 | INFO | evac_sim.simulation.simulation_manager | Progress | frame=5440 | agents=5
2026-03-05 12:32:29,168 | INFO | evac_sim.simulation.simulation_manager | Progress | frame=5450 | agents=5
2026-03-05 12:32:29,192 | INFO | evac_sim.simulation.simulation_manager | Progress | frame=5460 | agents=5
2026-03-05 12:32:29,214 | INFO | evac_sim.simulation.simulation_manager | Progress | frame=5470 | agents=5
2026-03-05 12:32:29,237 | INFO | evac_sim.simulation.simulation_manager | Progress | frame=5480 | agents=5
2026-03-05 12:32:29,259 | INFO | evac_sim.simulation.simulation_manager | Progress | frame=5490 | agents=5
2026-03-05 12:32:29,279 | INFO | evac_sim.simulation.simulation_manager | Progress | frame=5500 | agents=5
2026-03-05 12:32:29,304 | INFO | evac_sim.simulation.simulation_manager | Progress | frame=5510 | agents=5
2026-03-05 12:32:29,327 | INFO | evac_sim.simulation.simulation_manager | Progress | frame=5520 | agents=5
2026-03-05 12:32:29,348 | INFO | evac_sim.simulation.simulation_manager | Progress | frame=5530 | agents=5
2026-03-05 12:32:29,371 | INFO | evac_sim.simulation.simulation_manager | Progress | frame=5540 | agents=5
2026-03-05 12:32:29,391 | INFO | evac_sim.simulation.simulation_manager | Progress | frame=5550 | agents=5
2026-03-05 12:32:29,418 | INFO | evac_sim.simulation.simulation_manager | Progress | frame=5560 | agents=5
2026-03-05 12:32:29,440 | INFO | evac_sim.simulation.simulation_manager | Progress | frame=5570 | agents=5
2026-03-05 12:32:29,461 | INFO | evac_sim.simulation.simulation_manager | Progress | frame=5580 | agents=5
2026-03-05 12:32:29,480 | INFO | evac_sim.simulation.simulation_manager | Progress | frame=5590 | agents=5
2026-03-05 12:32:29,498 | INFO | evac_sim.simulation.simulation_manager | Progress | frame=5600 | agents=5
2026-03-05 12:32:29,518 | INFO | evac_sim.simulation.simulation_manager | Progress | frame=5610 | agents=5
2026-03-05 12:32:29,537 | INFO | evac_sim.simulation.simulation_manager | Progress | frame=5620 | agents=5
2026-03-05 12:32:29,555 | INFO | evac_sim.simulation.simulation_manager | Progress | frame=5630 | agents=5
2026-03-05 12:32:29,572 | INFO | evac_sim.simulation.simulation_manager | Progress | frame=5640 | agents=5
2026-03-05 12:32:29,591 | INFO | evac_sim.simulation.simulation_manager | Progress | frame=5650 | agents=5
2026-03-05 12:32:29,612 | INFO | evac_sim.simulation.simulation_manager | Progress | frame=5660 | agents=4
2026-03-05 12:32:29,630 | INFO | evac_sim.simulation.simulation_manager | Progress | frame=5670 | agents=4
2026-03-05 12:32:29,649 | INFO | evac_sim.simulation.simulation_manager | Progress | frame=5680 | agents=4
2026-03-05 12:32:29,666 | INFO | evac_sim.simulation.simulation_manager | Progress | frame=5690 | agents=4
2026-03-05 12:32:29,684 | INFO | evac_sim.simulation.simulation_manager | Progress | frame=5700 | agents=4
2026-03-05 12:32:29,706 | INFO | evac_sim.simulation.simulation_manager | Progress | frame=5710 | agents=3
2026-03-05 12:32:29,724 | INFO | evac_sim.simulation.simulation_manager | Progress | frame=5720 | agents=3
2026-03-05 12:32:29,742 | INFO | evac_sim.simulation.simulation_manager | Progress | frame=5730 | agents=3
2026-03-05 12:32:29,759 | INFO | evac_sim.simulation.simulation_manager | Progress | frame=5740 | agents=3
2026-03-05 12:32:29,777 | INFO | evac_sim.simulation.simulation_manager | Progress | frame=5750 | agents=3
2026-03-05 12:32:29,796 | INFO | evac_sim.simulation.simulation_manager | Progress | frame=5760 | agents=2
2026-03-05 12:32:29,814 | INFO | evac_sim.simulation.simulation_manager | Progress | frame=5770 | agents=2
2026-03-05 12:32:29,832 | INFO | evac_sim.simulation.simulation_manager | Progress | frame=5780 | agents=2
2026-03-05 12:32:29,851 | INFO | evac_sim.simulation.simulation_manager | Progress | frame=5790 | agents=2
2026-03-05 12:32:29,869 | INFO | evac_sim.simulation.simulation_manager | Progress | frame=5800 | agents=1
2026-03-05 12:32:29,889 | INFO | evac_sim.simulation.simulation_manager | Progress | frame=5810 | agents=1
2026-03-05 12:32:29,907 | INFO | evac_sim.simulation.simulation_manager | Progress | frame=5820 | agents=1
2026-03-05 12:32:29,925 | INFO | evac_sim.simulation.simulation_manager | Progress | frame=5830 | agents=1
2026-03-05 12:32:29,944 | INFO | evac_sim.simulation.simulation_manager | Progress | frame=5840 | agents=1
2026-03-05 12:32:29,949 | INFO | evac_sim.simulation.simulation_manager | Simulation end | last_frame=5843
2026-03-05 12:32:29,976 | INFO | evac_sim.runner | Mode start | mode=1 env=Cruise_Ship case=unknown
2026-03-05 12:32:30,030 | INFO | evac_sim.simulation.simulation_manager | Simulation start | agents=32
2026-03-05 12:32:30,069 | INFO | evac_sim.simulation.simulation_manager | Progress | frame=10 | agents=32
2026-03-05 12:32:30,089 | INFO | evac_sim.simulation.simulation_manager | Progress | frame=20 | agents=32
2026-03-05 12:32:30,110 | INFO | evac_sim.simulation.simulation_manager | Progress | frame=30 | agents=32
2026-03-05 12:32:30,130 | INFO | evac_sim.simulation.simulation_manager | Progress | frame=40 | agents=32
2026-03-05 12:32:30,152 | INFO | evac_sim.simulation.simulation_manager | Progress | frame=50 | agents=32
2026-03-05 12:32:30,187 | INFO | evac_sim.simulation.simulation_manager | Progress | frame=60 | agents=32
2026-03-05 12:32:30,209 | INFO | evac_sim.simulation.simulation_manager | Progress | frame=70 | agents=32
2026-03-05 12:32:30,230 | INFO | evac_sim.simulation.simulation_manager | Progress | frame=80 | agents=32
2026-03-05 12:32:30,251 | INFO | evac_sim.simulation.simulation_manager | Progress | frame=90 | agents=32
2026-03-05 12:32:30,273 | INFO | evac_sim.simulation.simulation_manager | Progress | frame=100 | agents=32
2026-03-05 12:32:30,308 | INFO | evac_sim.simulation.simulation_manager | Progress | frame=110 | agents=32
2026-03-05 12:32:30,328 | INFO | evac_sim.simulation.simulation_manager | Progress | frame=120 | agents=32
2026-03-05 12:32:30,350 | INFO | evac_sim.simulation.simulation_manager | Progress | frame=130 | agents=32
2026-03-05 12:32:30,372 | INFO | evac_sim.simulation.simulation_manager | Progress | frame=140 | agents=32
2026-03-05 12:32:30,395 | INFO | evac_sim.simulation.simulation_manager | Progress | frame=150 | agents=32
2026-03-05 12:32:30,434 | INFO | evac_sim.simulation.simulation_manager | Progress | frame=160 | agents=32
2026-03-05 12:32:30,456 | INFO | evac_sim.simulation.simulation_manager | Progress | frame=170 | agents=32
2026-03-05 12:32:30,477 | INFO | evac_sim.simulation.simulation_manager | Progress | frame=180 | agents=32
2026-03-05 12:32:30,499 | INFO | evac_sim.simulation.simulation_manager | Progress | frame=190 | agents=32
2026-03-05 12:32:30,521 | INFO | evac_sim.simulation.simulation_manager | Progress | frame=200 | agents=32
2026-03-05 12:32:30,557 | INFO | evac_sim.simulation.simulation_manager | Progress | frame=210 | agents=32
2026-03-05 12:32:30,578 | INFO | evac_sim.simulation.simulation_manager | Progress | frame=220 | agents=32
2026-03-05 12:32:30,601 | INFO | evac_sim.simulation.simulation_manager | Progress | frame=230 | agents=32
2026-03-05 12:32:30,623 | INFO | evac_sim.simulation.simulation_manager | Progress | frame=240 | agents=32
2026-03-05 12:32:30,646 | INFO | evac_sim.simulation.simulation_manager | Progress | frame=250 | agents=32
2026-03-05 12:32:30,682 | INFO | evac_sim.simulation.simulation_manager | Progress | frame=260 | agents=32
2026-03-05 12:32:30,704 | INFO | evac_sim.simulation.simulation_manager | Progress | frame=270 | agents=32
2026-03-05 12:32:30,726 | INFO | evac_sim.simulation.simulation_manager | Progress | frame=280 | agents=32
2026-03-05 12:32:30,748 | INFO | evac_sim.simulation.simulation_manager | Progress | frame=290 | agents=32
2026-03-05 12:32:30,771 | INFO | evac_sim.simulation.simulation_manager | Progress | frame=300 | agents=32
2026-03-05 12:32:30,811 | INFO | evac_sim.simulation.simulation_manager | Progress | frame=310 | agents=32
2026-03-05 12:32:30,833 | INFO | evac_sim.simulation.simulation_manager | Progress | frame=320 | agents=32
2026-03-05 12:32:30,855 | INFO | evac_sim.simulation.simulation_manager | Progress | frame=330 | agents=32
2026-03-05 12:32:30,878 | INFO | evac_sim.simulation.simulation_manager | Progress | frame=340 | agents=32
2026-03-05 12:32:30,898 | INFO | evac_sim.simulation.simulation_manager | Progress | frame=350 | agents=32
2026-03-05 12:32:30,935 | INFO | evac_sim.simulation.simulation_manager | Progress | frame=360 | agents=32
2026-03-05 12:32:30,957 | INFO | evac_sim.simulation.simulation_manager | Progress | frame=370 | agents=32
2026-03-05 12:32:30,979 | INFO | evac_sim.simulation.simulation_manager | Progress | frame=380 | agents=32
2026-03-05 12:32:31,000 | INFO | evac_sim.simulation.simulation_manager | Progress | frame=390 | agents=32
2026-03-05 12:32:31,021 | INFO | evac_sim.simulation.simulation_manager | Progress | frame=400 | agents=32
2026-03-05 12:32:31,027 | INFO | evac_sim.simulation.simulation_manager | Reroute applied | frame=400 | group=83 | agents=5 | curr=92 next=91 | old_len=46 new_len=48
2026-03-05 12:32:31,270 | INFO | evac_sim.simulation.simulation_manager | Reroute applied | frame=400 | group=77 | agents=6 | curr=56 next=24 | old_len=40 new_len=46
2026-03-05 12:32:31,506 | INFO | evac_sim.simulation.simulation_manager | Reroute applied | frame=400 | group=92 | agents=10 | curr=61 next=60 | old_len=43 new_len=48
2026-03-05 12:32:31,530 | INFO | evac_sim.simulation.simulation_manager | Progress | frame=410 | agents=32
2026-03-05 12:32:31,551 | INFO | evac_sim.simulation.simulation_manager | Progress | frame=420 | agents=32
2026-03-05 12:32:31,573 | INFO | evac_sim.simulation.simulation_manager | Progress | frame=430 | agents=32
2026-03-05 12:32:31,595 | INFO | evac_sim.simulation.simulation_manager | Progress | frame=440 | agents=32
2026-03-05 12:32:31,616 | INFO | evac_sim.simulation.simulation_manager | Progress | frame=450 | agents=32
2026-03-05 12:32:31,653 | INFO | evac_sim.simulation.simulation_manager | Progress | frame=460 | agents=32
2026-03-05 12:32:31,674 | INFO | evac_sim.simulation.simulation_manager | Progress | frame=470 | agents=32
2026-03-05 12:32:31,696 | INFO | evac_sim.simulation.simulation_manager | Progress | frame=480 | agents=32
2026-03-05 12:32:31,720 | INFO | evac_sim.simulation.simulation_manager | Progress | frame=490 | agents=32
2026-03-05 12:32:31,741 | INFO | evac_sim.simulation.simulation_manager | Progress | frame=500 | agents=32
2026-03-05 12:32:31,779 | INFO | evac_sim.simulation.simulation_manager | Progress | frame=510 | agents=32
2026-03-05 12:32:31,801 | INFO | evac_sim.simulation.simulation_manager | Progress | frame=520 | agents=32
2026-03-05 12:32:31,824 | INFO | evac_sim.simulation.simulation_manager | Progress | frame=530 | agents=32
2026-03-05 12:32:31,846 | INFO | evac_sim.simulation.simulation_manager | Progress | frame=540 | agents=32
2026-03-05 12:32:31,868 | INFO | evac_sim.simulation.simulation_manager | Progress | frame=550 | agents=32
2026-03-05 12:32:31,905 | INFO | evac_sim.simulation.simulation_manager | Progress | frame=560 | agents=32
2026-03-05 12:32:31,926 | INFO | evac_sim.simulation.simulation_manager | Progress | frame=570 | agents=32
2026-03-05 12:32:31,949 | INFO | evac_sim.simulation.simulation_manager | Progress | frame=580 | agents=32
2026-03-05 12:32:31,971 | INFO | evac_sim.simulation.simulation_manager | Progress | frame=590 | agents=32
2026-03-05 12:32:31,993 | INFO | evac_sim.simulation.simulation_manager | Progress | frame=600 | agents=32
2026-03-05 12:32:32,031 | INFO | evac_sim.simulation.simulation_manager | Progress | frame=610 | agents=32
2026-03-05 12:32:32,053 | INFO | evac_sim.simulation.simulation_manager | Progress | frame=620 | agents=32
2026-03-05 12:32:32,076 | INFO | evac_sim.simulation.simulation_manager | Progress | frame=630 | agents=32
2026-03-05 12:32:32,098 | INFO | evac_sim.simulation.simulation_manager | Progress | frame=640 | agents=32
2026-03-05 12:32:32,121 | INFO | evac_sim.simulation.simulation_manager | Progress | frame=650 | agents=32
2026-03-05 12:32:32,158 | INFO | evac_sim.simulation.simulation_manager | Progress | frame=660 | agents=32
2026-03-05 12:32:32,181 | INFO | evac_sim.simulation.simulation_manager | Progress | frame=670 | agents=32
2026-03-05 12:32:32,203 | INFO | evac_sim.simulation.simulation_manager | Progress | frame=680 | agents=32
2026-03-05 12:32:32,226 | INFO | evac_sim.simulation.simulation_manager | Progress | frame=690 | agents=32
2026-03-05 12:32:32,248 | INFO | evac_sim.simulation.simulation_manager | Progress | frame=700 | agents=32
2026-03-05 12:32:32,285 | INFO | evac_sim.simulation.simulation_manager | Progress | frame=710 | agents=32
2026-03-05 12:32:32,307 | INFO | evac_sim.simulation.simulation_manager | Progress | frame=720 | agents=32
2026-03-05 12:32:32,328 | INFO | evac_sim.simulation.simulation_manager | Progress | frame=730 | agents=32
2026-03-05 12:32:32,351 | INFO | evac_sim.simulation.simulation_manager | Progress | frame=740 | agents=32
2026-03-05 12:32:32,373 | INFO | evac_sim.simulation.simulation_manager | Progress | frame=750 | agents=32
2026-03-05 12:32:32,409 | INFO | evac_sim.simulation.simulation_manager | Progress | frame=760 | agents=32
2026-03-05 12:32:32,431 | INFO | evac_sim.simulation.simulation_manager | Progress | frame=770 | agents=32
2026-03-05 12:32:32,453 | INFO | evac_sim.simulation.simulation_manager | Progress | frame=780 | agents=32
2026-03-05 12:32:32,475 | INFO | evac_sim.simulation.simulation_manager | Progress | frame=790 | agents=32
2026-03-05 12:32:32,496 | INFO | evac_sim.simulation.simulation_manager | Progress | frame=800 | agents=32
2026-03-05 12:32:32,535 | INFO | evac_sim.simulation.simulation_manager | Progress | frame=810 | agents=32
2026-03-05 12:32:32,556 | INFO | evac_sim.simulation.simulation_manager | Progress | frame=820 | agents=32
2026-03-05 12:32:32,578 | INFO | evac_sim.simulation.simulation_manager | Progress | frame=830 | agents=32
2026-03-05 12:32:32,600 | INFO | evac_sim.simulation.simulation_manager | Progress | frame=840 | agents=32
2026-03-05 12:32:32,622 | INFO | evac_sim.simulation.simulation_manager | Progress | frame=850 | agents=32
2026-03-05 12:32:32,657 | INFO | evac_sim.simulation.simulation_manager | Progress | frame=860 | agents=32
2026-03-05 12:32:32,680 | INFO | evac_sim.simulation.simulation_manager | Progress | frame=870 | agents=32
2026-03-05 12:32:32,701 | INFO | evac_sim.simulation.simulation_manager | Progress | frame=880 | agents=32
2026-03-05 12:32:32,723 | INFO | evac_sim.simulation.simulation_manager | Progress | frame=890 | agents=32
2026-03-05 12:32:32,745 | INFO | evac_sim.simulation.simulation_manager | Progress | frame=900 | agents=32
2026-03-05 12:32:32,783 | INFO | evac_sim.simulation.simulation_manager | Progress | frame=910 | agents=32
2026-03-05 12:32:32,805 | INFO | evac_sim.simulation.simulation_manager | Progress | frame=920 | agents=32
2026-03-05 12:32:32,826 | INFO | evac_sim.simulation.simulation_manager | Progress | frame=930 | agents=32
2026-03-05 12:32:32,848 | INFO | evac_sim.simulation.simulation_manager | Progress | frame=940 | agents=32
2026-03-05 12:32:32,870 | INFO | evac_sim.simulation.simulation_manager | Progress | frame=950 | agents=32
2026-03-05 12:32:32,905 | INFO | evac_sim.simulation.simulation_manager | Progress | frame=960 | agents=32
2026-03-05 12:32:32,928 | INFO | evac_sim.simulation.simulation_manager | Progress | frame=970 | agents=32
2026-03-05 12:32:32,950 | INFO | evac_sim.simulation.simulation_manager | Progress | frame=980 | agents=32
2026-03-05 12:32:32,972 | INFO | evac_sim.simulation.simulation_manager | Progress | frame=990 | agents=32
2026-03-05 12:32:32,993 | INFO | evac_sim.simulation.simulation_manager | Progress | frame=1000 | agents=32
2026-03-05 12:32:33,029 | INFO | evac_sim.simulation.simulation_manager | Progress | frame=1010 | agents=32
2026-03-05 12:32:33,050 | INFO | evac_sim.simulation.simulation_manager | Progress | frame=1020 | agents=32
2026-03-05 12:32:33,073 | INFO | evac_sim.simulation.simulation_manager | Progress | frame=1030 | agents=32
2026-03-05 12:32:33,095 | INFO | evac_sim.simulation.simulation_manager | Progress | frame=1040 | agents=32
2026-03-05 12:32:33,116 | INFO | evac_sim.simulation.simulation_manager | Progress | frame=1050 | agents=32
2026-03-05 12:32:33,153 | INFO | evac_sim.simulation.simulation_manager | Progress | frame=1060 | agents=32
2026-03-05 12:32:33,176 | INFO | evac_sim.simulation.simulation_manager | Progress | frame=1070 | agents=32
2026-03-05 12:32:33,196 | INFO | evac_sim.simulation.simulation_manager | Progress | frame=1080 | agents=32
2026-03-05 12:32:33,217 | INFO | evac_sim.simulation.simulation_manager | Progress | frame=1090 | agents=32
2026-03-05 12:32:33,239 | INFO | evac_sim.simulation.simulation_manager | Progress | frame=1100 | agents=32
2026-03-05 12:32:33,274 | INFO | evac_sim.simulation.simulation_manager | Progress | frame=1110 | agents=32
2026-03-05 12:32:33,295 | INFO | evac_sim.simulation.simulation_manager | Progress | frame=1120 | agents=32
2026-03-05 12:32:33,317 | INFO | evac_sim.simulation.simulation_manager | Progress | frame=1130 | agents=32
2026-03-05 12:32:33,339 | INFO | evac_sim.simulation.simulation_manager | Progress | frame=1140 | agents=32
2026-03-05 12:32:33,361 | INFO | evac_sim.simulation.simulation_manager | Progress | frame=1150 | agents=32
2026-03-05 12:32:33,396 | INFO | evac_sim.simulation.simulation_manager | Progress | frame=1160 | agents=32
2026-03-05 12:32:33,417 | INFO | evac_sim.simulation.simulation_manager | Progress | frame=1170 | agents=32
2026-03-05 12:32:33,439 | INFO | evac_sim.simulation.simulation_manager | Progress | frame=1180 | agents=32
2026-03-05 12:32:33,462 | INFO | evac_sim.simulation.simulation_manager | Progress | frame=1190 | agents=32
2026-03-05 12:32:33,482 | INFO | evac_sim.simulation.simulation_manager | Progress | frame=1200 | agents=32
2026-03-05 12:32:33,517 | INFO | evac_sim.simulation.simulation_manager | Progress | frame=1210 | agents=32
2026-03-05 12:32:33,539 | INFO | evac_sim.simulation.simulation_manager | Progress | frame=1220 | agents=32
2026-03-05 12:32:33,560 | INFO | evac_sim.simulation.simulation_manager | Progress | frame=1230 | agents=32
2026-03-05 12:32:33,582 | INFO | evac_sim.simulation.simulation_manager | Progress | frame=1240 | agents=32
2026-03-05 12:32:33,604 | INFO | evac_sim.simulation.simulation_manager | Progress | frame=1250 | agents=32
2026-03-05 12:32:33,639 | INFO | evac_sim.simulation.simulation_manager | Progress | frame=1260 | agents=32
2026-03-05 12:32:33,660 | INFO | evac_sim.simulation.simulation_manager | Progress | frame=1270 | agents=32
2026-03-05 12:32:33,682 | INFO | evac_sim.simulation.simulation_manager | Progress | frame=1280 | agents=32
2026-03-05 12:32:33,704 | INFO | evac_sim.simulation.simulation_manager | Progress | frame=1290 | agents=32
2026-03-05 12:32:33,727 | INFO | evac_sim.simulation.simulation_manager | Progress | frame=1300 | agents=32
2026-03-05 12:32:33,763 | INFO | evac_sim.simulation.simulation_manager | Progress | frame=1310 | agents=32
2026-03-05 12:32:33,790 | INFO | evac_sim.simulation.simulation_manager | Progress | frame=1320 | agents=32
2026-03-05 12:32:33,814 | INFO | evac_sim.simulation.simulation_manager | Progress | frame=1330 | agents=32
2026-03-05 12:32:33,843 | INFO | evac_sim.simulation.simulation_manager | Progress | frame=1340 | agents=32
2026-03-05 12:32:33,871 | INFO | evac_sim.simulation.simulation_manager | Progress | frame=1350 | agents=32
2026-03-05 12:32:33,912 | INFO | evac_sim.simulation.simulation_manager | Progress | frame=1360 | agents=32
2026-03-05 12:32:33,939 | INFO | evac_sim.simulation.simulation_manager | Progress | frame=1370 | agents=32
2026-03-05 12:32:33,962 | INFO | evac_sim.simulation.simulation_manager | Progress | frame=1380 | agents=32
2026-03-05 12:32:33,988 | INFO | evac_sim.simulation.simulation_manager | Progress | frame=1390 | agents=32
2026-03-05 12:32:34,014 | INFO | evac_sim.simulation.simulation_manager | Progress | frame=1400 | agents=32
2026-03-05 12:32:34,059 | INFO | evac_sim.simulation.simulation_manager | Progress | frame=1410 | agents=32
2026-03-05 12:32:34,085 | INFO | evac_sim.simulation.simulation_manager | Progress | frame=1420 | agents=32
2026-03-05 12:32:34,114 | INFO | evac_sim.simulation.simulation_manager | Progress | frame=1430 | agents=32
2026-03-05 12:32:34,140 | INFO | evac_sim.simulation.simulation_manager | Progress | frame=1440 | agents=32
2026-03-05 12:32:34,166 | INFO | evac_sim.simulation.simulation_manager | Progress | frame=1450 | agents=32
2026-03-05 12:32:34,211 | INFO | evac_sim.simulation.simulation_manager | Progress | frame=1460 | agents=32
2026-03-05 12:32:34,238 | INFO | evac_sim.simulation.simulation_manager | Progress | frame=1470 | agents=32
2026-03-05 12:32:34,263 | INFO | evac_sim.simulation.simulation_manager | Progress | frame=1480 | agents=32
2026-03-05 12:32:34,290 | INFO | evac_sim.simulation.simulation_manager | Progress | frame=1490 | agents=32
2026-03-05 12:32:34,317 | INFO | evac_sim.simulation.simulation_manager | Progress | frame=1500 | agents=32
2026-03-05 12:32:34,360 | INFO | evac_sim.simulation.simulation_manager | Progress | frame=1510 | agents=32
2026-03-05 12:32:34,388 | INFO | evac_sim.simulation.simulation_manager | Progress | frame=1520 | agents=32
2026-03-05 12:32:34,422 | INFO | evac_sim.simulation.simulation_manager | Progress | frame=1530 | agents=32
2026-03-05 12:32:34,451 | INFO | evac_sim.simulation.simulation_manager | Progress | frame=1540 | agents=32
2026-03-05 12:32:34,476 | INFO | evac_sim.simulation.simulation_manager | Progress | frame=1550 | agents=32
2026-03-05 12:32:34,519 | INFO | evac_sim.simulation.simulation_manager | Progress | frame=1560 | agents=32
2026-03-05 12:32:34,542 | INFO | evac_sim.simulation.simulation_manager | Progress | frame=1570 | agents=32
2026-03-05 12:32:34,563 | INFO | evac_sim.simulation.simulation_manager | Progress | frame=1580 | agents=32
2026-03-05 12:32:34,585 | INFO | evac_sim.simulation.simulation_manager | Progress | frame=1590 | agents=32
2026-03-05 12:32:34,606 | INFO | evac_sim.simulation.simulation_manager | Progress | frame=1600 | agents=32
2026-03-05 12:32:34,641 | INFO | evac_sim.simulation.simulation_manager | Progress | frame=1610 | agents=32
2026-03-05 12:32:34,663 | INFO | evac_sim.simulation.simulation_manager | Progress | frame=1620 | agents=32
2026-03-05 12:32:34,684 | INFO | evac_sim.simulation.simulation_manager | Progress | frame=1630 | agents=32
2026-03-05 12:32:34,705 | INFO | evac_sim.simulation.simulation_manager | Progress | frame=1640 | agents=32
2026-03-05 12:32:34,727 | INFO | evac_sim.simulation.simulation_manager | Progress | frame=1650 | agents=32
2026-03-05 12:32:34,761 | INFO | evac_sim.simulation.simulation_manager | Progress | frame=1660 | agents=32
2026-03-05 12:32:34,783 | INFO | evac_sim.simulation.simulation_manager | Progress | frame=1670 | agents=32
2026-03-05 12:32:34,805 | INFO | evac_sim.simulation.simulation_manager | Progress | frame=1680 | agents=32
2026-03-05 12:32:34,827 | INFO | evac_sim.simulation.simulation_manager | Progress | frame=1690 | agents=32
2026-03-05 12:32:34,848 | INFO | evac_sim.simulation.simulation_manager | Progress | frame=1700 | agents=32
2026-03-05 12:32:34,882 | INFO | evac_sim.simulation.simulation_manager | Progress | frame=1710 | agents=32
2026-03-05 12:32:34,903 | INFO | evac_sim.simulation.simulation_manager | Progress | frame=1720 | agents=32
2026-03-05 12:32:34,926 | INFO | evac_sim.simulation.simulation_manager | Progress | frame=1730 | agents=32
2026-03-05 12:32:34,946 | INFO | evac_sim.simulation.simulation_manager | Progress | frame=1740 | agents=32
2026-03-05 12:32:34,968 | INFO | evac_sim.simulation.simulation_manager | Progress | frame=1750 | agents=32
2026-03-05 12:32:35,004 | INFO | evac_sim.simulation.simulation_manager | Progress | frame=1760 | agents=32
2026-03-05 12:32:35,024 | INFO | evac_sim.simulation.simulation_manager | Progress | frame=1770 | agents=32
2026-03-05 12:32:35,047 | INFO | evac_sim.simulation.simulation_manager | Progress | frame=1780 | agents=32
2026-03-05 12:32:35,069 | INFO | evac_sim.simulation.simulation_manager | Progress | frame=1790 | agents=32
2026-03-05 12:32:35,091 | INFO | evac_sim.simulation.simulation_manager | Progress | frame=1800 | agents=32
2026-03-05 12:32:35,127 | INFO | evac_sim.simulation.simulation_manager | Progress | frame=1810 | agents=32
2026-03-05 12:32:35,148 | INFO | evac_sim.simulation.simulation_manager | Progress | frame=1820 | agents=32
2026-03-05 12:32:35,169 | INFO | evac_sim.simulation.simulation_manager | Progress | frame=1830 | agents=32
2026-03-05 12:32:35,191 | INFO | evac_sim.simulation.simulation_manager | Progress | frame=1840 | agents=32
2026-03-05 12:32:35,212 | INFO | evac_sim.simulation.simulation_manager | Progress | frame=1850 | agents=32
2026-03-05 12:32:35,249 | INFO | evac_sim.simulation.simulation_manager | Progress | frame=1860 | agents=32
2026-03-05 12:32:35,270 | INFO | evac_sim.simulation.simulation_manager | Progress | frame=1870 | agents=32
2026-03-05 12:32:35,291 | INFO | evac_sim.simulation.simulation_manager | Progress | frame=1880 | agents=32
2026-03-05 12:32:35,313 | INFO | evac_sim.simulation.simulation_manager | Progress | frame=1890 | agents=32
2026-03-05 12:32:35,334 | INFO | evac_sim.simulation.simulation_manager | Progress | frame=1900 | agents=32
2026-03-05 12:32:35,369 | INFO | evac_sim.simulation.simulation_manager | Progress | frame=1910 | agents=32
2026-03-05 12:32:35,392 | INFO | evac_sim.simulation.simulation_manager | Progress | frame=1920 | agents=32
2026-03-05 12:32:35,413 | INFO | evac_sim.simulation.simulation_manager | Progress | frame=1930 | agents=32
2026-03-05 12:32:35,436 | INFO | evac_sim.simulation.simulation_manager | Progress | frame=1940 | agents=32
2026-03-05 12:32:35,457 | INFO | evac_sim.simulation.simulation_manager | Progress | frame=1950 | agents=32
2026-03-05 12:32:35,492 | INFO | evac_sim.simulation.simulation_manager | Progress | frame=1960 | agents=32
2026-03-05 12:32:35,514 | INFO | evac_sim.simulation.simulation_manager | Progress | frame=1970 | agents=32
2026-03-05 12:32:35,536 | INFO | evac_sim.simulation.simulation_manager | Progress | frame=1980 | agents=32
2026-03-05 12:32:35,557 | INFO | evac_sim.simulation.simulation_manager | Progress | frame=1990 | agents=32
2026-03-05 12:32:35,578 | INFO | evac_sim.simulation.simulation_manager | Progress | frame=2000 | agents=32
2026-03-05 12:32:35,613 | INFO | evac_sim.simulation.simulation_manager | Progress | frame=2010 | agents=32
2026-03-05 12:32:35,634 | INFO | evac_sim.simulation.simulation_manager | Progress | frame=2020 | agents=32
2026-03-05 12:32:35,656 | INFO | evac_sim.simulation.simulation_manager | Progress | frame=2030 | agents=32
2026-03-05 12:32:35,677 | INFO | evac_sim.simulation.simulation_manager | Progress | frame=2040 | agents=32
2026-03-05 12:32:35,699 | INFO | evac_sim.simulation.simulation_manager | Progress | frame=2050 | agents=32
2026-03-05 12:32:35,734 | INFO | evac_sim.simulation.simulation_manager | Progress | frame=2060 | agents=32
2026-03-05 12:32:35,754 | INFO | evac_sim.simulation.simulation_manager | Progress | frame=2070 | agents=32
2026-03-05 12:32:35,776 | INFO | evac_sim.simulation.simulation_manager | Progress | frame=2080 | agents=32
2026-03-05 12:32:35,797 | INFO | evac_sim.simulation.simulation_manager | Progress | frame=2090 | agents=32
2026-03-05 12:32:35,818 | INFO | evac_sim.simulation.simulation_manager | Progress | frame=2100 | agents=32
2026-03-05 12:32:35,852 | INFO | evac_sim.simulation.simulation_manager | Progress | frame=2110 | agents=32
2026-03-05 12:32:35,876 | INFO | evac_sim.simulation.simulation_manager | Progress | frame=2120 | agents=32
2026-03-05 12:32:35,897 | INFO | evac_sim.simulation.simulation_manager | Progress | frame=2130 | agents=32
2026-03-05 12:32:35,918 | INFO | evac_sim.simulation.simulation_manager | Progress | frame=2140 | agents=32
2026-03-05 12:32:35,939 | INFO | evac_sim.simulation.simulation_manager | Progress | frame=2150 | agents=32
2026-03-05 12:32:35,980 | INFO | evac_sim.simulation.simulation_manager | Progress | frame=2160 | agents=32
2026-03-05 12:32:36,001 | INFO | evac_sim.simulation.simulation_manager | Progress | frame=2170 | agents=32
2026-03-05 12:32:36,023 | INFO | evac_sim.simulation.simulation_manager | Progress | frame=2180 | agents=32
2026-03-05 12:32:36,044 | INFO | evac_sim.simulation.simulation_manager | Progress | frame=2190 | agents=32
2026-03-05 12:32:36,065 | INFO | evac_sim.simulation.simulation_manager | Progress | frame=2200 | agents=32
2026-03-05 12:32:36,193 | INFO | evac_sim.simulation.simulation_manager | Reroute applied | frame=2200 | group=82 | agents=5 | curr=54 next=55 | old_len=48 new_len=56
2026-03-05 12:32:36,599 | INFO | evac_sim.simulation.simulation_manager | Reroute applied | frame=2200 | group=83 | agents=5 | curr=139 next=140 | old_len=48 new_len=56
2026-03-05 12:32:37,138 | INFO | evac_sim.simulation.simulation_manager | Reroute applied | frame=2200 | group=92 | agents=10 | curr=157 next=156 | old_len=48 new_len=66
2026-03-05 12:32:37,160 | INFO | evac_sim.simulation.simulation_manager | Progress | frame=2210 | agents=32
2026-03-05 12:32:37,181 | INFO | evac_sim.simulation.simulation_manager | Progress | frame=2220 | agents=32
2026-03-05 12:32:37,202 | INFO | evac_sim.simulation.simulation_manager | Progress | frame=2230 | agents=32
2026-03-05 12:32:37,222 | INFO | evac_sim.simulation.simulation_manager | Progress | frame=2240 | agents=32
2026-03-05 12:32:37,246 | INFO | evac_sim.simulation.simulation_manager | Progress | frame=2250 | agents=32
2026-03-05 12:32:37,279 | INFO | evac_sim.simulation.simulation_manager | Progress | frame=2260 | agents=32
2026-03-05 12:32:37,299 | INFO | evac_sim.simulation.simulation_manager | Progress | frame=2270 | agents=32
2026-03-05 12:32:37,319 | INFO | evac_sim.simulation.simulation_manager | Progress | frame=2280 | agents=32
2026-03-05 12:32:37,340 | INFO | evac_sim.simulation.simulation_manager | Progress | frame=2290 | agents=32
2026-03-05 12:32:37,361 | INFO | evac_sim.simulation.simulation_manager | Progress | frame=2300 | agents=32
2026-03-05 12:32:37,396 | INFO | evac_sim.simulation.simulation_manager | Progress | frame=2310 | agents=32
2026-03-05 12:32:37,418 | INFO | evac_sim.simulation.simulation_manager | Progress | frame=2320 | agents=32
2026-03-05 12:32:37,439 | INFO | evac_sim.simulation.simulation_manager | Progress | frame=2330 | agents=32
2026-03-05 12:32:37,461 | INFO | evac_sim.simulation.simulation_manager | Progress | frame=2340 | agents=32
2026-03-05 12:32:37,481 | INFO | evac_sim.simulation.simulation_manager | Progress | frame=2350 | agents=32
2026-03-05 12:32:37,516 | INFO | evac_sim.simulation.simulation_manager | Progress | frame=2360 | agents=32
2026-03-05 12:32:37,537 | INFO | evac_sim.simulation.simulation_manager | Progress | frame=2370 | agents=32
2026-03-05 12:32:37,558 | INFO | evac_sim.simulation.simulation_manager | Progress | frame=2380 | agents=32
2026-03-05 12:32:37,578 | INFO | evac_sim.simulation.simulation_manager | Progress | frame=2390 | agents=32
2026-03-05 12:32:37,599 | INFO | evac_sim.simulation.simulation_manager | Progress | frame=2400 | agents=32
2026-03-05 12:32:37,633 | INFO | evac_sim.simulation.simulation_manager | Progress | frame=2410 | agents=32
2026-03-05 12:32:37,654 | INFO | evac_sim.simulation.simulation_manager | Progress | frame=2420 | agents=32
2026-03-05 12:32:37,676 | INFO | evac_sim.simulation.simulation_manager | Progress | frame=2430 | agents=32
2026-03-05 12:32:37,696 | INFO | evac_sim.simulation.simulation_manager | Progress | frame=2440 | agents=32
2026-03-05 12:32:37,716 | INFO | evac_sim.simulation.simulation_manager | Progress | frame=2450 | agents=32
2026-03-05 12:32:37,751 | INFO | evac_sim.simulation.simulation_manager | Progress | frame=2460 | agents=32
2026-03-05 12:32:37,772 | INFO | evac_sim.simulation.simulation_manager | Progress | frame=2470 | agents=32
2026-03-05 12:32:37,792 | INFO | evac_sim.simulation.simulation_manager | Progress | frame=2480 | agents=31
2026-03-05 12:32:37,813 | INFO | evac_sim.simulation.simulation_manager | Progress | frame=2490 | agents=31
2026-03-05 12:32:37,834 | INFO | evac_sim.simulation.simulation_manager | Progress | frame=2500 | agents=31
2026-03-05 12:32:37,869 | INFO | evac_sim.simulation.simulation_manager | Progress | frame=2510 | agents=31
2026-03-05 12:32:37,889 | INFO | evac_sim.simulation.simulation_manager | Progress | frame=2520 | agents=31
2026-03-05 12:32:37,910 | INFO | evac_sim.simulation.simulation_manager | Progress | frame=2530 | agents=31
2026-03-05 12:32:37,931 | INFO | evac_sim.simulation.simulation_manager | Progress | frame=2540 | agents=31
2026-03-05 12:32:37,951 | INFO | evac_sim.simulation.simulation_manager | Progress | frame=2550 | agents=31
2026-03-05 12:32:37,986 | INFO | evac_sim.simulation.simulation_manager | Progress | frame=2560 | agents=30
2026-03-05 12:32:38,007 | INFO | evac_sim.simulation.simulation_manager | Progress | frame=2570 | agents=30
2026-03-05 12:32:38,027 | INFO | evac_sim.simulation.simulation_manager | Progress | frame=2580 | agents=30
2026-03-05 12:32:38,049 | INFO | evac_sim.simulation.simulation_manager | Progress | frame=2590 | agents=30
2026-03-05 12:32:38,070 | INFO | evac_sim.simulation.simulation_manager | Progress | frame=2600 | agents=30
2026-03-05 12:32:38,104 | INFO | evac_sim.simulation.simulation_manager | Progress | frame=2610 | agents=30
2026-03-05 12:32:38,124 | INFO | evac_sim.simulation.simulation_manager | Progress | frame=2620 | agents=29
2026-03-05 12:32:38,144 | INFO | evac_sim.simulation.simulation_manager | Progress | frame=2630 | agents=29
2026-03-05 12:32:38,164 | INFO | evac_sim.simulation.simulation_manager | Progress | frame=2640 | agents=29
2026-03-05 12:32:38,184 | INFO | evac_sim.simulation.simulation_manager | Progress | frame=2650 | agents=29
2026-03-05 12:32:38,218 | INFO | evac_sim.simulation.simulation_manager | Progress | frame=2660 | agents=29
2026-03-05 12:32:38,239 | INFO | evac_sim.simulation.simulation_manager | Progress | frame=2670 | agents=28
2026-03-05 12:32:38,259 | INFO | evac_sim.simulation.simulation_manager | Progress | frame=2680 | agents=28
2026-03-05 12:32:38,279 | INFO | evac_sim.simulation.simulation_manager | Progress | frame=2690 | agents=28
2026-03-05 12:32:38,299 | INFO | evac_sim.simulation.simulation_manager | Progress | frame=2700 | agents=28
2026-03-05 12:32:38,333 | INFO | evac_sim.simulation.simulation_manager | Progress | frame=2710 | agents=28
2026-03-05 12:32:38,352 | INFO | evac_sim.simulation.simulation_manager | Progress | frame=2720 | agents=28
2026-03-05 12:32:38,372 | INFO | evac_sim.simulation.simulation_manager | Progress | frame=2730 | agents=27
2026-03-05 12:32:38,392 | INFO | evac_sim.simulation.simulation_manager | Progress | frame=2740 | agents=27
2026-03-05 12:32:38,412 | INFO | evac_sim.simulation.simulation_manager | Progress | frame=2750 | agents=27
2026-03-05 12:32:38,445 | INFO | evac_sim.simulation.simulation_manager | Progress | frame=2760 | agents=27
2026-03-05 12:32:38,465 | INFO | evac_sim.simulation.simulation_manager | Progress | frame=2770 | agents=27
2026-03-05 12:32:38,485 | INFO | evac_sim.simulation.simulation_manager | Progress | frame=2780 | agents=26
2026-03-05 12:32:38,506 | INFO | evac_sim.simulation.simulation_manager | Progress | frame=2790 | agents=26
2026-03-05 12:32:38,526 | INFO | evac_sim.simulation.simulation_manager | Progress | frame=2800 | agents=26
2026-03-05 12:32:38,557 | INFO | evac_sim.simulation.simulation_manager | Progress | frame=2810 | agents=26
2026-03-05 12:32:38,576 | INFO | evac_sim.simulation.simulation_manager | Progress | frame=2820 | agents=26
2026-03-05 12:32:38,598 | INFO | evac_sim.simulation.simulation_manager | Progress | frame=2830 | agents=26
2026-03-05 12:32:38,617 | INFO | evac_sim.simulation.simulation_manager | Progress | frame=2840 | agents=26
2026-03-05 12:32:38,638 | INFO | evac_sim.simulation.simulation_manager | Progress | frame=2850 | agents=26
2026-03-05 12:32:38,667 | INFO | evac_sim.simulation.simulation_manager | Progress | frame=2860 | agents=25
2026-03-05 12:32:38,687 | INFO | evac_sim.simulation.simulation_manager | Progress | frame=2870 | agents=25
2026-03-05 12:32:38,707 | INFO | evac_sim.simulation.simulation_manager | Progress | frame=2880 | agents=25
2026-03-05 12:32:38,727 | INFO | evac_sim.simulation.simulation_manager | Progress | frame=2890 | agents=25
2026-03-05 12:32:38,747 | INFO | evac_sim.simulation.simulation_manager | Progress | frame=2900 | agents=25
2026-03-05 12:32:38,777 | INFO | evac_sim.simulation.simulation_manager | Progress | frame=2910 | agents=25
2026-03-05 12:32:38,797 | INFO | evac_sim.simulation.simulation_manager | Progress | frame=2920 | agents=24
2026-03-05 12:32:38,816 | INFO | evac_sim.simulation.simulation_manager | Progress | frame=2930 | agents=24
2026-03-05 12:32:38,835 | INFO | evac_sim.simulation.simulation_manager | Progress | frame=2940 | agents=24
2026-03-05 12:32:38,856 | INFO | evac_sim.simulation.simulation_manager | Progress | frame=2950 | agents=24
2026-03-05 12:32:38,885 | INFO | evac_sim.simulation.simulation_manager | Progress | frame=2960 | agents=24
2026-03-05 12:32:38,905 | INFO | evac_sim.simulation.simulation_manager | Progress | frame=2970 | agents=23
2026-03-05 12:32:38,925 | INFO | evac_sim.simulation.simulation_manager | Progress | frame=2980 | agents=23
2026-03-05 12:32:38,945 | INFO | evac_sim.simulation.simulation_manager | Progress | frame=2990 | agents=23
2026-03-05 12:32:38,965 | INFO | evac_sim.simulation.simulation_manager | Progress | frame=3000 | agents=23
2026-03-05 12:32:38,995 | INFO | evac_sim.simulation.simulation_manager | Progress | frame=3010 | agents=23
2026-03-05 12:32:39,014 | INFO | evac_sim.simulation.simulation_manager | Progress | frame=3020 | agents=23
2026-03-05 12:32:39,033 | INFO | evac_sim.simulation.simulation_manager | Progress | frame=3030 | agents=22
2026-03-05 12:32:39,055 | INFO | evac_sim.simulation.simulation_manager | Progress | frame=3040 | agents=22
2026-03-05 12:32:39,074 | INFO | evac_sim.simulation.simulation_manager | Progress | frame=3050 | agents=22
2026-03-05 12:32:39,104 | INFO | evac_sim.simulation.simulation_manager | Progress | frame=3060 | agents=22
2026-03-05 12:32:39,123 | INFO | evac_sim.simulation.simulation_manager | Progress | frame=3070 | agents=22
2026-03-05 12:32:39,142 | INFO | evac_sim.simulation.simulation_manager | Progress | frame=3080 | agents=21
2026-03-05 12:32:39,161 | INFO | evac_sim.simulation.simulation_manager | Progress | frame=3090 | agents=21
2026-03-05 12:32:39,181 | INFO | evac_sim.simulation.simulation_manager | Progress | frame=3100 | agents=21
2026-03-05 12:32:39,211 | INFO | evac_sim.simulation.simulation_manager | Progress | frame=3110 | agents=21
2026-03-05 12:32:39,230 | INFO | evac_sim.simulation.simulation_manager | Progress | frame=3120 | agents=21
2026-03-05 12:32:39,249 | INFO | evac_sim.simulation.simulation_manager | Progress | frame=3130 | agents=21
2026-03-05 12:32:39,268 | INFO | evac_sim.simulation.simulation_manager | Progress | frame=3140 | agents=21
2026-03-05 12:32:39,287 | INFO | evac_sim.simulation.simulation_manager | Progress | frame=3150 | agents=21
2026-03-05 12:32:39,316 | INFO | evac_sim.simulation.simulation_manager | Progress | frame=3160 | agents=20
2026-03-05 12:32:39,336 | INFO | evac_sim.simulation.simulation_manager | Progress | frame=3170 | agents=20
2026-03-05 12:32:39,355 | INFO | evac_sim.simulation.simulation_manager | Progress | frame=3180 | agents=20
2026-03-05 12:32:39,374 | INFO | evac_sim.simulation.simulation_manager | Progress | frame=3190 | agents=20
2026-03-05 12:32:39,393 | INFO | evac_sim.simulation.simulation_manager | Progress | frame=3200 | agents=20
2026-03-05 12:32:39,420 | INFO | evac_sim.simulation.simulation_manager | Progress | frame=3210 | agents=20
2026-03-05 12:32:39,439 | INFO | evac_sim.simulation.simulation_manager | Progress | frame=3220 | agents=20
2026-03-05 12:32:39,457 | INFO | evac_sim.simulation.simulation_manager | Progress | frame=3230 | agents=20
2026-03-05 12:32:39,477 | INFO | evac_sim.simulation.simulation_manager | Progress | frame=3240 | agents=20
2026-03-05 12:32:39,495 | INFO | evac_sim.simulation.simulation_manager | Progress | frame=3250 | agents=20
2026-03-05 12:32:39,523 | INFO | evac_sim.simulation.simulation_manager | Progress | frame=3260 | agents=20
2026-03-05 12:32:39,542 | INFO | evac_sim.simulation.simulation_manager | Progress | frame=3270 | agents=20
2026-03-05 12:32:39,561 | INFO | evac_sim.simulation.simulation_manager | Progress | frame=3280 | agents=20
2026-03-05 12:32:39,580 | INFO | evac_sim.simulation.simulation_manager | Progress | frame=3290 | agents=20
2026-03-05 12:32:39,599 | INFO | evac_sim.simulation.simulation_manager | Progress | frame=3300 | agents=20
2026-03-05 12:32:39,626 | INFO | evac_sim.simulation.simulation_manager | Progress | frame=3310 | agents=20
2026-03-05 12:32:39,644 | INFO | evac_sim.simulation.simulation_manager | Progress | frame=3320 | agents=20
2026-03-05 12:32:39,664 | INFO | evac_sim.simulation.simulation_manager | Progress | frame=3330 | agents=20
2026-03-05 12:32:39,683 | INFO | evac_sim.simulation.simulation_manager | Progress | frame=3340 | agents=20
2026-03-05 12:32:39,702 | INFO | evac_sim.simulation.simulation_manager | Progress | frame=3350 | agents=20
2026-03-05 12:32:39,729 | INFO | evac_sim.simulation.simulation_manager | Progress | frame=3360 | agents=20
2026-03-05 12:32:39,748 | INFO | evac_sim.simulation.simulation_manager | Progress | frame=3370 | agents=20
2026-03-05 12:32:39,767 | INFO | evac_sim.simulation.simulation_manager | Progress | frame=3380 | agents=20
2026-03-05 12:32:39,786 | INFO | evac_sim.simulation.simulation_manager | Progress | frame=3390 | agents=20
2026-03-05 12:32:39,806 | INFO | evac_sim.simulation.simulation_manager | Progress | frame=3400 | agents=20
2026-03-05 12:32:39,832 | INFO | evac_sim.simulation.simulation_manager | Progress | frame=3410 | agents=20
2026-03-05 12:32:39,851 | INFO | evac_sim.simulation.simulation_manager | Progress | frame=3420 | agents=20
2026-03-05 12:32:39,869 | INFO | evac_sim.simulation.simulation_manager | Progress | frame=3430 | agents=20
2026-03-05 12:32:39,890 | INFO | evac_sim.simulation.simulation_manager | Progress | frame=3440 | agents=20
2026-03-05 12:32:39,909 | INFO | evac_sim.simulation.simulation_manager | Progress | frame=3450 | agents=20
2026-03-05 12:32:39,936 | INFO | evac_sim.simulation.simulation_manager | Progress | frame=3460 | agents=20
2026-03-05 12:32:39,955 | INFO | evac_sim.simulation.simulation_manager | Progress | frame=3470 | agents=20
2026-03-05 12:32:39,978 | INFO | evac_sim.simulation.simulation_manager | Progress | frame=3480 | agents=20
2026-03-05 12:32:39,996 | INFO | evac_sim.simulation.simulation_manager | Progress | frame=3490 | agents=20
2026-03-05 12:32:40,017 | INFO | evac_sim.simulation.simulation_manager | Progress | frame=3500 | agents=20
2026-03-05 12:32:40,048 | INFO | evac_sim.simulation.simulation_manager | Progress | frame=3510 | agents=20
2026-03-05 12:32:40,072 | INFO | evac_sim.simulation.simulation_manager | Progress | frame=3520 | agents=20
2026-03-05 12:32:40,092 | INFO | evac_sim.simulation.simulation_manager | Progress | frame=3530 | agents=20
2026-03-05 12:32:40,115 | INFO | evac_sim.simulation.simulation_manager | Progress | frame=3540 | agents=20
2026-03-05 12:32:40,137 | INFO | evac_sim.simulation.simulation_manager | Progress | frame=3550 | agents=20
2026-03-05 12:32:40,171 | INFO | evac_sim.simulation.simulation_manager | Progress | frame=3560 | agents=20
2026-03-05 12:32:40,192 | INFO | evac_sim.simulation.simulation_manager | Progress | frame=3570 | agents=20
2026-03-05 12:32:40,217 | INFO | evac_sim.simulation.simulation_manager | Progress | frame=3580 | agents=20
2026-03-05 12:32:40,237 | INFO | evac_sim.simulation.simulation_manager | Progress | frame=3590 | agents=20
2026-03-05 12:32:40,261 | INFO | evac_sim.simulation.simulation_manager | Progress | frame=3600 | agents=20
2026-03-05 12:32:40,292 | INFO | evac_sim.simulation.simulation_manager | Progress | frame=3610 | agents=20
2026-03-05 12:32:40,315 | INFO | evac_sim.simulation.simulation_manager | Progress | frame=3620 | agents=20
2026-03-05 12:32:40,337 | INFO | evac_sim.simulation.simulation_manager | Progress | frame=3630 | agents=20
2026-03-05 12:32:40,360 | INFO | evac_sim.simulation.simulation_manager | Progress | frame=3640 | agents=20
2026-03-05 12:32:40,383 | INFO | evac_sim.simulation.simulation_manager | Progress | frame=3650 | agents=20
2026-03-05 12:32:40,414 | INFO | evac_sim.simulation.simulation_manager | Progress | frame=3660 | agents=20
2026-03-05 12:32:40,432 | INFO | evac_sim.simulation.simulation_manager | Progress | frame=3670 | agents=20
2026-03-05 12:32:40,451 | INFO | evac_sim.simulation.simulation_manager | Progress | frame=3680 | agents=20
2026-03-05 12:32:40,470 | INFO | evac_sim.simulation.simulation_manager | Progress | frame=3690 | agents=20
2026-03-05 12:32:40,489 | INFO | evac_sim.simulation.simulation_manager | Progress | frame=3700 | agents=20
2026-03-05 12:32:40,516 | INFO | evac_sim.simulation.simulation_manager | Progress | frame=3710 | agents=20
2026-03-05 12:32:40,536 | INFO | evac_sim.simulation.simulation_manager | Progress | frame=3720 | agents=20
2026-03-05 12:32:40,555 | INFO | evac_sim.simulation.simulation_manager | Progress | frame=3730 | agents=20
2026-03-05 12:32:40,575 | INFO | evac_sim.simulation.simulation_manager | Progress | frame=3740 | agents=20
2026-03-05 12:32:40,606 | INFO | evac_sim.simulation.simulation_manager | Progress | frame=3750 | agents=20
2026-03-05 12:32:40,636 | INFO | evac_sim.simulation.simulation_manager | Progress | frame=3760 | agents=20
2026-03-05 12:32:40,657 | INFO | evac_sim.simulation.simulation_manager | Progress | frame=3770 | agents=20
2026-03-05 12:32:40,677 | INFO | evac_sim.simulation.simulation_manager | Progress | frame=3780 | agents=20
2026-03-05 12:32:40,698 | INFO | evac_sim.simulation.simulation_manager | Progress | frame=3790 | agents=20
2026-03-05 12:32:40,720 | INFO | evac_sim.simulation.simulation_manager | Progress | frame=3800 | agents=20
2026-03-05 12:32:40,754 | INFO | evac_sim.simulation.simulation_manager | Progress | frame=3810 | agents=20
2026-03-05 12:32:40,775 | INFO | evac_sim.simulation.simulation_manager | Progress | frame=3820 | agents=20
2026-03-05 12:32:40,797 | INFO | evac_sim.simulation.simulation_manager | Progress | frame=3830 | agents=20
2026-03-05 12:32:40,817 | INFO | evac_sim.simulation.simulation_manager | Progress | frame=3840 | agents=20
2026-03-05 12:32:40,835 | INFO | evac_sim.simulation.simulation_manager | Progress | frame=3850 | agents=20
2026-03-05 12:32:40,862 | INFO | evac_sim.simulation.simulation_manager | Progress | frame=3860 | agents=20
2026-03-05 12:32:40,881 | INFO | evac_sim.simulation.simulation_manager | Progress | frame=3870 | agents=20
2026-03-05 12:32:40,900 | INFO | evac_sim.simulation.simulation_manager | Progress | frame=3880 | agents=20
2026-03-05 12:32:40,919 | INFO | evac_sim.simulation.simulation_manager | Progress | frame=3890 | agents=20
2026-03-05 12:32:40,938 | INFO | evac_sim.simulation.simulation_manager | Progress | frame=3900 | agents=20
2026-03-05 12:32:40,971 | INFO | evac_sim.simulation.simulation_manager | Progress | frame=3910 | agents=20
2026-03-05 12:32:40,990 | INFO | evac_sim.simulation.simulation_manager | Progress | frame=3920 | agents=20
2026-03-05 12:32:41,010 | INFO | evac_sim.simulation.simulation_manager | Progress | frame=3930 | agents=20
2026-03-05 12:32:41,030 | INFO | evac_sim.simulation.simulation_manager | Progress | frame=3940 | agents=20
2026-03-05 12:32:41,050 | INFO | evac_sim.simulation.simulation_manager | Progress | frame=3950 | agents=20
2026-03-05 12:32:41,078 | INFO | evac_sim.simulation.simulation_manager | Progress | frame=3960 | agents=20
2026-03-05 12:32:41,096 | INFO | evac_sim.simulation.simulation_manager | Progress | frame=3970 | agents=20
2026-03-05 12:32:41,115 | INFO | evac_sim.simulation.simulation_manager | Progress | frame=3980 | agents=20
2026-03-05 12:32:41,135 | INFO | evac_sim.simulation.simulation_manager | Progress | frame=3990 | agents=20
2026-03-05 12:32:41,155 | INFO | evac_sim.simulation.simulation_manager | Progress | frame=4000 | agents=20
2026-03-05 12:32:41,181 | INFO | evac_sim.simulation.simulation_manager | Progress | frame=4010 | agents=20
2026-03-05 12:32:41,200 | INFO | evac_sim.simulation.simulation_manager | Progress | frame=4020 | agents=19
2026-03-05 12:32:41,219 | INFO | evac_sim.simulation.simulation_manager | Progress | frame=4030 | agents=19
2026-03-05 12:32:41,238 | INFO | evac_sim.simulation.simulation_manager | Progress | frame=4040 | agents=19
2026-03-05 12:32:41,258 | INFO | evac_sim.simulation.simulation_manager | Progress | frame=4050 | agents=19
2026-03-05 12:32:41,285 | INFO | evac_sim.simulation.simulation_manager | Progress | frame=4060 | agents=19
2026-03-05 12:32:41,303 | INFO | evac_sim.simulation.simulation_manager | Progress | frame=4070 | agents=18
2026-03-05 12:32:41,324 | INFO | evac_sim.simulation.simulation_manager | Progress | frame=4080 | agents=18
2026-03-05 12:32:41,343 | INFO | evac_sim.simulation.simulation_manager | Progress | frame=4090 | agents=18
2026-03-05 12:32:41,362 | INFO | evac_sim.simulation.simulation_manager | Progress | frame=4100 | agents=18
2026-03-05 12:32:41,389 | INFO | evac_sim.simulation.simulation_manager | Progress | frame=4110 | agents=17
2026-03-05 12:32:41,407 | INFO | evac_sim.simulation.simulation_manager | Progress | frame=4120 | agents=17
2026-03-05 12:32:41,426 | INFO | evac_sim.simulation.simulation_manager | Progress | frame=4130 | agents=17
2026-03-05 12:32:41,444 | INFO | evac_sim.simulation.simulation_manager | Progress | frame=4140 | agents=17
2026-03-05 12:32:41,463 | INFO | evac_sim.simulation.simulation_manager | Progress | frame=4150 | agents=17
2026-03-05 12:32:41,490 | INFO | evac_sim.simulation.simulation_manager | Progress | frame=4160 | agents=16
2026-03-05 12:32:41,509 | INFO | evac_sim.simulation.simulation_manager | Progress | frame=4170 | agents=16
2026-03-05 12:32:41,528 | INFO | evac_sim.simulation.simulation_manager | Progress | frame=4180 | agents=16
2026-03-05 12:32:41,548 | INFO | evac_sim.simulation.simulation_manager | Progress | frame=4190 | agents=16
2026-03-05 12:32:41,567 | INFO | evac_sim.simulation.simulation_manager | Progress | frame=4200 | agents=16
2026-03-05 12:32:41,594 | INFO | evac_sim.simulation.simulation_manager | Progress | frame=4210 | agents=15
2026-03-05 12:32:41,613 | INFO | evac_sim.simulation.simulation_manager | Progress | frame=4220 | agents=15
2026-03-05 12:32:41,631 | INFO | evac_sim.simulation.simulation_manager | Progress | frame=4230 | agents=15
2026-03-05 12:32:41,650 | INFO | evac_sim.simulation.simulation_manager | Progress | frame=4240 | agents=15
2026-03-05 12:32:41,669 | INFO | evac_sim.simulation.simulation_manager | Progress | frame=4250 | agents=14
2026-03-05 12:32:41,696 | INFO | evac_sim.simulation.simulation_manager | Progress | frame=4260 | agents=14
2026-03-05 12:32:41,714 | INFO | evac_sim.simulation.simulation_manager | Progress | frame=4270 | agents=14
2026-03-05 12:32:41,732 | INFO | evac_sim.simulation.simulation_manager | Progress | frame=4280 | agents=14
2026-03-05 12:32:41,752 | INFO | evac_sim.simulation.simulation_manager | Progress | frame=4290 | agents=14
2026-03-05 12:32:41,769 | INFO | evac_sim.simulation.simulation_manager | Progress | frame=4300 | agents=13
2026-03-05 12:32:41,797 | INFO | evac_sim.simulation.simulation_manager | Progress | frame=4310 | agents=13
2026-03-05 12:32:41,814 | INFO | evac_sim.simulation.simulation_manager | Progress | frame=4320 | agents=13
2026-03-05 12:32:41,833 | INFO | evac_sim.simulation.simulation_manager | Progress | frame=4330 | agents=13
2026-03-05 12:32:41,851 | INFO | evac_sim.simulation.simulation_manager | Progress | frame=4340 | agents=12
2026-03-05 12:32:41,870 | INFO | evac_sim.simulation.simulation_manager | Progress | frame=4350 | agents=12
2026-03-05 12:32:41,896 | INFO | evac_sim.simulation.simulation_manager | Progress | frame=4360 | agents=12
2026-03-05 12:32:41,915 | INFO | evac_sim.simulation.simulation_manager | Progress | frame=4370 | agents=12
2026-03-05 12:32:41,933 | INFO | evac_sim.simulation.simulation_manager | Progress | frame=4380 | agents=12
2026-03-05 12:32:41,951 | INFO | evac_sim.simulation.simulation_manager | Progress | frame=4390 | agents=11
2026-03-05 12:32:41,970 | INFO | evac_sim.simulation.simulation_manager | Progress | frame=4400 | agents=11
2026-03-05 12:32:41,996 | INFO | evac_sim.simulation.simulation_manager | Progress | frame=4410 | agents=11
2026-03-05 12:32:42,015 | INFO | evac_sim.simulation.simulation_manager | Progress | frame=4420 | agents=11
2026-03-05 12:32:42,035 | INFO | evac_sim.simulation.simulation_manager | Progress | frame=4430 | agents=10
2026-03-05 12:32:42,054 | INFO | evac_sim.simulation.simulation_manager | Progress | frame=4440 | agents=10
2026-03-05 12:32:42,073 | INFO | evac_sim.simulation.simulation_manager | Progress | frame=4450 | agents=10
2026-03-05 12:32:42,100 | INFO | evac_sim.simulation.simulation_manager | Progress | frame=4460 | agents=10
2026-03-05 12:32:42,118 | INFO | evac_sim.simulation.simulation_manager | Progress | frame=4470 | agents=10
2026-03-05 12:32:42,137 | INFO | evac_sim.simulation.simulation_manager | Progress | frame=4480 | agents=9
2026-03-05 12:32:42,156 | INFO | evac_sim.simulation.simulation_manager | Progress | frame=4490 | agents=9
2026-03-05 12:32:42,174 | INFO | evac_sim.simulation.simulation_manager | Progress | frame=4500 | agents=9
2026-03-05 12:32:42,201 | INFO | evac_sim.simulation.simulation_manager | Progress | frame=4510 | agents=9
2026-03-05 12:32:42,220 | INFO | evac_sim.simulation.simulation_manager | Progress | frame=4520 | agents=8
2026-03-05 12:32:42,239 | INFO | evac_sim.simulation.simulation_manager | Progress | frame=4530 | agents=8
2026-03-05 12:32:42,257 | INFO | evac_sim.simulation.simulation_manager | Progress | frame=4540 | agents=8
2026-03-05 12:32:42,276 | INFO | evac_sim.simulation.simulation_manager | Progress | frame=4550 | agents=8
2026-03-05 12:32:42,303 | INFO | evac_sim.simulation.simulation_manager | Progress | frame=4560 | agents=8
2026-03-05 12:32:42,321 | INFO | evac_sim.simulation.simulation_manager | Progress | frame=4570 | agents=7
2026-03-05 12:32:42,341 | INFO | evac_sim.simulation.simulation_manager | Progress | frame=4580 | agents=7
2026-03-05 12:32:42,359 | INFO | evac_sim.simulation.simulation_manager | Progress | frame=4590 | agents=7
2026-03-05 12:32:42,378 | INFO | evac_sim.simulation.simulation_manager | Progress | frame=4600 | agents=7
2026-03-05 12:32:42,405 | INFO | evac_sim.simulation.simulation_manager | Progress | frame=4610 | agents=7
2026-03-05 12:32:42,424 | INFO | evac_sim.simulation.simulation_manager | Progress | frame=4620 | agents=6
2026-03-05 12:32:42,442 | INFO | evac_sim.simulation.simulation_manager | Progress | frame=4630 | agents=6
2026-03-05 12:32:42,460 | INFO | evac_sim.simulation.simulation_manager | Progress | frame=4640 | agents=6
2026-03-05 12:32:42,478 | INFO | evac_sim.simulation.simulation_manager | Progress | frame=4650 | agents=6
2026-03-05 12:32:42,506 | INFO | evac_sim.simulation.simulation_manager | Progress | frame=4660 | agents=5
2026-03-05 12:32:42,524 | INFO | evac_sim.simulation.simulation_manager | Progress | frame=4670 | agents=5
2026-03-05 12:32:42,542 | INFO | evac_sim.simulation.simulation_manager | Progress | frame=4680 | agents=5
2026-03-05 12:32:42,560 | INFO | evac_sim.simulation.simulation_manager | Progress | frame=4690 | agents=5
2026-03-05 12:32:42,577 | INFO | evac_sim.simulation.simulation_manager | Progress | frame=4700 | agents=5
2026-03-05 12:32:42,603 | INFO | evac_sim.simulation.simulation_manager | Progress | frame=4710 | agents=4
2026-03-05 12:32:42,621 | INFO | evac_sim.simulation.simulation_manager | Progress | frame=4720 | agents=4
2026-03-05 12:32:42,639 | INFO | evac_sim.simulation.simulation_manager | Progress | frame=4730 | agents=4
2026-03-05 12:32:42,658 | INFO | evac_sim.simulation.simulation_manager | Progress | frame=4740 | agents=4
2026-03-05 12:32:42,675 | INFO | evac_sim.simulation.simulation_manager | Progress | frame=4750 | agents=3
2026-03-05 12:32:42,700 | INFO | evac_sim.simulation.simulation_manager | Progress | frame=4760 | agents=3
2026-03-05 12:32:42,717 | INFO | evac_sim.simulation.simulation_manager | Progress | frame=4770 | agents=3
2026-03-05 12:32:42,735 | INFO | evac_sim.simulation.simulation_manager | Progress | frame=4780 | agents=3
2026-03-05 12:32:42,753 | INFO | evac_sim.simulation.simulation_manager | Progress | frame=4790 | agents=3
2026-03-05 12:32:42,770 | INFO | evac_sim.simulation.simulation_manager | Progress | frame=4800 | agents=2
2026-03-05 12:32:42,791 | INFO | evac_sim.simulation.simulation_manager | Progress | frame=4810 | agents=2
2026-03-05 12:32:42,808 | INFO | evac_sim.simulation.simulation_manager | Progress | frame=4820 | agents=2
2026-03-05 12:32:42,826 | INFO | evac_sim.simulation.simulation_manager | Progress | frame=4830 | agents=2
2026-03-05 12:32:42,844 | INFO | evac_sim.simulation.simulation_manager | Progress | frame=4840 | agents=1
2026-03-05 12:32:42,862 | INFO | evac_sim.simulation.simulation_manager | Progress | frame=4850 | agents=1
2026-03-05 12:32:42,882 | INFO | evac_sim.simulation.simulation_manager | Progress | frame=4860 | agents=1
2026-03-05 12:32:42,899 | INFO | evac_sim.simulation.simulation_manager | Progress | frame=4870 | agents=1
2026-03-05 12:32:42,916 | INFO | evac_sim.simulation.simulation_manager | Progress | frame=4880 | agents=1
2026-03-05 12:32:42,920 | INFO | evac_sim.simulation.simulation_manager | Simulation end | last_frame=4882
2026-03-05 12:32:42,945 | INFO | evac_sim.runner | Mode start | mode=2 env=Cruise_Ship case=unknown
2026-03-05 12:32:42,996 | INFO | evac_sim.simulation.simulation_manager | Simulation start | agents=32
2026-03-05 12:32:43,033 | INFO | evac_sim.simulation.simulation_manager | Progress | frame=10 | agents=32
2026-03-05 12:32:43,053 | INFO | evac_sim.simulation.simulation_manager | Progress | frame=20 | agents=32
2026-03-05 12:32:43,075 | INFO | evac_sim.simulation.simulation_manager | Progress | frame=30 | agents=32
2026-03-05 12:32:43,096 | INFO | evac_sim.simulation.simulation_manager | Progress | frame=40 | agents=32
2026-03-05 12:32:43,117 | INFO | evac_sim.simulation.simulation_manager | Progress | frame=50 | agents=32
2026-03-05 12:32:43,152 | INFO | evac_sim.simulation.simulation_manager | Progress | frame=60 | agents=32
2026-03-05 12:32:43,173 | INFO | evac_sim.simulation.simulation_manager | Progress | frame=70 | agents=32
2026-03-05 12:32:43,194 | INFO | evac_sim.simulation.simulation_manager | Progress | frame=80 | agents=32
2026-03-05 12:32:43,218 | INFO | evac_sim.simulation.simulation_manager | Progress | frame=90 | agents=32
2026-03-05 12:32:43,240 | INFO | evac_sim.simulation.simulation_manager | Progress | frame=100 | agents=32
2026-03-05 12:32:43,275 | INFO | evac_sim.simulation.simulation_manager | Progress | frame=110 | agents=32
2026-03-05 12:32:43,296 | INFO | evac_sim.simulation.simulation_manager | Progress | frame=120 | agents=32
2026-03-05 12:32:43,318 | INFO | evac_sim.simulation.simulation_manager | Progress | frame=130 | agents=32
2026-03-05 12:32:43,341 | INFO | evac_sim.simulation.simulation_manager | Progress | frame=140 | agents=32
2026-03-05 12:32:43,363 | INFO | evac_sim.simulation.simulation_manager | Progress | frame=150 | agents=32
2026-03-05 12:32:43,400 | INFO | evac_sim.simulation.simulation_manager | Progress | frame=160 | agents=32
2026-03-05 12:32:43,422 | INFO | evac_sim.simulation.simulation_manager | Progress | frame=170 | agents=32
2026-03-05 12:32:43,445 | INFO | evac_sim.simulation.simulation_manager | Progress | frame=180 | agents=32
2026-03-05 12:32:43,468 | INFO | evac_sim.simulation.simulation_manager | Progress | frame=190 | agents=32
2026-03-05 12:32:43,491 | INFO | evac_sim.simulation.simulation_manager | Progress | frame=200 | agents=32
2026-03-05 12:32:43,527 | INFO | evac_sim.simulation.simulation_manager | Progress | frame=210 | agents=32
2026-03-05 12:32:43,550 | INFO | evac_sim.simulation.simulation_manager | Progress | frame=220 | agents=32
2026-03-05 12:32:43,573 | INFO | evac_sim.simulation.simulation_manager | Progress | frame=230 | agents=32
2026-03-05 12:32:43,595 | INFO | evac_sim.simulation.simulation_manager | Progress | frame=240 | agents=32
2026-03-05 12:32:43,618 | INFO | evac_sim.simulation.simulation_manager | Progress | frame=250 | agents=32
2026-03-05 12:32:43,654 | INFO | evac_sim.simulation.simulation_manager | Progress | frame=260 | agents=32
2026-03-05 12:32:43,676 | INFO | evac_sim.simulation.simulation_manager | Progress | frame=270 | agents=32
2026-03-05 12:32:43,699 | INFO | evac_sim.simulation.simulation_manager | Progress | frame=280 | agents=32
2026-03-05 12:32:43,721 | INFO | evac_sim.simulation.simulation_manager | Progress | frame=290 | agents=32
2026-03-05 12:32:43,743 | INFO | evac_sim.simulation.simulation_manager | Progress | frame=300 | agents=32
2026-03-05 12:32:43,779 | INFO | evac_sim.simulation.simulation_manager | Progress | frame=310 | agents=32
2026-03-05 12:32:43,802 | INFO | evac_sim.simulation.simulation_manager | Progress | frame=320 | agents=32
2026-03-05 12:32:43,823 | INFO | evac_sim.simulation.simulation_manager | Progress | frame=330 | agents=32
2026-03-05 12:32:43,845 | INFO | evac_sim.simulation.simulation_manager | Progress | frame=340 | agents=32
2026-03-05 12:32:43,866 | INFO | evac_sim.simulation.simulation_manager | Progress | frame=350 | agents=32
2026-03-05 12:32:43,902 | INFO | evac_sim.simulation.simulation_manager | Progress | frame=360 | agents=32
2026-03-05 12:32:43,924 | INFO | evac_sim.simulation.simulation_manager | Progress | frame=370 | agents=32
2026-03-05 12:32:43,946 | INFO | evac_sim.simulation.simulation_manager | Progress | frame=380 | agents=32
2026-03-05 12:32:43,966 | INFO | evac_sim.simulation.simulation_manager | Progress | frame=390 | agents=32
2026-03-05 12:32:43,988 | INFO | evac_sim.simulation.simulation_manager | Progress | frame=400 | agents=32
2026-03-05 12:32:44,022 | INFO | evac_sim.simulation.simulation_manager | Progress | frame=410 | agents=32
2026-03-05 12:32:44,042 | INFO | evac_sim.simulation.simulation_manager | Progress | frame=420 | agents=32
2026-03-05 12:32:44,065 | INFO | evac_sim.simulation.simulation_manager | Progress | frame=430 | agents=32
2026-03-05 12:32:44,086 | INFO | evac_sim.simulation.simulation_manager | Progress | frame=440 | agents=32
2026-03-05 12:32:44,106 | INFO | evac_sim.simulation.simulation_manager | Progress | frame=450 | agents=32
2026-03-05 12:32:44,142 | INFO | evac_sim.simulation.simulation_manager | Progress | frame=460 | agents=32
2026-03-05 12:32:44,162 | INFO | evac_sim.simulation.simulation_manager | Progress | frame=470 | agents=32
2026-03-05 12:32:44,183 | INFO | evac_sim.simulation.simulation_manager | Progress | frame=480 | agents=32
2026-03-05 12:32:44,205 | INFO | evac_sim.simulation.simulation_manager | Progress | frame=490 | agents=32
2026-03-05 12:32:44,225 | INFO | evac_sim.simulation.simulation_manager | Progress | frame=500 | agents=32
2026-03-05 12:32:44,260 | INFO | evac_sim.simulation.simulation_manager | Progress | frame=510 | agents=32
2026-03-05 12:32:44,280 | INFO | evac_sim.simulation.simulation_manager | Progress | frame=520 | agents=32
2026-03-05 12:32:44,302 | INFO | evac_sim.simulation.simulation_manager | Progress | frame=530 | agents=32
2026-03-05 12:32:44,324 | INFO | evac_sim.simulation.simulation_manager | Progress | frame=540 | agents=32
2026-03-05 12:32:44,345 | INFO | evac_sim.simulation.simulation_manager | Progress | frame=550 | agents=32
2026-03-05 12:32:44,354 | INFO | evac_sim.simulation.simulation_manager | Reroute applied | frame=550 | group=73 | agents=6 | curr=23 next=7 | old_len=44 new_len=50
2026-03-05 12:32:44,384 | INFO | evac_sim.simulation.simulation_manager | Progress | frame=560 | agents=32
2026-03-05 12:32:44,405 | INFO | evac_sim.simulation.simulation_manager | Progress | frame=570 | agents=32
2026-03-05 12:32:44,426 | INFO | evac_sim.simulation.simulation_manager | Progress | frame=580 | agents=32
2026-03-05 12:32:44,448 | INFO | evac_sim.simulation.simulation_manager | Progress | frame=590 | agents=32
2026-03-05 12:32:44,470 | INFO | evac_sim.simulation.simulation_manager | Progress | frame=600 | agents=32
2026-03-05 12:32:44,505 | INFO | evac_sim.simulation.simulation_manager | Progress | frame=610 | agents=32
2026-03-05 12:32:44,526 | INFO | evac_sim.simulation.simulation_manager | Progress | frame=620 | agents=32
2026-03-05 12:32:44,547 | INFO | evac_sim.simulation.simulation_manager | Progress | frame=630 | agents=32
2026-03-05 12:32:44,569 | INFO | evac_sim.simulation.simulation_manager | Progress | frame=640 | agents=32
2026-03-05 12:32:44,591 | INFO | evac_sim.simulation.simulation_manager | Progress | frame=650 | agents=32
2026-03-05 12:32:44,626 | INFO | evac_sim.simulation.simulation_manager | Progress | frame=660 | agents=32
2026-03-05 12:32:44,647 | INFO | evac_sim.simulation.simulation_manager | Progress | frame=670 | agents=32
2026-03-05 12:32:44,669 | INFO | evac_sim.simulation.simulation_manager | Progress | frame=680 | agents=32
2026-03-05 12:32:44,690 | INFO | evac_sim.simulation.simulation_manager | Progress | frame=690 | agents=32
2026-03-05 12:32:44,711 | INFO | evac_sim.simulation.simulation_manager | Progress | frame=700 | agents=32
2026-03-05 12:32:44,746 | INFO | evac_sim.simulation.simulation_manager | Progress | frame=710 | agents=32
2026-03-05 12:32:44,769 | INFO | evac_sim.simulation.simulation_manager | Progress | frame=720 | agents=32
2026-03-05 12:32:44,790 | INFO | evac_sim.simulation.simulation_manager | Progress | frame=730 | agents=32
2026-03-05 12:32:44,813 | INFO | evac_sim.simulation.simulation_manager | Progress | frame=740 | agents=32
2026-03-05 12:32:44,836 | INFO | evac_sim.simulation.simulation_manager | Progress | frame=750 | agents=32
2026-03-05 12:32:44,872 | INFO | evac_sim.simulation.simulation_manager | Progress | frame=760 | agents=32
2026-03-05 12:32:44,893 | INFO | evac_sim.simulation.simulation_manager | Progress | frame=770 | agents=32
2026-03-05 12:32:44,914 | INFO | evac_sim.simulation.simulation_manager | Progress | frame=780 | agents=32
2026-03-05 12:32:44,936 | INFO | evac_sim.simulation.simulation_manager | Progress | frame=790 | agents=32
2026-03-05 12:32:44,957 | INFO | evac_sim.simulation.simulation_manager | Progress | frame=800 | agents=32
2026-03-05 12:32:44,993 | INFO | evac_sim.simulation.simulation_manager | Progress | frame=810 | agents=32
2026-03-05 12:32:45,013 | INFO | evac_sim.simulation.simulation_manager | Progress | frame=820 | agents=32
2026-03-05 12:32:45,035 | INFO | evac_sim.simulation.simulation_manager | Progress | frame=830 | agents=32
2026-03-05 12:32:45,056 | INFO | evac_sim.simulation.simulation_manager | Progress | frame=840 | agents=32
2026-03-05 12:32:45,079 | INFO | evac_sim.simulation.simulation_manager | Progress | frame=850 | agents=32
2026-03-05 12:32:45,092 | INFO | evac_sim.simulation.simulation_manager | Reroute applied | frame=850 | group=92 | agents=10 | curr=23 next=7 | old_len=46 new_len=52
2026-03-05 12:32:45,116 | INFO | evac_sim.simulation.simulation_manager | Progress | frame=860 | agents=32
2026-03-05 12:32:45,138 | INFO | evac_sim.simulation.simulation_manager | Progress | frame=870 | agents=32
2026-03-05 12:32:45,158 | INFO | evac_sim.simulation.simulation_manager | Progress | frame=880 | agents=32
2026-03-05 12:32:45,179 | INFO | evac_sim.simulation.simulation_manager | Progress | frame=890 | agents=32
2026-03-05 12:32:45,200 | INFO | evac_sim.simulation.simulation_manager | Progress | frame=900 | agents=32
2026-03-05 12:32:45,236 | INFO | evac_sim.simulation.simulation_manager | Progress | frame=910 | agents=32
2026-03-05 12:32:45,260 | INFO | evac_sim.simulation.simulation_manager | Progress | frame=920 | agents=32
2026-03-05 12:32:45,284 | INFO | evac_sim.simulation.simulation_manager | Progress | frame=930 | agents=32
2026-03-05 12:32:45,308 | INFO | evac_sim.simulation.simulation_manager | Progress | frame=940 | agents=32
2026-03-05 12:32:45,332 | INFO | evac_sim.simulation.simulation_manager | Progress | frame=950 | agents=32
2026-03-05 12:32:45,377 | INFO | evac_sim.simulation.simulation_manager | Progress | frame=960 | agents=32
2026-03-05 12:32:45,402 | INFO | evac_sim.simulation.simulation_manager | Progress | frame=970 | agents=32
2026-03-05 12:32:45,429 | INFO | evac_sim.simulation.simulation_manager | Progress | frame=980 | agents=32
2026-03-05 12:32:45,455 | INFO | evac_sim.simulation.simulation_manager | Progress | frame=990 | agents=32
2026-03-05 12:32:45,479 | INFO | evac_sim.simulation.simulation_manager | Progress | frame=1000 | agents=32
2026-03-05 12:32:45,521 | INFO | evac_sim.simulation.simulation_manager | Progress | frame=1010 | agents=32
2026-03-05 12:32:45,547 | INFO | evac_sim.simulation.simulation_manager | Progress | frame=1020 | agents=32
2026-03-05 12:32:45,574 | INFO | evac_sim.simulation.simulation_manager | Progress | frame=1030 | agents=32
2026-03-05 12:32:45,599 | INFO | evac_sim.simulation.simulation_manager | Progress | frame=1040 | agents=32
2026-03-05 12:32:45,623 | INFO | evac_sim.simulation.simulation_manager | Progress | frame=1050 | agents=32
2026-03-05 12:32:45,665 | INFO | evac_sim.simulation.simulation_manager | Progress | frame=1060 | agents=32
2026-03-05 12:32:45,688 | INFO | evac_sim.simulation.simulation_manager | Progress | frame=1070 | agents=32
2026-03-05 12:32:45,715 | INFO | evac_sim.simulation.simulation_manager | Progress | frame=1080 | agents=32
2026-03-05 12:32:45,740 | INFO | evac_sim.simulation.simulation_manager | Progress | frame=1090 | agents=32
2026-03-05 12:32:45,764 | INFO | evac_sim.simulation.simulation_manager | Progress | frame=1100 | agents=32
2026-03-05 12:32:45,813 | INFO | evac_sim.simulation.simulation_manager | Progress | frame=1110 | agents=32
2026-03-05 12:32:45,838 | INFO | evac_sim.simulation.simulation_manager | Progress | frame=1120 | agents=32
2026-03-05 12:32:45,863 | INFO | evac_sim.simulation.simulation_manager | Progress | frame=1130 | agents=32
2026-03-05 12:32:45,888 | INFO | evac_sim.simulation.simulation_manager | Progress | frame=1140 | agents=32
2026-03-05 12:32:45,912 | INFO | evac_sim.simulation.simulation_manager | Progress | frame=1150 | agents=32
2026-03-05 12:32:45,956 | INFO | evac_sim.simulation.simulation_manager | Progress | frame=1160 | agents=32
2026-03-05 12:32:45,982 | INFO | evac_sim.simulation.simulation_manager | Progress | frame=1170 | agents=32
2026-03-05 12:32:46,007 | INFO | evac_sim.simulation.simulation_manager | Progress | frame=1180 | agents=32
2026-03-05 12:32:46,031 | INFO | evac_sim.simulation.simulation_manager | Progress | frame=1190 | agents=32
2026-03-05 12:32:46,058 | INFO | evac_sim.simulation.simulation_manager | Progress | frame=1200 | agents=32
2026-03-05 12:32:46,102 | INFO | evac_sim.simulation.simulation_manager | Progress | frame=1210 | agents=32
2026-03-05 12:32:46,131 | INFO | evac_sim.simulation.simulation_manager | Progress | frame=1220 | agents=32
2026-03-05 12:32:46,152 | INFO | evac_sim.simulation.simulation_manager | Progress | frame=1230 | agents=32
2026-03-05 12:32:46,174 | INFO | evac_sim.simulation.simulation_manager | Progress | frame=1240 | agents=32
2026-03-05 12:32:46,195 | INFO | evac_sim.simulation.simulation_manager | Progress | frame=1250 | agents=32
2026-03-05 12:32:46,202 | INFO | evac_sim.simulation.simulation_manager | Reroute applied | frame=1250 | group=83 | agents=5 | curr=23 next=7 | old_len=49 new_len=55
2026-03-05 12:32:46,235 | INFO | evac_sim.simulation.simulation_manager | Progress | frame=1260 | agents=32
2026-03-05 12:32:46,257 | INFO | evac_sim.simulation.simulation_manager | Progress | frame=1270 | agents=32
2026-03-05 12:32:46,279 | INFO | evac_sim.simulation.simulation_manager | Progress | frame=1280 | agents=32
2026-03-05 12:32:46,301 | INFO | evac_sim.simulation.simulation_manager | Progress | frame=1290 | agents=32
2026-03-05 12:32:46,324 | INFO | evac_sim.simulation.simulation_manager | Progress | frame=1300 | agents=32
2026-03-05 12:32:46,360 | INFO | evac_sim.simulation.simulation_manager | Progress | frame=1310 | agents=32
2026-03-05 12:32:46,381 | INFO | evac_sim.simulation.simulation_manager | Progress | frame=1320 | agents=32
2026-03-05 12:32:46,404 | INFO | evac_sim.simulation.simulation_manager | Progress | frame=1330 | agents=32
2026-03-05 12:32:46,425 | INFO | evac_sim.simulation.simulation_manager | Progress | frame=1340 | agents=32
2026-03-05 12:32:46,447 | INFO | evac_sim.simulation.simulation_manager | Progress | frame=1350 | agents=32
2026-03-05 12:32:46,484 | INFO | evac_sim.simulation.simulation_manager | Progress | frame=1360 | agents=32
2026-03-05 12:32:46,506 | INFO | evac_sim.simulation.simulation_manager | Progress | frame=1370 | agents=32
2026-03-05 12:32:46,527 | INFO | evac_sim.simulation.simulation_manager | Progress | frame=1380 | agents=32
2026-03-05 12:32:46,548 | INFO | evac_sim.simulation.simulation_manager | Progress | frame=1390 | agents=32
2026-03-05 12:32:46,571 | INFO | evac_sim.simulation.simulation_manager | Progress | frame=1400 | agents=32
2026-03-05 12:32:46,607 | INFO | evac_sim.simulation.simulation_manager | Progress | frame=1410 | agents=32
2026-03-05 12:32:46,629 | INFO | evac_sim.simulation.simulation_manager | Progress | frame=1420 | agents=32
2026-03-05 12:32:46,653 | INFO | evac_sim.simulation.simulation_manager | Progress | frame=1430 | agents=32
2026-03-05 12:32:46,674 | INFO | evac_sim.simulation.simulation_manager | Progress | frame=1440 | agents=32
2026-03-05 12:32:46,694 | INFO | evac_sim.simulation.simulation_manager | Progress | frame=1450 | agents=32
2026-03-05 12:32:46,730 | INFO | evac_sim.simulation.simulation_manager | Progress | frame=1460 | agents=32
2026-03-05 12:32:46,753 | INFO | evac_sim.simulation.simulation_manager | Progress | frame=1470 | agents=32
2026-03-05 12:32:46,774 | INFO | evac_sim.simulation.simulation_manager | Progress | frame=1480 | agents=32
2026-03-05 12:32:46,799 | INFO | evac_sim.simulation.simulation_manager | Progress | frame=1490 | agents=32
2026-03-05 12:32:46,821 | INFO | evac_sim.simulation.simulation_manager | Progress | frame=1500 | agents=32
2026-03-05 12:32:46,856 | INFO | evac_sim.simulation.simulation_manager | Progress | frame=1510 | agents=32
2026-03-05 12:32:46,878 | INFO | evac_sim.simulation.simulation_manager | Progress | frame=1520 | agents=32
2026-03-05 12:32:46,902 | INFO | evac_sim.simulation.simulation_manager | Progress | frame=1530 | agents=32
2026-03-05 12:32:46,924 | INFO | evac_sim.simulation.simulation_manager | Progress | frame=1540 | agents=32
2026-03-05 12:32:46,946 | INFO | evac_sim.simulation.simulation_manager | Progress | frame=1550 | agents=32
2026-03-05 12:32:46,982 | INFO | evac_sim.simulation.simulation_manager | Progress | frame=1560 | agents=32
2026-03-05 12:32:47,004 | INFO | evac_sim.simulation.simulation_manager | Progress | frame=1570 | agents=32
2026-03-05 12:32:47,027 | INFO | evac_sim.simulation.simulation_manager | Progress | frame=1580 | agents=32
2026-03-05 12:32:47,047 | INFO | evac_sim.simulation.simulation_manager | Progress | frame=1590 | agents=32
2026-03-05 12:32:47,069 | INFO | evac_sim.simulation.simulation_manager | Progress | frame=1600 | agents=32
2026-03-05 12:32:47,106 | INFO | evac_sim.simulation.simulation_manager | Progress | frame=1610 | agents=32
2026-03-05 12:32:47,127 | INFO | evac_sim.simulation.simulation_manager | Progress | frame=1620 | agents=32
2026-03-05 12:32:47,149 | INFO | evac_sim.simulation.simulation_manager | Progress | frame=1630 | agents=32
2026-03-05 12:32:47,171 | INFO | evac_sim.simulation.simulation_manager | Progress | frame=1640 | agents=32
2026-03-05 12:32:47,192 | INFO | evac_sim.simulation.simulation_manager | Progress | frame=1650 | agents=32
2026-03-05 12:32:47,229 | INFO | evac_sim.simulation.simulation_manager | Progress | frame=1660 | agents=32
2026-03-05 12:32:47,251 | INFO | evac_sim.simulation.simulation_manager | Progress | frame=1670 | agents=32
2026-03-05 12:32:47,274 | INFO | evac_sim.simulation.simulation_manager | Progress | frame=1680 | agents=32
2026-03-05 12:32:47,295 | INFO | evac_sim.simulation.simulation_manager | Progress | frame=1690 | agents=32
2026-03-05 12:32:47,317 | INFO | evac_sim.simulation.simulation_manager | Progress | frame=1700 | agents=32
2026-03-05 12:32:47,354 | INFO | evac_sim.simulation.simulation_manager | Progress | frame=1710 | agents=32
2026-03-05 12:32:47,376 | INFO | evac_sim.simulation.simulation_manager | Progress | frame=1720 | agents=32
2026-03-05 12:32:47,398 | INFO | evac_sim.simulation.simulation_manager | Progress | frame=1730 | agents=32
2026-03-05 12:32:47,421 | INFO | evac_sim.simulation.simulation_manager | Progress | frame=1740 | agents=32
2026-03-05 12:32:47,443 | INFO | evac_sim.simulation.simulation_manager | Progress | frame=1750 | agents=32
2026-03-05 12:32:47,480 | INFO | evac_sim.simulation.simulation_manager | Progress | frame=1760 | agents=32
2026-03-05 12:32:47,502 | INFO | evac_sim.simulation.simulation_manager | Progress | frame=1770 | agents=32
2026-03-05 12:32:47,526 | INFO | evac_sim.simulation.simulation_manager | Progress | frame=1780 | agents=32
2026-03-05 12:32:47,547 | INFO | evac_sim.simulation.simulation_manager | Progress | frame=1790 | agents=32
2026-03-05 12:32:47,570 | INFO | evac_sim.simulation.simulation_manager | Progress | frame=1800 | agents=32
2026-03-05 12:32:47,607 | INFO | evac_sim.simulation.simulation_manager | Progress | frame=1810 | agents=32
2026-03-05 12:32:47,628 | INFO | evac_sim.simulation.simulation_manager | Progress | frame=1820 | agents=32
2026-03-05 12:32:47,651 | INFO | evac_sim.simulation.simulation_manager | Progress | frame=1830 | agents=32
2026-03-05 12:32:47,672 | INFO | evac_sim.simulation.simulation_manager | Progress | frame=1840 | agents=32
2026-03-05 12:32:47,694 | INFO | evac_sim.simulation.simulation_manager | Progress | frame=1850 | agents=32
2026-03-05 12:32:47,730 | INFO | evac_sim.simulation.simulation_manager | Progress | frame=1860 | agents=32
2026-03-05 12:32:47,752 | INFO | evac_sim.simulation.simulation_manager | Progress | frame=1870 | agents=32
2026-03-05 12:32:47,774 | INFO | evac_sim.simulation.simulation_manager | Progress | frame=1880 | agents=32
2026-03-05 12:32:47,795 | INFO | evac_sim.simulation.simulation_manager | Progress | frame=1890 | agents=32
2026-03-05 12:32:47,818 | INFO | evac_sim.simulation.simulation_manager | Progress | frame=1900 | agents=32
2026-03-05 12:32:47,863 | INFO | evac_sim.simulation.simulation_manager | Progress | frame=1910 | agents=32
2026-03-05 12:32:47,888 | INFO | evac_sim.simulation.simulation_manager | Progress | frame=1920 | agents=32
2026-03-05 12:32:47,913 | INFO | evac_sim.simulation.simulation_manager | Progress | frame=1930 | agents=32
2026-03-05 12:32:47,938 | INFO | evac_sim.simulation.simulation_manager | Progress | frame=1940 | agents=32
2026-03-05 12:32:47,963 | INFO | evac_sim.simulation.simulation_manager | Progress | frame=1950 | agents=32
2026-03-05 12:32:48,006 | INFO | evac_sim.simulation.simulation_manager | Progress | frame=1960 | agents=32
2026-03-05 12:32:48,032 | INFO | evac_sim.simulation.simulation_manager | Progress | frame=1970 | agents=32
2026-03-05 12:32:48,058 | INFO | evac_sim.simulation.simulation_manager | Progress | frame=1980 | agents=32
2026-03-05 12:32:48,085 | INFO | evac_sim.simulation.simulation_manager | Progress | frame=1990 | agents=32
2026-03-05 12:32:48,112 | INFO | evac_sim.simulation.simulation_manager | Progress | frame=2000 | agents=32
2026-03-05 12:32:48,159 | INFO | evac_sim.simulation.simulation_manager | Progress | frame=2010 | agents=32
2026-03-05 12:32:48,182 | INFO | evac_sim.simulation.simulation_manager | Progress | frame=2020 | agents=32
2026-03-05 12:32:48,204 | INFO | evac_sim.simulation.simulation_manager | Progress | frame=2030 | agents=32
2026-03-05 12:32:48,227 | INFO | evac_sim.simulation.simulation_manager | Progress | frame=2040 | agents=32
2026-03-05 12:32:48,249 | INFO | evac_sim.simulation.simulation_manager | Progress | frame=2050 | agents=32
2026-03-05 12:32:48,285 | INFO | evac_sim.simulation.simulation_manager | Progress | frame=2060 | agents=32
2026-03-05 12:32:48,306 | INFO | evac_sim.simulation.simulation_manager | Progress | frame=2070 | agents=32
2026-03-05 12:32:48,328 | INFO | evac_sim.simulation.simulation_manager | Progress | frame=2080 | agents=32
2026-03-05 12:32:48,349 | INFO | evac_sim.simulation.simulation_manager | Progress | frame=2090 | agents=32
2026-03-05 12:32:48,372 | INFO | evac_sim.simulation.simulation_manager | Progress | frame=2100 | agents=32
2026-03-05 12:32:48,407 | INFO | evac_sim.simulation.simulation_manager | Progress | frame=2110 | agents=32
2026-03-05 12:32:48,429 | INFO | evac_sim.simulation.simulation_manager | Progress | frame=2120 | agents=32
2026-03-05 12:32:48,452 | INFO | evac_sim.simulation.simulation_manager | Progress | frame=2130 | agents=32
2026-03-05 12:32:48,474 | INFO | evac_sim.simulation.simulation_manager | Progress | frame=2140 | agents=32
2026-03-05 12:32:48,496 | INFO | evac_sim.simulation.simulation_manager | Progress | frame=2150 | agents=32
2026-03-05 12:32:48,531 | INFO | evac_sim.simulation.simulation_manager | Progress | frame=2160 | agents=32
2026-03-05 12:32:48,553 | INFO | evac_sim.simulation.simulation_manager | Progress | frame=2170 | agents=32
2026-03-05 12:32:48,575 | INFO | evac_sim.simulation.simulation_manager | Progress | frame=2180 | agents=32
2026-03-05 12:32:48,596 | INFO | evac_sim.simulation.simulation_manager | Progress | frame=2190 | agents=32
2026-03-05 12:32:48,618 | INFO | evac_sim.simulation.simulation_manager | Progress | frame=2200 | agents=32
2026-03-05 12:32:48,654 | INFO | evac_sim.simulation.simulation_manager | Progress | frame=2210 | agents=32
2026-03-05 12:32:48,675 | INFO | evac_sim.simulation.simulation_manager | Progress | frame=2220 | agents=32
2026-03-05 12:32:48,697 | INFO | evac_sim.simulation.simulation_manager | Progress | frame=2230 | agents=32
2026-03-05 12:32:48,719 | INFO | evac_sim.simulation.simulation_manager | Progress | frame=2240 | agents=32
2026-03-05 12:32:48,740 | INFO | evac_sim.simulation.simulation_manager | Progress | frame=2250 | agents=32
2026-03-05 12:32:48,751 | INFO | evac_sim.simulation.simulation_manager | Reroute applied | frame=2250 | group=73 | agents=6 | curr=202 next=201 | old_len=50 new_len=60
2026-03-05 12:32:48,780 | INFO | evac_sim.simulation.simulation_manager | Progress | frame=2260 | agents=32
2026-03-05 12:32:48,802 | INFO | evac_sim.simulation.simulation_manager | Progress | frame=2270 | agents=32
2026-03-05 12:32:48,823 | INFO | evac_sim.simulation.simulation_manager | Progress | frame=2280 | agents=32
2026-03-05 12:32:48,845 | INFO | evac_sim.simulation.simulation_manager | Progress | frame=2290 | agents=32
2026-03-05 12:32:48,867 | INFO | evac_sim.simulation.simulation_manager | Progress | frame=2300 | agents=32
2026-03-05 12:32:48,904 | INFO | evac_sim.simulation.simulation_manager | Progress | frame=2310 | agents=32
2026-03-05 12:32:48,925 | INFO | evac_sim.simulation.simulation_manager | Progress | frame=2320 | agents=32
2026-03-05 12:32:48,947 | INFO | evac_sim.simulation.simulation_manager | Progress | frame=2330 | agents=32
2026-03-05 12:32:48,968 | INFO | evac_sim.simulation.simulation_manager | Progress | frame=2340 | agents=32
2026-03-05 12:32:48,989 | INFO | evac_sim.simulation.simulation_manager | Progress | frame=2350 | agents=32
2026-03-05 12:32:49,025 | INFO | evac_sim.simulation.simulation_manager | Progress | frame=2360 | agents=32
2026-03-05 12:32:49,045 | INFO | evac_sim.simulation.simulation_manager | Progress | frame=2370 | agents=32
2026-03-05 12:32:49,067 | INFO | evac_sim.simulation.simulation_manager | Progress | frame=2380 | agents=32
2026-03-05 12:32:49,088 | INFO | evac_sim.simulation.simulation_manager | Progress | frame=2390 | agents=32
2026-03-05 12:32:49,109 | INFO | evac_sim.simulation.simulation_manager | Progress | frame=2400 | agents=32
2026-03-05 12:32:49,145 | INFO | evac_sim.simulation.simulation_manager | Progress | frame=2410 | agents=32
2026-03-05 12:32:49,168 | INFO | evac_sim.simulation.simulation_manager | Progress | frame=2420 | agents=32
2026-03-05 12:32:49,189 | INFO | evac_sim.simulation.simulation_manager | Progress | frame=2430 | agents=32
2026-03-05 12:32:49,210 | INFO | evac_sim.simulation.simulation_manager | Progress | frame=2440 | agents=32
2026-03-05 12:32:49,231 | INFO | evac_sim.simulation.simulation_manager | Progress | frame=2450 | agents=32
2026-03-05 12:32:49,266 | INFO | evac_sim.simulation.simulation_manager | Progress | frame=2460 | agents=32
2026-03-05 12:32:49,288 | INFO | evac_sim.simulation.simulation_manager | Progress | frame=2470 | agents=32
2026-03-05 12:32:49,309 | INFO | evac_sim.simulation.simulation_manager | Progress | frame=2480 | agents=32
2026-03-05 12:32:49,330 | INFO | evac_sim.simulation.simulation_manager | Progress | frame=2490 | agents=32
2026-03-05 12:32:49,352 | INFO | evac_sim.simulation.simulation_manager | Progress | frame=2500 | agents=32
2026-03-05 12:32:49,387 | INFO | evac_sim.simulation.simulation_manager | Progress | frame=2510 | agents=32
2026-03-05 12:32:49,409 | INFO | evac_sim.simulation.simulation_manager | Progress | frame=2520 | agents=32
2026-03-05 12:32:49,429 | INFO | evac_sim.simulation.simulation_manager | Progress | frame=2530 | agents=32
2026-03-05 12:32:49,450 | INFO | evac_sim.simulation.simulation_manager | Progress | frame=2540 | agents=32
2026-03-05 12:32:49,472 | INFO | evac_sim.simulation.simulation_manager | Progress | frame=2550 | agents=32
2026-03-05 12:32:49,509 | INFO | evac_sim.simulation.simulation_manager | Progress | frame=2560 | agents=32
2026-03-05 12:32:49,529 | INFO | evac_sim.simulation.simulation_manager | Progress | frame=2570 | agents=32
2026-03-05 12:32:49,552 | INFO | evac_sim.simulation.simulation_manager | Progress | frame=2580 | agents=32
2026-03-05 12:32:49,573 | INFO | evac_sim.simulation.simulation_manager | Progress | frame=2590 | agents=32
2026-03-05 12:32:49,594 | INFO | evac_sim.simulation.simulation_manager | Progress | frame=2600 | agents=32
2026-03-05 12:32:49,609 | INFO | evac_sim.simulation.simulation_manager | Reroute applied | frame=2600 | group=92 | agents=10 | curr=202 next=201 | old_len=52 new_len=62
2026-03-05 12:32:49,632 | INFO | evac_sim.simulation.simulation_manager | Progress | frame=2610 | agents=32
2026-03-05 12:32:49,653 | INFO | evac_sim.simulation.simulation_manager | Progress | frame=2620 | agents=32
2026-03-05 12:32:49,674 | INFO | evac_sim.simulation.simulation_manager | Progress | frame=2630 | agents=32
2026-03-05 12:32:49,695 | INFO | evac_sim.simulation.simulation_manager | Progress | frame=2640 | agents=32
2026-03-05 12:32:49,715 | INFO | evac_sim.simulation.simulation_manager | Progress | frame=2650 | agents=32
2026-03-05 12:32:49,752 | INFO | evac_sim.simulation.simulation_manager | Progress | frame=2660 | agents=32
2026-03-05 12:32:49,773 | INFO | evac_sim.simulation.simulation_manager | Progress | frame=2670 | agents=32
2026-03-05 12:32:49,794 | INFO | evac_sim.simulation.simulation_manager | Progress | frame=2680 | agents=32
2026-03-05 12:32:49,815 | INFO | evac_sim.simulation.simulation_manager | Progress | frame=2690 | agents=32
2026-03-05 12:32:49,837 | INFO | evac_sim.simulation.simulation_manager | Progress | frame=2700 | agents=32
2026-03-05 12:32:49,873 | INFO | evac_sim.simulation.simulation_manager | Progress | frame=2710 | agents=32
2026-03-05 12:32:49,894 | INFO | evac_sim.simulation.simulation_manager | Progress | frame=2720 | agents=32
2026-03-05 12:32:49,915 | INFO | evac_sim.simulation.simulation_manager | Progress | frame=2730 | agents=32
2026-03-05 12:32:49,937 | INFO | evac_sim.simulation.simulation_manager | Progress | frame=2740 | agents=32
2026-03-05 12:32:49,957 | INFO | evac_sim.simulation.simulation_manager | Progress | frame=2750 | agents=32
2026-03-05 12:32:49,991 | INFO | evac_sim.simulation.simulation_manager | Progress | frame=2760 | agents=32
2026-03-05 12:32:50,012 | INFO | evac_sim.simulation.simulation_manager | Progress | frame=2770 | agents=32
2026-03-05 12:32:50,033 | INFO | evac_sim.simulation.simulation_manager | Progress | frame=2780 | agents=32
2026-03-05 12:32:50,054 | INFO | evac_sim.simulation.simulation_manager | Progress | frame=2790 | agents=32
2026-03-05 12:32:50,075 | INFO | evac_sim.simulation.simulation_manager | Progress | frame=2800 | agents=32
2026-03-05 12:32:50,081 | INFO | evac_sim.simulation.simulation_manager | Reroute applied | frame=2800 | group=82 | agents=5 | curr=202 next=201 | old_len=49 new_len=59
2026-03-05 12:32:50,113 | INFO | evac_sim.simulation.simulation_manager | Progress | frame=2810 | agents=32
2026-03-05 12:32:50,134 | INFO | evac_sim.simulation.simulation_manager | Progress | frame=2820 | agents=32
2026-03-05 12:32:50,155 | INFO | evac_sim.simulation.simulation_manager | Progress | frame=2830 | agents=31
2026-03-05 12:32:50,177 | INFO | evac_sim.simulation.simulation_manager | Progress | frame=2840 | agents=31
2026-03-05 12:32:50,198 | INFO | evac_sim.simulation.simulation_manager | Progress | frame=2850 | agents=31
2026-03-05 12:32:50,233 | INFO | evac_sim.simulation.simulation_manager | Progress | frame=2860 | agents=31
2026-03-05 12:32:50,253 | INFO | evac_sim.simulation.simulation_manager | Progress | frame=2870 | agents=31
2026-03-05 12:32:50,274 | INFO | evac_sim.simulation.simulation_manager | Progress | frame=2880 | agents=31
2026-03-05 12:32:50,295 | INFO | evac_sim.simulation.simulation_manager | Progress | frame=2890 | agents=31
2026-03-05 12:32:50,315 | INFO | evac_sim.simulation.simulation_manager | Progress | frame=2900 | agents=31
2026-03-05 12:32:50,349 | INFO | evac_sim.simulation.simulation_manager | Progress | frame=2910 | agents=30
2026-03-05 12:32:50,370 | INFO | evac_sim.simulation.simulation_manager | Progress | frame=2920 | agents=30
2026-03-05 12:32:50,390 | INFO | evac_sim.simulation.simulation_manager | Progress | frame=2930 | agents=30
2026-03-05 12:32:50,411 | INFO | evac_sim.simulation.simulation_manager | Progress | frame=2940 | agents=30
2026-03-05 12:32:50,431 | INFO | evac_sim.simulation.simulation_manager | Progress | frame=2950 | agents=30
2026-03-05 12:32:50,465 | INFO | evac_sim.simulation.simulation_manager | Progress | frame=2960 | agents=30
2026-03-05 12:32:50,485 | INFO | evac_sim.simulation.simulation_manager | Progress | frame=2970 | agents=29
2026-03-05 12:32:50,504 | INFO | evac_sim.simulation.simulation_manager | Progress | frame=2980 | agents=29
2026-03-05 12:32:50,524 | INFO | evac_sim.simulation.simulation_manager | Progress | frame=2990 | agents=29
2026-03-05 12:32:50,544 | INFO | evac_sim.simulation.simulation_manager | Progress | frame=3000 | agents=29
2026-03-05 12:32:50,578 | INFO | evac_sim.simulation.simulation_manager | Progress | frame=3010 | agents=29
2026-03-05 12:32:50,599 | INFO | evac_sim.simulation.simulation_manager | Progress | frame=3020 | agents=29
2026-03-05 12:32:50,619 | INFO | evac_sim.simulation.simulation_manager | Progress | frame=3030 | agents=28
2026-03-05 12:32:50,639 | INFO | evac_sim.simulation.simulation_manager | Progress | frame=3040 | agents=28
2026-03-05 12:32:50,658 | INFO | evac_sim.simulation.simulation_manager | Progress | frame=3050 | agents=28
2026-03-05 12:32:50,692 | INFO | evac_sim.simulation.simulation_manager | Progress | frame=3060 | agents=28
2026-03-05 12:32:50,711 | INFO | evac_sim.simulation.simulation_manager | Progress | frame=3070 | agents=28
2026-03-05 12:32:50,731 | INFO | evac_sim.simulation.simulation_manager | Progress | frame=3080 | agents=27
2026-03-05 12:32:50,751 | INFO | evac_sim.simulation.simulation_manager | Progress | frame=3090 | agents=27
2026-03-05 12:32:50,771 | INFO | evac_sim.simulation.simulation_manager | Progress | frame=3100 | agents=27
2026-03-05 12:32:50,804 | INFO | evac_sim.simulation.simulation_manager | Progress | frame=3110 | agents=27
2026-03-05 12:32:50,830 | INFO | evac_sim.simulation.simulation_manager | Progress | frame=3120 | agents=27
2026-03-05 12:32:50,849 | INFO | evac_sim.simulation.simulation_manager | Progress | frame=3130 | agents=27
2026-03-05 12:32:50,870 | INFO | evac_sim.simulation.simulation_manager | Progress | frame=3140 | agents=26
2026-03-05 12:32:50,889 | INFO | evac_sim.simulation.simulation_manager | Progress | frame=3150 | agents=26
2026-03-05 12:32:50,920 | INFO | evac_sim.simulation.simulation_manager | Progress | frame=3160 | agents=26
2026-03-05 12:32:50,939 | INFO | evac_sim.simulation.simulation_manager | Progress | frame=3170 | agents=26
2026-03-05 12:32:50,962 | INFO | evac_sim.simulation.simulation_manager | Progress | frame=3180 | agents=26
2026-03-05 12:32:50,982 | INFO | evac_sim.simulation.simulation_manager | Progress | frame=3190 | agents=26
2026-03-05 12:32:51,001 | INFO | evac_sim.simulation.simulation_manager | Progress | frame=3200 | agents=26
2026-03-05 12:32:51,030 | INFO | evac_sim.simulation.simulation_manager | Progress | frame=3210 | agents=26
2026-03-05 12:32:51,049 | INFO | evac_sim.simulation.simulation_manager | Progress | frame=3220 | agents=26
2026-03-05 12:32:51,069 | INFO | evac_sim.simulation.simulation_manager | Progress | frame=3230 | agents=26
2026-03-05 12:32:51,089 | INFO | evac_sim.simulation.simulation_manager | Progress | frame=3240 | agents=26
2026-03-05 12:32:51,108 | INFO | evac_sim.simulation.simulation_manager | Progress | frame=3250 | agents=26
2026-03-05 12:32:51,137 | INFO | evac_sim.simulation.simulation_manager | Progress | frame=3260 | agents=26
2026-03-05 12:32:51,161 | INFO | evac_sim.simulation.simulation_manager | Progress | frame=3270 | agents=26
2026-03-05 12:32:51,183 | INFO | evac_sim.simulation.simulation_manager | Progress | frame=3280 | agents=26
2026-03-05 12:32:51,204 | INFO | evac_sim.simulation.simulation_manager | Progress | frame=3290 | agents=26
2026-03-05 12:32:51,228 | INFO | evac_sim.simulation.simulation_manager | Progress | frame=3300 | agents=26
2026-03-05 12:32:51,263 | INFO | evac_sim.simulation.simulation_manager | Progress | frame=3310 | agents=26
2026-03-05 12:32:51,288 | INFO | evac_sim.simulation.simulation_manager | Progress | frame=3320 | agents=26
2026-03-05 12:32:51,323 | INFO | evac_sim.simulation.simulation_manager | Progress | frame=3330 | agents=26
2026-03-05 12:32:51,356 | INFO | evac_sim.simulation.simulation_manager | Progress | frame=3340 | agents=26
2026-03-05 12:32:51,381 | INFO | evac_sim.simulation.simulation_manager | Progress | frame=3350 | agents=26
2026-03-05 12:32:51,417 | INFO | evac_sim.simulation.simulation_manager | Progress | frame=3360 | agents=26
2026-03-05 12:32:51,441 | INFO | evac_sim.simulation.simulation_manager | Progress | frame=3370 | agents=26
2026-03-05 12:32:51,466 | INFO | evac_sim.simulation.simulation_manager | Progress | frame=3380 | agents=26
2026-03-05 12:32:51,491 | INFO | evac_sim.simulation.simulation_manager | Progress | frame=3390 | agents=26
2026-03-05 12:32:51,514 | INFO | evac_sim.simulation.simulation_manager | Progress | frame=3400 | agents=26
2026-03-05 12:32:51,522 | INFO | evac_sim.simulation.simulation_manager | Reroute applied | frame=3400 | group=83 | agents=5 | curr=202 next=201 | old_len=55 new_len=65
2026-03-05 12:32:51,555 | INFO | evac_sim.simulation.simulation_manager | Progress | frame=3410 | agents=26
2026-03-05 12:32:51,577 | INFO | evac_sim.simulation.simulation_manager | Progress | frame=3420 | agents=26
2026-03-05 12:32:51,600 | INFO | evac_sim.simulation.simulation_manager | Progress | frame=3430 | agents=26
2026-03-05 12:32:51,623 | INFO | evac_sim.simulation.simulation_manager | Progress | frame=3440 | agents=26
2026-03-05 12:32:51,646 | INFO | evac_sim.simulation.simulation_manager | Progress | frame=3450 | agents=26
2026-03-05 12:32:51,681 | INFO | evac_sim.simulation.simulation_manager | Progress | frame=3460 | agents=26
2026-03-05 12:32:51,700 | INFO | evac_sim.simulation.simulation_manager | Progress | frame=3470 | agents=26
2026-03-05 12:32:51,720 | INFO | evac_sim.simulation.simulation_manager | Progress | frame=3480 | agents=26
2026-03-05 12:32:51,741 | INFO | evac_sim.simulation.simulation_manager | Progress | frame=3490 | agents=26
2026-03-05 12:32:51,760 | INFO | evac_sim.simulation.simulation_manager | Progress | frame=3500 | agents=26
2026-03-05 12:32:51,790 | INFO | evac_sim.simulation.simulation_manager | Progress | frame=3510 | agents=26
2026-03-05 12:32:51,809 | INFO | evac_sim.simulation.simulation_manager | Progress | frame=3520 | agents=26
2026-03-05 12:32:51,830 | INFO | evac_sim.simulation.simulation_manager | Progress | frame=3530 | agents=26
2026-03-05 12:32:51,849 | INFO | evac_sim.simulation.simulation_manager | Progress | frame=3540 | agents=26
2026-03-05 12:32:51,869 | INFO | evac_sim.simulation.simulation_manager | Progress | frame=3550 | agents=26
2026-03-05 12:32:51,900 | INFO | evac_sim.simulation.simulation_manager | Progress | frame=3560 | agents=26
2026-03-05 12:32:51,919 | INFO | evac_sim.simulation.simulation_manager | Progress | frame=3570 | agents=26
2026-03-05 12:32:51,938 | INFO | evac_sim.simulation.simulation_manager | Progress | frame=3580 | agents=26
2026-03-05 12:32:51,958 | INFO | evac_sim.simulation.simulation_manager | Progress | frame=3590 | agents=26
2026-03-05 12:32:51,978 | INFO | evac_sim.simulation.simulation_manager | Progress | frame=3600 | agents=26
2026-03-05 12:32:52,010 | INFO | evac_sim.simulation.simulation_manager | Progress | frame=3610 | agents=26
2026-03-05 12:32:52,030 | INFO | evac_sim.simulation.simulation_manager | Progress | frame=3620 | agents=26
2026-03-05 12:32:52,051 | INFO | evac_sim.simulation.simulation_manager | Progress | frame=3630 | agents=26
2026-03-05 12:32:52,072 | INFO | evac_sim.simulation.simulation_manager | Progress | frame=3640 | agents=26
2026-03-05 12:32:52,093 | INFO | evac_sim.simulation.simulation_manager | Progress | frame=3650 | agents=26
2026-03-05 12:32:52,124 | INFO | evac_sim.simulation.simulation_manager | Progress | frame=3660 | agents=26
2026-03-05 12:32:52,144 | INFO | evac_sim.simulation.simulation_manager | Progress | frame=3670 | agents=26
2026-03-05 12:32:52,163 | INFO | evac_sim.simulation.simulation_manager | Progress | frame=3680 | agents=26
2026-03-05 12:32:52,182 | INFO | evac_sim.simulation.simulation_manager | Progress | frame=3690 | agents=26
2026-03-05 12:32:52,203 | INFO | evac_sim.simulation.simulation_manager | Progress | frame=3700 | agents=26
2026-03-05 12:32:52,236 | INFO | evac_sim.simulation.simulation_manager | Progress | frame=3710 | agents=26
2026-03-05 12:32:52,256 | INFO | evac_sim.simulation.simulation_manager | Progress | frame=3720 | agents=26
2026-03-05 12:32:52,275 | INFO | evac_sim.simulation.simulation_manager | Progress | frame=3730 | agents=25
2026-03-05 12:32:52,294 | INFO | evac_sim.simulation.simulation_manager | Progress | frame=3740 | agents=25
2026-03-05 12:32:52,314 | INFO | evac_sim.simulation.simulation_manager | Progress | frame=3750 | agents=25
2026-03-05 12:32:52,344 | INFO | evac_sim.simulation.simulation_manager | Progress | frame=3760 | agents=25
2026-03-05 12:32:52,364 | INFO | evac_sim.simulation.simulation_manager | Progress | frame=3770 | agents=25
2026-03-05 12:32:52,383 | INFO | evac_sim.simulation.simulation_manager | Progress | frame=3780 | agents=25
2026-03-05 12:32:52,403 | INFO | evac_sim.simulation.simulation_manager | Progress | frame=3790 | agents=25
2026-03-05 12:32:52,422 | INFO | evac_sim.simulation.simulation_manager | Progress | frame=3800 | agents=24
2026-03-05 12:32:52,452 | INFO | evac_sim.simulation.simulation_manager | Progress | frame=3810 | agents=24
2026-03-05 12:32:52,471 | INFO | evac_sim.simulation.simulation_manager | Progress | frame=3820 | agents=24
2026-03-05 12:32:52,490 | INFO | evac_sim.simulation.simulation_manager | Progress | frame=3830 | agents=24
2026-03-05 12:32:52,511 | INFO | evac_sim.simulation.simulation_manager | Progress | frame=3840 | agents=24
2026-03-05 12:32:52,530 | INFO | evac_sim.simulation.simulation_manager | Progress | frame=3850 | agents=23
2026-03-05 12:32:52,559 | INFO | evac_sim.simulation.simulation_manager | Progress | frame=3860 | agents=23
2026-03-05 12:32:52,579 | INFO | evac_sim.simulation.simulation_manager | Progress | frame=3870 | agents=23
2026-03-05 12:32:52,599 | INFO | evac_sim.simulation.simulation_manager | Progress | frame=3880 | agents=23
2026-03-05 12:32:52,618 | INFO | evac_sim.simulation.simulation_manager | Progress | frame=3890 | agents=22
2026-03-05 12:32:52,637 | INFO | evac_sim.simulation.simulation_manager | Progress | frame=3900 | agents=22
2026-03-05 12:32:52,667 | INFO | evac_sim.simulation.simulation_manager | Progress | frame=3910 | agents=22
2026-03-05 12:32:52,686 | INFO | evac_sim.simulation.simulation_manager | Progress | frame=3920 | agents=22
2026-03-05 12:32:52,705 | INFO | evac_sim.simulation.simulation_manager | Progress | frame=3930 | agents=22
2026-03-05 12:32:52,724 | INFO | evac_sim.simulation.simulation_manager | Progress | frame=3940 | agents=21
2026-03-05 12:32:52,744 | INFO | evac_sim.simulation.simulation_manager | Progress | frame=3950 | agents=21
2026-03-05 12:32:52,774 | INFO | evac_sim.simulation.simulation_manager | Progress | frame=3960 | agents=21
2026-03-05 12:32:52,794 | INFO | evac_sim.simulation.simulation_manager | Progress | frame=3970 | agents=21
2026-03-05 12:32:52,813 | INFO | evac_sim.simulation.simulation_manager | Progress | frame=3980 | agents=20
2026-03-05 12:32:52,833 | INFO | evac_sim.simulation.simulation_manager | Progress | frame=3990 | agents=20
2026-03-05 12:32:52,853 | INFO | evac_sim.simulation.simulation_manager | Progress | frame=4000 | agents=20
2026-03-05 12:32:52,881 | INFO | evac_sim.simulation.simulation_manager | Progress | frame=4010 | agents=20
2026-03-05 12:32:52,900 | INFO | evac_sim.simulation.simulation_manager | Progress | frame=4020 | agents=20
2026-03-05 12:32:52,920 | INFO | evac_sim.simulation.simulation_manager | Progress | frame=4030 | agents=20
2026-03-05 12:32:52,939 | INFO | evac_sim.simulation.simulation_manager | Progress | frame=4040 | agents=20
2026-03-05 12:32:52,958 | INFO | evac_sim.simulation.simulation_manager | Progress | frame=4050 | agents=20
2026-03-05 12:32:52,985 | INFO | evac_sim.simulation.simulation_manager | Progress | frame=4060 | agents=20
2026-03-05 12:32:53,005 | INFO | evac_sim.simulation.simulation_manager | Progress | frame=4070 | agents=20
2026-03-05 12:32:53,024 | INFO | evac_sim.simulation.simulation_manager | Progress | frame=4080 | agents=20
2026-03-05 12:32:53,043 | INFO | evac_sim.simulation.simulation_manager | Progress | frame=4090 | agents=19
2026-03-05 12:32:53,063 | INFO | evac_sim.simulation.simulation_manager | Progress | frame=4100 | agents=19
2026-03-05 12:32:53,089 | INFO | evac_sim.simulation.simulation_manager | Progress | frame=4110 | agents=19
2026-03-05 12:32:53,108 | INFO | evac_sim.simulation.simulation_manager | Progress | frame=4120 | agents=19
2026-03-05 12:32:53,128 | INFO | evac_sim.simulation.simulation_manager | Progress | frame=4130 | agents=19
2026-03-05 12:32:53,146 | INFO | evac_sim.simulation.simulation_manager | Progress | frame=4140 | agents=18
2026-03-05 12:32:53,165 | INFO | evac_sim.simulation.simulation_manager | Progress | frame=4150 | agents=18
2026-03-05 12:32:53,192 | INFO | evac_sim.simulation.simulation_manager | Progress | frame=4160 | agents=18
2026-03-05 12:32:53,213 | INFO | evac_sim.simulation.simulation_manager | Progress | frame=4170 | agents=18
2026-03-05 12:32:53,233 | INFO | evac_sim.simulation.simulation_manager | Progress | frame=4180 | agents=18
2026-03-05 12:32:53,252 | INFO | evac_sim.simulation.simulation_manager | Progress | frame=4190 | agents=17
2026-03-05 12:32:53,272 | INFO | evac_sim.simulation.simulation_manager | Progress | frame=4200 | agents=17
2026-03-05 12:32:53,300 | INFO | evac_sim.simulation.simulation_manager | Progress | frame=4210 | agents=17
2026-03-05 12:32:53,320 | INFO | evac_sim.simulation.simulation_manager | Progress | frame=4220 | agents=17
2026-03-05 12:32:53,339 | INFO | evac_sim.simulation.simulation_manager | Progress | frame=4230 | agents=17
2026-03-05 12:32:53,359 | INFO | evac_sim.simulation.simulation_manager | Progress | frame=4240 | agents=17
2026-03-05 12:32:53,377 | INFO | evac_sim.simulation.simulation_manager | Progress | frame=4250 | agents=17
2026-03-05 12:32:53,405 | INFO | evac_sim.simulation.simulation_manager | Progress | frame=4260 | agents=16
2026-03-05 12:32:53,424 | INFO | evac_sim.simulation.simulation_manager | Progress | frame=4270 | agents=16
2026-03-05 12:32:53,443 | INFO | evac_sim.simulation.simulation_manager | Progress | frame=4280 | agents=16
2026-03-05 12:32:53,461 | INFO | evac_sim.simulation.simulation_manager | Progress | frame=4290 | agents=16
2026-03-05 12:32:53,481 | INFO | evac_sim.simulation.simulation_manager | Progress | frame=4300 | agents=16
2026-03-05 12:32:53,509 | INFO | evac_sim.simulation.simulation_manager | Progress | frame=4310 | agents=15
2026-03-05 12:32:53,527 | INFO | evac_sim.simulation.simulation_manager | Progress | frame=4320 | agents=15
2026-03-05 12:32:53,545 | INFO | evac_sim.simulation.simulation_manager | Progress | frame=4330 | agents=15
2026-03-05 12:32:53,565 | INFO | evac_sim.simulation.simulation_manager | Progress | frame=4340 | agents=15
2026-03-05 12:32:53,585 | INFO | evac_sim.simulation.simulation_manager | Progress | frame=4350 | agents=15
2026-03-05 12:32:53,612 | INFO | evac_sim.simulation.simulation_manager | Progress | frame=4360 | agents=14
2026-03-05 12:32:53,630 | INFO | evac_sim.simulation.simulation_manager | Progress | frame=4370 | agents=14
2026-03-05 12:32:53,650 | INFO | evac_sim.simulation.simulation_manager | Progress | frame=4380 | agents=14
2026-03-05 12:32:53,668 | INFO | evac_sim.simulation.simulation_manager | Progress | frame=4390 | agents=14
2026-03-05 12:32:53,687 | INFO | evac_sim.simulation.simulation_manager | Progress | frame=4400 | agents=14
2026-03-05 12:32:53,713 | INFO | evac_sim.simulation.simulation_manager | Progress | frame=4410 | agents=13
2026-03-05 12:32:53,732 | INFO | evac_sim.simulation.simulation_manager | Progress | frame=4420 | agents=13
2026-03-05 12:32:53,750 | INFO | evac_sim.simulation.simulation_manager | Progress | frame=4430 | agents=13
2026-03-05 12:32:53,770 | INFO | evac_sim.simulation.simulation_manager | Progress | frame=4440 | agents=13
2026-03-05 12:32:53,787 | INFO | evac_sim.simulation.simulation_manager | Progress | frame=4450 | agents=13
2026-03-05 12:32:53,814 | INFO | evac_sim.simulation.simulation_manager | Progress | frame=4460 | agents=12
2026-03-05 12:32:53,834 | INFO | evac_sim.simulation.simulation_manager | Progress | frame=4470 | agents=12
2026-03-05 12:32:53,852 | INFO | evac_sim.simulation.simulation_manager | Progress | frame=4480 | agents=12
2026-03-05 12:32:53,871 | INFO | evac_sim.simulation.simulation_manager | Progress | frame=4490 | agents=12
2026-03-05 12:32:53,889 | INFO | evac_sim.simulation.simulation_manager | Progress | frame=4500 | agents=11
2026-03-05 12:32:53,917 | INFO | evac_sim.simulation.simulation_manager | Progress | frame=4510 | agents=11
2026-03-05 12:32:53,935 | INFO | evac_sim.simulation.simulation_manager | Progress | frame=4520 | agents=11
2026-03-05 12:32:53,954 | INFO | evac_sim.simulation.simulation_manager | Progress | frame=4530 | agents=11
2026-03-05 12:32:53,973 | INFO | evac_sim.simulation.simulation_manager | Progress | frame=4540 | agents=11
2026-03-05 12:32:53,990 | INFO | evac_sim.simulation.simulation_manager | Progress | frame=4550 | agents=10
2026-03-05 12:32:54,017 | INFO | evac_sim.simulation.simulation_manager | Progress | frame=4560 | agents=10
2026-03-05 12:32:54,036 | INFO | evac_sim.simulation.simulation_manager | Progress | frame=4570 | agents=10
2026-03-05 12:32:54,054 | INFO | evac_sim.simulation.simulation_manager | Progress | frame=4580 | agents=10
2026-03-05 12:32:54,072 | INFO | evac_sim.simulation.simulation_manager | Progress | frame=4590 | agents=9
2026-03-05 12:32:54,090 | INFO | evac_sim.simulation.simulation_manager | Progress | frame=4600 | agents=9
2026-03-05 12:32:54,116 | INFO | evac_sim.simulation.simulation_manager | Progress | frame=4610 | agents=9
2026-03-05 12:32:54,133 | INFO | evac_sim.simulation.simulation_manager | Progress | frame=4620 | agents=9
2026-03-05 12:32:54,152 | INFO | evac_sim.simulation.simulation_manager | Progress | frame=4630 | agents=9
2026-03-05 12:32:54,170 | INFO | evac_sim.simulation.simulation_manager | Progress | frame=4640 | agents=8
2026-03-05 12:32:54,188 | INFO | evac_sim.simulation.simulation_manager | Progress | frame=4650 | agents=8
2026-03-05 12:32:54,215 | INFO | evac_sim.simulation.simulation_manager | Progress | frame=4660 | agents=8
2026-03-05 12:32:54,232 | INFO | evac_sim.simulation.simulation_manager | Progress | frame=4670 | agents=8
2026-03-05 12:32:54,251 | INFO | evac_sim.simulation.simulation_manager | Progress | frame=4680 | agents=7
2026-03-05 12:32:54,269 | INFO | evac_sim.simulation.simulation_manager | Progress | frame=4690 | agents=7
2026-03-05 12:32:54,287 | INFO | evac_sim.simulation.simulation_manager | Progress | frame=4700 | agents=7
2026-03-05 12:32:54,312 | INFO | evac_sim.simulation.simulation_manager | Progress | frame=4710 | agents=7
2026-03-05 12:32:54,330 | INFO | evac_sim.simulation.simulation_manager | Progress | frame=4720 | agents=7
2026-03-05 12:32:54,348 | INFO | evac_sim.simulation.simulation_manager | Progress | frame=4730 | agents=6
2026-03-05 12:32:54,366 | INFO | evac_sim.simulation.simulation_manager | Progress | frame=4740 | agents=6
2026-03-05 12:32:54,384 | INFO | evac_sim.simulation.simulation_manager | Progress | frame=4750 | agents=6
2026-03-05 12:32:54,407 | INFO | evac_sim.simulation.simulation_manager | Progress | frame=4760 | agents=6
2026-03-05 12:32:54,425 | INFO | evac_sim.simulation.simulation_manager | Progress | frame=4770 | agents=6
2026-03-05 12:32:54,442 | INFO | evac_sim.simulation.simulation_manager | Progress | frame=4780 | agents=5
2026-03-05 12:32:54,461 | INFO | evac_sim.simulation.simulation_manager | Progress | frame=4790 | agents=5
2026-03-05 12:32:54,478 | INFO | evac_sim.simulation.simulation_manager | Progress | frame=4800 | agents=5
2026-03-05 12:32:54,498 | INFO | evac_sim.simulation.simulation_manager | Progress | frame=4810 | agents=5
2026-03-05 12:32:54,517 | INFO | evac_sim.simulation.simulation_manager | Progress | frame=4820 | agents=5
2026-03-05 12:32:54,535 | INFO | evac_sim.simulation.simulation_manager | Progress | frame=4830 | agents=5
2026-03-05 12:32:54,552 | INFO | evac_sim.simulation.simulation_manager | Progress | frame=4840 | agents=5
2026-03-05 12:32:54,570 | INFO | evac_sim.simulation.simulation_manager | Progress | frame=4850 | agents=5
2026-03-05 12:32:54,591 | INFO | evac_sim.simulation.simulation_manager | Progress | frame=4860 | agents=4
2026-03-05 12:32:54,609 | INFO | evac_sim.simulation.simulation_manager | Progress | frame=4870 | agents=4
2026-03-05 12:32:54,627 | INFO | evac_sim.simulation.simulation_manager | Progress | frame=4880 | agents=4
2026-03-05 12:32:54,645 | INFO | evac_sim.simulation.simulation_manager | Progress | frame=4890 | agents=4
2026-03-05 12:32:54,663 | INFO | evac_sim.simulation.simulation_manager | Progress | frame=4900 | agents=4
2026-03-05 12:32:54,683 | INFO | evac_sim.simulation.simulation_manager | Progress | frame=4910 | agents=3
2026-03-05 12:32:54,701 | INFO | evac_sim.simulation.simulation_manager | Progress | frame=4920 | agents=3
2026-03-05 12:32:54,719 | INFO | evac_sim.simulation.simulation_manager | Progress | frame=4930 | agents=3
2026-03-05 12:32:54,736 | INFO | evac_sim.simulation.simulation_manager | Progress | frame=4940 | agents=3
2026-03-05 12:32:54,755 | INFO | evac_sim.simulation.simulation_manager | Progress | frame=4950 | agents=3
2026-03-05 12:32:54,775 | INFO | evac_sim.simulation.simulation_manager | Progress | frame=4960 | agents=2
2026-03-05 12:32:54,793 | INFO | evac_sim.simulation.simulation_manager | Progress | frame=4970 | agents=2
2026-03-05 12:32:54,811 | INFO | evac_sim.simulation.simulation_manager | Progress | frame=4980 | agents=2
2026-03-05 12:32:54,828 | INFO | evac_sim.simulation.simulation_manager | Progress | frame=4990 | agents=2
2026-03-05 12:32:54,846 | INFO | evac_sim.simulation.simulation_manager | Progress | frame=5000 | agents=2
2026-03-05 12:32:54,866 | INFO | evac_sim.simulation.simulation_manager | Progress | frame=5010 | agents=1
2026-03-05 12:32:54,884 | INFO | evac_sim.simulation.simulation_manager | Progress | frame=5020 | agents=1
2026-03-05 12:32:54,901 | INFO | evac_sim.simulation.simulation_manager | Progress | frame=5030 | agents=1
2026-03-05 12:32:54,919 | INFO | evac_sim.simulation.simulation_manager | Progress | frame=5040 | agents=1
2026-03-05 12:32:54,936 | INFO | evac_sim.simulation.simulation_manager | Progress | frame=5050 | agents=1
2026-03-05 12:32:54,944 | INFO | evac_sim.simulation.simulation_manager | Simulation end | last_frame=5053
2026-03-05 12:32:54,970 | INFO | evac_sim.runner | Mode start | mode=3 env=Cruise_Ship case=unknown
2026-03-05 12:32:55,023 | INFO | evac_sim.simulation.simulation_manager | Simulation start | agents=32
2026-03-05 12:32:55,061 | INFO | evac_sim.simulation.simulation_manager | Progress | frame=10 | agents=32
2026-03-05 12:32:55,081 | INFO | evac_sim.simulation.simulation_manager | Progress | frame=20 | agents=32
2026-03-05 12:32:55,102 | INFO | evac_sim.simulation.simulation_manager | Progress | frame=30 | agents=32
2026-03-05 12:32:55,123 | INFO | evac_sim.simulation.simulation_manager | Progress | frame=40 | agents=32
2026-03-05 12:32:55,144 | INFO | evac_sim.simulation.simulation_manager | Progress | frame=50 | agents=32
2026-03-05 12:32:55,179 | INFO | evac_sim.simulation.simulation_manager | Progress | frame=60 | agents=32
2026-03-05 12:32:55,199 | INFO | evac_sim.simulation.simulation_manager | Progress | frame=70 | agents=32
2026-03-05 12:32:55,222 | INFO | evac_sim.simulation.simulation_manager | Progress | frame=80 | agents=32
2026-03-05 12:32:55,242 | INFO | evac_sim.simulation.simulation_manager | Progress | frame=90 | agents=32
2026-03-05 12:32:55,263 | INFO | evac_sim.simulation.simulation_manager | Progress | frame=100 | agents=32
2026-03-05 12:32:55,298 | INFO | evac_sim.simulation.simulation_manager | Progress | frame=110 | agents=32
2026-03-05 12:32:55,319 | INFO | evac_sim.simulation.simulation_manager | Progress | frame=120 | agents=32
2026-03-05 12:32:55,341 | INFO | evac_sim.simulation.simulation_manager | Progress | frame=130 | agents=32
2026-03-05 12:32:55,363 | INFO | evac_sim.simulation.simulation_manager | Progress | frame=140 | agents=32
2026-03-05 12:32:55,386 | INFO | evac_sim.simulation.simulation_manager | Progress | frame=150 | agents=32
2026-03-05 12:32:55,421 | INFO | evac_sim.simulation.simulation_manager | Progress | frame=160 | agents=32
2026-03-05 12:32:55,442 | INFO | evac_sim.simulation.simulation_manager | Progress | frame=170 | agents=32
2026-03-05 12:32:55,468 | INFO | evac_sim.simulation.simulation_manager | Progress | frame=180 | agents=32
2026-03-05 12:32:55,490 | INFO | evac_sim.simulation.simulation_manager | Progress | frame=190 | agents=32
2026-03-05 12:32:55,512 | INFO | evac_sim.simulation.simulation_manager | Progress | frame=200 | agents=32
2026-03-05 12:32:55,552 | INFO | evac_sim.simulation.simulation_manager | Progress | frame=210 | agents=32
2026-03-05 12:32:55,576 | INFO | evac_sim.simulation.simulation_manager | Progress | frame=220 | agents=32
2026-03-05 12:32:55,598 | INFO | evac_sim.simulation.simulation_manager | Progress | frame=230 | agents=32
2026-03-05 12:32:55,622 | INFO | evac_sim.simulation.simulation_manager | Progress | frame=240 | agents=32
2026-03-05 12:32:55,643 | INFO | evac_sim.simulation.simulation_manager | Progress | frame=250 | agents=32
2026-03-05 12:32:55,680 | INFO | evac_sim.simulation.simulation_manager | Progress | frame=260 | agents=32
2026-03-05 12:32:55,702 | INFO | evac_sim.simulation.simulation_manager | Progress | frame=270 | agents=32
2026-03-05 12:32:55,723 | INFO | evac_sim.simulation.simulation_manager | Progress | frame=280 | agents=32
2026-03-05 12:32:55,745 | INFO | evac_sim.simulation.simulation_manager | Progress | frame=290 | agents=32
2026-03-05 12:32:55,766 | INFO | evac_sim.simulation.simulation_manager | Progress | frame=300 | agents=32
2026-03-05 12:32:55,801 | INFO | evac_sim.simulation.simulation_manager | Progress | frame=310 | agents=32
2026-03-05 12:32:55,823 | INFO | evac_sim.simulation.simulation_manager | Progress | frame=320 | agents=32
2026-03-05 12:32:55,844 | INFO | evac_sim.simulation.simulation_manager | Progress | frame=330 | agents=32
2026-03-05 12:32:55,866 | INFO | evac_sim.simulation.simulation_manager | Progress | frame=340 | agents=32
2026-03-05 12:32:55,888 | INFO | evac_sim.simulation.simulation_manager | Progress | frame=350 | agents=32
2026-03-05 12:32:55,922 | INFO | evac_sim.simulation.simulation_manager | Progress | frame=360 | agents=32
2026-03-05 12:32:55,943 | INFO | evac_sim.simulation.simulation_manager | Progress | frame=370 | agents=32
2026-03-05 12:32:55,965 | INFO | evac_sim.simulation.simulation_manager | Progress | frame=380 | agents=32
2026-03-05 12:32:55,985 | INFO | evac_sim.simulation.simulation_manager | Progress | frame=390 | agents=32
2026-03-05 12:32:56,006 | INFO | evac_sim.simulation.simulation_manager | Progress | frame=400 | agents=32
2026-03-05 12:32:56,013 | INFO | evac_sim.simulation.simulation_manager | Reroute applied | frame=400 | group=83 | agents=5 | curr=92 next=91 | old_len=49 new_len=49
2026-03-05 12:32:56,245 | INFO | evac_sim.simulation.simulation_manager | Reroute applied | frame=400 | group=73 | agents=6 | curr=57 next=56 | old_len=44 new_len=47
2026-03-05 12:32:56,252 | INFO | evac_sim.simulation.simulation_manager | Reroute applied | frame=400 | group=92 | agents=10 | curr=61 next=60 | old_len=46 new_len=49
2026-03-05 12:32:56,275 | INFO | evac_sim.simulation.simulation_manager | Progress | frame=410 | agents=32
2026-03-05 12:32:56,296 | INFO | evac_sim.simulation.simulation_manager | Progress | frame=420 | agents=32
2026-03-05 12:32:56,317 | INFO | evac_sim.simulation.simulation_manager | Progress | frame=430 | agents=32
2026-03-05 12:32:56,338 | INFO | evac_sim.simulation.simulation_manager | Progress | frame=440 | agents=32
2026-03-05 12:32:56,359 | INFO | evac_sim.simulation.simulation_manager | Progress | frame=450 | agents=32
2026-03-05 12:32:56,393 | INFO | evac_sim.simulation.simulation_manager | Progress | frame=460 | agents=32
2026-03-05 12:32:56,413 | INFO | evac_sim.simulation.simulation_manager | Progress | frame=470 | agents=32
2026-03-05 12:32:56,433 | INFO | evac_sim.simulation.simulation_manager | Progress | frame=480 | agents=32
2026-03-05 12:32:56,454 | INFO | evac_sim.simulation.simulation_manager | Progress | frame=490 | agents=32
2026-03-05 12:32:56,476 | INFO | evac_sim.simulation.simulation_manager | Progress | frame=500 | agents=32
2026-03-05 12:32:56,510 | INFO | evac_sim.simulation.simulation_manager | Progress | frame=510 | agents=32
2026-03-05 12:32:56,530 | INFO | evac_sim.simulation.simulation_manager | Progress | frame=520 | agents=32
2026-03-05 12:32:56,551 | INFO | evac_sim.simulation.simulation_manager | Progress | frame=530 | agents=32
2026-03-05 12:32:56,573 | INFO | evac_sim.simulation.simulation_manager | Progress | frame=540 | agents=32
2026-03-05 12:32:56,594 | INFO | evac_sim.simulation.simulation_manager | Progress | frame=550 | agents=32
2026-03-05 12:32:56,634 | INFO | evac_sim.simulation.simulation_manager | Progress | frame=560 | agents=32
2026-03-05 12:32:56,659 | INFO | evac_sim.simulation.simulation_manager | Progress | frame=570 | agents=32
2026-03-05 12:32:56,684 | INFO | evac_sim.simulation.simulation_manager | Progress | frame=580 | agents=32
2026-03-05 12:32:56,708 | INFO | evac_sim.simulation.simulation_manager | Progress | frame=590 | agents=32
2026-03-05 12:32:56,735 | INFO | evac_sim.simulation.simulation_manager | Progress | frame=600 | agents=32
2026-03-05 12:32:56,778 | INFO | evac_sim.simulation.simulation_manager | Progress | frame=610 | agents=32
2026-03-05 12:32:56,803 | INFO | evac_sim.simulation.simulation_manager | Progress | frame=620 | agents=32
2026-03-05 12:32:56,826 | INFO | evac_sim.simulation.simulation_manager | Progress | frame=630 | agents=32
2026-03-05 12:32:56,853 | INFO | evac_sim.simulation.simulation_manager | Progress | frame=640 | agents=32
2026-03-05 12:32:56,878 | INFO | evac_sim.simulation.simulation_manager | Progress | frame=650 | agents=32
2026-03-05 12:32:56,919 | INFO | evac_sim.simulation.simulation_manager | Progress | frame=660 | agents=32
2026-03-05 12:32:56,945 | INFO | evac_sim.simulation.simulation_manager | Progress | frame=670 | agents=32
2026-03-05 12:32:56,970 | INFO | evac_sim.simulation.simulation_manager | Progress | frame=680 | agents=32
2026-03-05 12:32:56,995 | INFO | evac_sim.simulation.simulation_manager | Progress | frame=690 | agents=32
2026-03-05 12:32:57,020 | INFO | evac_sim.simulation.simulation_manager | Progress | frame=700 | agents=32
2026-03-05 12:32:57,065 | INFO | evac_sim.simulation.simulation_manager | Progress | frame=710 | agents=32
2026-03-05 12:32:57,090 | INFO | evac_sim.simulation.simulation_manager | Progress | frame=720 | agents=32
2026-03-05 12:32:57,115 | INFO | evac_sim.simulation.simulation_manager | Progress | frame=730 | agents=32
2026-03-05 12:32:57,141 | INFO | evac_sim.simulation.simulation_manager | Progress | frame=740 | agents=32
2026-03-05 12:32:57,167 | INFO | evac_sim.simulation.simulation_manager | Progress | frame=750 | agents=32
2026-03-05 12:32:57,211 | INFO | evac_sim.simulation.simulation_manager | Progress | frame=760 | agents=32
2026-03-05 12:32:57,237 | INFO | evac_sim.simulation.simulation_manager | Progress | frame=770 | agents=32
2026-03-05 12:32:57,264 | INFO | evac_sim.simulation.simulation_manager | Progress | frame=780 | agents=32
2026-03-05 12:32:57,288 | INFO | evac_sim.simulation.simulation_manager | Progress | frame=790 | agents=32
2026-03-05 12:32:57,315 | INFO | evac_sim.simulation.simulation_manager | Progress | frame=800 | agents=32
2026-03-05 12:32:57,354 | INFO | evac_sim.simulation.simulation_manager | Progress | frame=810 | agents=32
2026-03-05 12:32:57,379 | INFO | evac_sim.simulation.simulation_manager | Progress | frame=820 | agents=32
2026-03-05 12:32:57,405 | INFO | evac_sim.simulation.simulation_manager | Progress | frame=830 | agents=32
2026-03-05 12:32:57,434 | INFO | evac_sim.simulation.simulation_manager | Progress | frame=840 | agents=32
2026-03-05 12:32:57,455 | INFO | evac_sim.simulation.simulation_manager | Progress | frame=850 | agents=32
2026-03-05 12:32:57,491 | INFO | evac_sim.simulation.simulation_manager | Progress | frame=860 | agents=32
2026-03-05 12:32:57,511 | INFO | evac_sim.simulation.simulation_manager | Progress | frame=870 | agents=32
2026-03-05 12:32:57,532 | INFO | evac_sim.simulation.simulation_manager | Progress | frame=880 | agents=32
2026-03-05 12:32:57,555 | INFO | evac_sim.simulation.simulation_manager | Progress | frame=890 | agents=32
2026-03-05 12:32:57,575 | INFO | evac_sim.simulation.simulation_manager | Progress | frame=900 | agents=32
2026-03-05 12:32:57,610 | INFO | evac_sim.simulation.simulation_manager | Progress | frame=910 | agents=32
2026-03-05 12:32:57,631 | INFO | evac_sim.simulation.simulation_manager | Progress | frame=920 | agents=32
2026-03-05 12:32:57,651 | INFO | evac_sim.simulation.simulation_manager | Progress | frame=930 | agents=32
2026-03-05 12:32:57,672 | INFO | evac_sim.simulation.simulation_manager | Progress | frame=940 | agents=32
2026-03-05 12:32:57,695 | INFO | evac_sim.simulation.simulation_manager | Progress | frame=950 | agents=32
2026-03-05 12:32:57,729 | INFO | evac_sim.simulation.simulation_manager | Progress | frame=960 | agents=32
2026-03-05 12:32:57,750 | INFO | evac_sim.simulation.simulation_manager | Progress | frame=970 | agents=32
2026-03-05 12:32:57,771 | INFO | evac_sim.simulation.simulation_manager | Progress | frame=980 | agents=32
2026-03-05 12:32:57,791 | INFO | evac_sim.simulation.simulation_manager | Progress | frame=990 | agents=32
2026-03-05 12:32:57,813 | INFO | evac_sim.simulation.simulation_manager | Progress | frame=1000 | agents=32
2026-03-05 12:32:57,847 | INFO | evac_sim.simulation.simulation_manager | Progress | frame=1010 | agents=32
2026-03-05 12:32:57,868 | INFO | evac_sim.simulation.simulation_manager | Progress | frame=1020 | agents=32
2026-03-05 12:32:57,889 | INFO | evac_sim.simulation.simulation_manager | Progress | frame=1030 | agents=32
2026-03-05 12:32:57,910 | INFO | evac_sim.simulation.simulation_manager | Progress | frame=1040 | agents=32
2026-03-05 12:32:57,931 | INFO | evac_sim.simulation.simulation_manager | Progress | frame=1050 | agents=32
2026-03-05 12:32:57,966 | INFO | evac_sim.simulation.simulation_manager | Progress | frame=1060 | agents=32
2026-03-05 12:32:57,987 | INFO | evac_sim.simulation.simulation_manager | Progress | frame=1070 | agents=32
2026-03-05 12:32:58,008 | INFO | evac_sim.simulation.simulation_manager | Progress | frame=1080 | agents=32
2026-03-05 12:32:58,028 | INFO | evac_sim.simulation.simulation_manager | Progress | frame=1090 | agents=32
2026-03-05 12:32:58,049 | INFO | evac_sim.simulation.simulation_manager | Progress | frame=1100 | agents=32
2026-03-05 12:32:58,083 | INFO | evac_sim.simulation.simulation_manager | Progress | frame=1110 | agents=32
2026-03-05 12:32:58,104 | INFO | evac_sim.simulation.simulation_manager | Progress | frame=1120 | agents=32
2026-03-05 12:32:58,125 | INFO | evac_sim.simulation.simulation_manager | Progress | frame=1130 | agents=32
2026-03-05 12:32:58,146 | INFO | evac_sim.simulation.simulation_manager | Progress | frame=1140 | agents=32
2026-03-05 12:32:58,166 | INFO | evac_sim.simulation.simulation_manager | Progress | frame=1150 | agents=32
2026-03-05 12:32:58,200 | INFO | evac_sim.simulation.simulation_manager | Progress | frame=1160 | agents=32
2026-03-05 12:32:58,221 | INFO | evac_sim.simulation.simulation_manager | Progress | frame=1170 | agents=32
2026-03-05 12:32:58,242 | INFO | evac_sim.simulation.simulation_manager | Progress | frame=1180 | agents=32
2026-03-05 12:32:58,263 | INFO | evac_sim.simulation.simulation_manager | Progress | frame=1190 | agents=32
2026-03-05 12:32:58,284 | INFO | evac_sim.simulation.simulation_manager | Progress | frame=1200 | agents=32
2026-03-05 12:32:58,317 | INFO | evac_sim.simulation.simulation_manager | Progress | frame=1210 | agents=32
2026-03-05 12:32:58,338 | INFO | evac_sim.simulation.simulation_manager | Progress | frame=1220 | agents=32
2026-03-05 12:32:58,358 | INFO | evac_sim.simulation.simulation_manager | Progress | frame=1230 | agents=32
2026-03-05 12:32:58,379 | INFO | evac_sim.simulation.simulation_manager | Progress | frame=1240 | agents=32
2026-03-05 12:32:58,400 | INFO | evac_sim.simulation.simulation_manager | Progress | frame=1250 | agents=32
2026-03-05 12:32:58,434 | INFO | evac_sim.simulation.simulation_manager | Progress | frame=1260 | agents=32
2026-03-05 12:32:58,456 | INFO | evac_sim.simulation.simulation_manager | Progress | frame=1270 | agents=32
2026-03-05 12:32:58,477 | INFO | evac_sim.simulation.simulation_manager | Progress | frame=1280 | agents=32
2026-03-05 12:32:58,497 | INFO | evac_sim.simulation.simulation_manager | Progress | frame=1290 | agents=32
2026-03-05 12:32:58,519 | INFO | evac_sim.simulation.simulation_manager | Progress | frame=1300 | agents=32
2026-03-05 12:32:58,553 | INFO | evac_sim.simulation.simulation_manager | Progress | frame=1310 | agents=32
2026-03-05 12:32:58,575 | INFO | evac_sim.simulation.simulation_manager | Progress | frame=1320 | agents=32
2026-03-05 12:32:58,597 | INFO | evac_sim.simulation.simulation_manager | Progress | frame=1330 | agents=32
2026-03-05 12:32:58,618 | INFO | evac_sim.simulation.simulation_manager | Progress | frame=1340 | agents=32
2026-03-05 12:32:58,640 | INFO | evac_sim.simulation.simulation_manager | Progress | frame=1350 | agents=32
2026-03-05 12:32:58,674 | INFO | evac_sim.simulation.simulation_manager | Progress | frame=1360 | agents=32
2026-03-05 12:32:58,695 | INFO | evac_sim.simulation.simulation_manager | Progress | frame=1370 | agents=32
2026-03-05 12:32:58,716 | INFO | evac_sim.simulation.simulation_manager | Progress | frame=1380 | agents=32
2026-03-05 12:32:58,738 | INFO | evac_sim.simulation.simulation_manager | Progress | frame=1390 | agents=32
2026-03-05 12:32:58,759 | INFO | evac_sim.simulation.simulation_manager | Progress | frame=1400 | agents=32
2026-03-05 12:32:58,794 | INFO | evac_sim.simulation.simulation_manager | Progress | frame=1410 | agents=32
2026-03-05 12:32:58,816 | INFO | evac_sim.simulation.simulation_manager | Progress | frame=1420 | agents=32
2026-03-05 12:32:58,837 | INFO | evac_sim.simulation.simulation_manager | Progress | frame=1430 | agents=32
2026-03-05 12:32:58,859 | INFO | evac_sim.simulation.simulation_manager | Progress | frame=1440 | agents=32
2026-03-05 12:32:58,880 | INFO | evac_sim.simulation.simulation_manager | Progress | frame=1450 | agents=32
2026-03-05 12:32:58,915 | INFO | evac_sim.simulation.simulation_manager | Progress | frame=1460 | agents=32
2026-03-05 12:32:58,938 | INFO | evac_sim.simulation.simulation_manager | Progress | frame=1470 | agents=32
2026-03-05 12:32:58,958 | INFO | evac_sim.simulation.simulation_manager | Progress | frame=1480 | agents=32
2026-03-05 12:32:58,981 | INFO | evac_sim.simulation.simulation_manager | Progress | frame=1490 | agents=32
2026-03-05 12:32:59,003 | INFO | evac_sim.simulation.simulation_manager | Progress | frame=1500 | agents=32
2026-03-05 12:32:59,038 | INFO | evac_sim.simulation.simulation_manager | Progress | frame=1510 | agents=32
2026-03-05 12:32:59,061 | INFO | evac_sim.simulation.simulation_manager | Progress | frame=1520 | agents=32
2026-03-05 12:32:59,083 | INFO | evac_sim.simulation.simulation_manager | Progress | frame=1530 | agents=32
2026-03-05 12:32:59,109 | INFO | evac_sim.simulation.simulation_manager | Progress | frame=1540 | agents=32
2026-03-05 12:32:59,132 | INFO | evac_sim.simulation.simulation_manager | Progress | frame=1550 | agents=32
2026-03-05 12:32:59,177 | INFO | evac_sim.simulation.simulation_manager | Progress | frame=1560 | agents=32
2026-03-05 12:32:59,200 | INFO | evac_sim.simulation.simulation_manager | Progress | frame=1570 | agents=32
2026-03-05 12:32:59,227 | INFO | evac_sim.simulation.simulation_manager | Progress | frame=1580 | agents=32
2026-03-05 12:32:59,250 | INFO | evac_sim.simulation.simulation_manager | Progress | frame=1590 | agents=32
2026-03-05 12:32:59,276 | INFO | evac_sim.simulation.simulation_manager | Progress | frame=1600 | agents=32
2026-03-05 12:32:59,319 | INFO | evac_sim.simulation.simulation_manager | Progress | frame=1610 | agents=32
2026-03-05 12:32:59,345 | INFO | evac_sim.simulation.simulation_manager | Progress | frame=1620 | agents=32
2026-03-05 12:32:59,366 | INFO | evac_sim.simulation.simulation_manager | Progress | frame=1630 | agents=32
2026-03-05 12:32:59,387 | INFO | evac_sim.simulation.simulation_manager | Progress | frame=1640 | agents=32
2026-03-05 12:32:59,409 | INFO | evac_sim.simulation.simulation_manager | Progress | frame=1650 | agents=32
2026-03-05 12:32:59,444 | INFO | evac_sim.simulation.simulation_manager | Progress | frame=1660 | agents=32
2026-03-05 12:32:59,465 | INFO | evac_sim.simulation.simulation_manager | Progress | frame=1670 | agents=32
2026-03-05 12:32:59,487 | INFO | evac_sim.simulation.simulation_manager | Progress | frame=1680 | agents=32
2026-03-05 12:32:59,508 | INFO | evac_sim.simulation.simulation_manager | Progress | frame=1690 | agents=32
2026-03-05 12:32:59,530 | INFO | evac_sim.simulation.simulation_manager | Progress | frame=1700 | agents=32
2026-03-05 12:32:59,565 | INFO | evac_sim.simulation.simulation_manager | Progress | frame=1710 | agents=32
2026-03-05 12:32:59,586 | INFO | evac_sim.simulation.simulation_manager | Progress | frame=1720 | agents=32
2026-03-05 12:32:59,608 | INFO | evac_sim.simulation.simulation_manager | Progress | frame=1730 | agents=32
2026-03-05 12:32:59,630 | INFO | evac_sim.simulation.simulation_manager | Progress | frame=1740 | agents=32
2026-03-05 12:32:59,653 | INFO | evac_sim.simulation.simulation_manager | Progress | frame=1750 | agents=32
2026-03-05 12:32:59,688 | INFO | evac_sim.simulation.simulation_manager | Progress | frame=1760 | agents=32
2026-03-05 12:32:59,709 | INFO | evac_sim.simulation.simulation_manager | Progress | frame=1770 | agents=32
2026-03-05 12:32:59,731 | INFO | evac_sim.simulation.simulation_manager | Progress | frame=1780 | agents=32
2026-03-05 12:32:59,752 | INFO | evac_sim.simulation.simulation_manager | Progress | frame=1790 | agents=32
2026-03-05 12:32:59,774 | INFO | evac_sim.simulation.simulation_manager | Progress | frame=1800 | agents=32
2026-03-05 12:32:59,809 | INFO | evac_sim.simulation.simulation_manager | Progress | frame=1810 | agents=32
2026-03-05 12:32:59,830 | INFO | evac_sim.simulation.simulation_manager | Progress | frame=1820 | agents=32
2026-03-05 12:32:59,853 | INFO | evac_sim.simulation.simulation_manager | Progress | frame=1830 | agents=32
2026-03-05 12:32:59,874 | INFO | evac_sim.simulation.simulation_manager | Progress | frame=1840 | agents=32
2026-03-05 12:32:59,895 | INFO | evac_sim.simulation.simulation_manager | Progress | frame=1850 | agents=32
2026-03-05 12:32:59,932 | INFO | evac_sim.simulation.simulation_manager | Progress | frame=1860 | agents=32
2026-03-05 12:32:59,953 | INFO | evac_sim.simulation.simulation_manager | Progress | frame=1870 | agents=32
2026-03-05 12:32:59,975 | INFO | evac_sim.simulation.simulation_manager | Progress | frame=1880 | agents=32
2026-03-05 12:32:59,997 | INFO | evac_sim.simulation.simulation_manager | Progress | frame=1890 | agents=32
2026-03-05 12:33:00,020 | INFO | evac_sim.simulation.simulation_manager | Progress | frame=1900 | agents=32
2026-03-05 12:33:00,056 | INFO | evac_sim.simulation.simulation_manager | Progress | frame=1910 | agents=32
2026-03-05 12:33:00,077 | INFO | evac_sim.simulation.simulation_manager | Progress | frame=1920 | agents=32
2026-03-05 12:33:00,098 | INFO | evac_sim.simulation.simulation_manager | Progress | frame=1930 | agents=32
2026-03-05 12:33:00,120 | INFO | evac_sim.simulation.simulation_manager | Progress | frame=1940 | agents=32
2026-03-05 12:33:00,141 | INFO | evac_sim.simulation.simulation_manager | Progress | frame=1950 | agents=32
2026-03-05 12:33:00,176 | INFO | evac_sim.simulation.simulation_manager | Progress | frame=1960 | agents=32
2026-03-05 12:33:00,198 | INFO | evac_sim.simulation.simulation_manager | Progress | frame=1970 | agents=32
2026-03-05 12:33:00,220 | INFO | evac_sim.simulation.simulation_manager | Progress | frame=1980 | agents=32
2026-03-05 12:33:00,242 | INFO | evac_sim.simulation.simulation_manager | Progress | frame=1990 | agents=32
2026-03-05 12:33:00,263 | INFO | evac_sim.simulation.simulation_manager | Progress | frame=2000 | agents=32
2026-03-05 12:33:00,299 | INFO | evac_sim.simulation.simulation_manager | Progress | frame=2010 | agents=32
2026-03-05 12:33:00,319 | INFO | evac_sim.simulation.simulation_manager | Progress | frame=2020 | agents=32
2026-03-05 12:33:00,340 | INFO | evac_sim.simulation.simulation_manager | Progress | frame=2030 | agents=32
2026-03-05 12:33:00,361 | INFO | evac_sim.simulation.simulation_manager | Progress | frame=2040 | agents=32
2026-03-05 12:33:00,382 | INFO | evac_sim.simulation.simulation_manager | Progress | frame=2050 | agents=32
2026-03-05 12:33:00,419 | INFO | evac_sim.simulation.simulation_manager | Progress | frame=2060 | agents=32
2026-03-05 12:33:00,440 | INFO | evac_sim.simulation.simulation_manager | Progress | frame=2070 | agents=32
2026-03-05 12:33:00,462 | INFO | evac_sim.simulation.simulation_manager | Progress | frame=2080 | agents=32
2026-03-05 12:33:00,482 | INFO | evac_sim.simulation.simulation_manager | Progress | frame=2090 | agents=32
2026-03-05 12:33:00,503 | INFO | evac_sim.simulation.simulation_manager | Progress | frame=2100 | agents=32
2026-03-05 12:33:00,544 | INFO | evac_sim.simulation.simulation_manager | Progress | frame=2110 | agents=32
2026-03-05 12:33:00,565 | INFO | evac_sim.simulation.simulation_manager | Progress | frame=2120 | agents=32
2026-03-05 12:33:00,586 | INFO | evac_sim.simulation.simulation_manager | Progress | frame=2130 | agents=32
2026-03-05 12:33:00,607 | INFO | evac_sim.simulation.simulation_manager | Progress | frame=2140 | agents=32
2026-03-05 12:33:00,628 | INFO | evac_sim.simulation.simulation_manager | Progress | frame=2150 | agents=32
2026-03-05 12:33:00,662 | INFO | evac_sim.simulation.simulation_manager | Progress | frame=2160 | agents=32
2026-03-05 12:33:00,683 | INFO | evac_sim.simulation.simulation_manager | Progress | frame=2170 | agents=32
2026-03-05 12:33:00,703 | INFO | evac_sim.simulation.simulation_manager | Progress | frame=2180 | agents=32
2026-03-05 12:33:00,724 | INFO | evac_sim.simulation.simulation_manager | Progress | frame=2190 | agents=32
2026-03-05 12:33:00,745 | INFO | evac_sim.simulation.simulation_manager | Progress | frame=2200 | agents=32
2026-03-05 12:33:00,872 | INFO | evac_sim.simulation.simulation_manager | Reroute applied | frame=2200 | group=82 | agents=5 | curr=52 next=53 | old_len=49 new_len=56
2026-03-05 12:33:00,995 | INFO | evac_sim.simulation.simulation_manager | Reroute applied | frame=2200 | group=83 | agents=5 | curr=53 next=54 | old_len=49 new_len=52
2026-03-05 12:33:01,001 | INFO | evac_sim.simulation.simulation_manager | Reroute applied | frame=2200 | group=73 | agents=6 | curr=202 next=201 | old_len=47 new_len=57
2026-03-05 12:33:01,010 | INFO | evac_sim.simulation.simulation_manager | Reroute applied | frame=2200 | group=92 | agents=10 | curr=139 next=138 | old_len=49 new_len=52
2026-03-05 12:33:01,032 | INFO | evac_sim.simulation.simulation_manager | Progress | frame=2210 | agents=32
2026-03-05 12:33:01,054 | INFO | evac_sim.simulation.simulation_manager | Progress | frame=2220 | agents=32
2026-03-05 12:33:01,076 | INFO | evac_sim.simulation.simulation_manager | Progress | frame=2230 | agents=32
2026-03-05 12:33:01,096 | INFO | evac_sim.simulation.simulation_manager | Progress | frame=2240 | agents=32
2026-03-05 12:33:01,117 | INFO | evac_sim.simulation.simulation_manager | Progress | frame=2250 | agents=32
2026-03-05 12:33:01,123 | INFO | evac_sim.simulation.simulation_manager | Reroute applied | frame=2250 | group=83 | agents=5 | curr=53 next=54 | old_len=52 new_len=56
2026-03-05 12:33:01,134 | INFO | evac_sim.simulation.simulation_manager | Reroute applied | frame=2250 | group=92 | agents=10 | curr=139 next=140 | old_len=52 new_len=56
2026-03-05 12:33:01,158 | INFO | evac_sim.simulation.simulation_manager | Progress | frame=2260 | agents=32
2026-03-05 12:33:01,180 | INFO | evac_sim.simulation.simulation_manager | Progress | frame=2270 | agents=32
2026-03-05 12:33:01,201 | INFO | evac_sim.simulation.simulation_manager | Progress | frame=2280 | agents=32
2026-03-05 12:33:01,222 | INFO | evac_sim.simulation.simulation_manager | Progress | frame=2290 | agents=32
2026-03-05 12:33:01,243 | INFO | evac_sim.simulation.simulation_manager | Progress | frame=2300 | agents=32
2026-03-05 12:33:01,277 | INFO | evac_sim.simulation.simulation_manager | Progress | frame=2310 | agents=32
2026-03-05 12:33:01,299 | INFO | evac_sim.simulation.simulation_manager | Progress | frame=2320 | agents=32
2026-03-05 12:33:01,321 | INFO | evac_sim.simulation.simulation_manager | Progress | frame=2330 | agents=32
2026-03-05 12:33:01,342 | INFO | evac_sim.simulation.simulation_manager | Progress | frame=2340 | agents=32
2026-03-05 12:33:01,364 | INFO | evac_sim.simulation.simulation_manager | Progress | frame=2350 | agents=32
2026-03-05 12:33:01,398 | INFO | evac_sim.simulation.simulation_manager | Progress | frame=2360 | agents=32
2026-03-05 12:33:01,419 | INFO | evac_sim.simulation.simulation_manager | Progress | frame=2370 | agents=32
2026-03-05 12:33:01,440 | INFO | evac_sim.simulation.simulation_manager | Progress | frame=2380 | agents=32
2026-03-05 12:33:01,460 | INFO | evac_sim.simulation.simulation_manager | Progress | frame=2390 | agents=32
2026-03-05 12:33:01,487 | INFO | evac_sim.simulation.simulation_manager | Progress | frame=2400 | agents=32
2026-03-05 12:33:01,521 | INFO | evac_sim.simulation.simulation_manager | Progress | frame=2410 | agents=32
2026-03-05 12:33:01,541 | INFO | evac_sim.simulation.simulation_manager | Progress | frame=2420 | agents=32
2026-03-05 12:33:01,562 | INFO | evac_sim.simulation.simulation_manager | Progress | frame=2430 | agents=32
2026-03-05 12:33:01,582 | INFO | evac_sim.simulation.simulation_manager | Progress | frame=2440 | agents=32
2026-03-05 12:33:01,603 | INFO | evac_sim.simulation.simulation_manager | Progress | frame=2450 | agents=32
2026-03-05 12:33:01,637 | INFO | evac_sim.simulation.simulation_manager | Progress | frame=2460 | agents=32
2026-03-05 12:33:01,659 | INFO | evac_sim.simulation.simulation_manager | Progress | frame=2470 | agents=32
2026-03-05 12:33:01,680 | INFO | evac_sim.simulation.simulation_manager | Progress | frame=2480 | agents=32
2026-03-05 12:33:01,701 | INFO | evac_sim.simulation.simulation_manager | Progress | frame=2490 | agents=32
2026-03-05 12:33:01,722 | INFO | evac_sim.simulation.simulation_manager | Progress | frame=2500 | agents=32
2026-03-05 12:33:01,756 | INFO | evac_sim.simulation.simulation_manager | Progress | frame=2510 | agents=32
2026-03-05 12:33:01,779 | INFO | evac_sim.simulation.simulation_manager | Progress | frame=2520 | agents=32
2026-03-05 12:33:01,799 | INFO | evac_sim.simulation.simulation_manager | Progress | frame=2530 | agents=32
2026-03-05 12:33:01,819 | INFO | evac_sim.simulation.simulation_manager | Progress | frame=2540 | agents=32
2026-03-05 12:33:01,840 | INFO | evac_sim.simulation.simulation_manager | Progress | frame=2550 | agents=32
2026-03-05 12:33:01,874 | INFO | evac_sim.simulation.simulation_manager | Progress | frame=2560 | agents=32
2026-03-05 12:33:01,895 | INFO | evac_sim.simulation.simulation_manager | Progress | frame=2570 | agents=32
2026-03-05 12:33:01,915 | INFO | evac_sim.simulation.simulation_manager | Progress | frame=2580 | agents=32
2026-03-05 12:33:01,936 | INFO | evac_sim.simulation.simulation_manager | Progress | frame=2590 | agents=32
2026-03-05 12:33:01,956 | INFO | evac_sim.simulation.simulation_manager | Progress | frame=2600 | agents=32
2026-03-05 12:33:01,991 | INFO | evac_sim.simulation.simulation_manager | Progress | frame=2610 | agents=32
2026-03-05 12:33:02,012 | INFO | evac_sim.simulation.simulation_manager | Progress | frame=2620 | agents=32
2026-03-05 12:33:02,032 | INFO | evac_sim.simulation.simulation_manager | Progress | frame=2630 | agents=32
2026-03-05 12:33:02,052 | INFO | evac_sim.simulation.simulation_manager | Progress | frame=2640 | agents=32
2026-03-05 12:33:02,074 | INFO | evac_sim.simulation.simulation_manager | Progress | frame=2650 | agents=32
2026-03-05 12:33:02,108 | INFO | evac_sim.simulation.simulation_manager | Progress | frame=2660 | agents=32
2026-03-05 12:33:02,128 | INFO | evac_sim.simulation.simulation_manager | Progress | frame=2670 | agents=32
2026-03-05 12:33:02,148 | INFO | evac_sim.simulation.simulation_manager | Progress | frame=2680 | agents=32
2026-03-05 12:33:02,169 | INFO | evac_sim.simulation.simulation_manager | Progress | frame=2690 | agents=32
2026-03-05 12:33:02,190 | INFO | evac_sim.simulation.simulation_manager | Progress | frame=2700 | agents=32
2026-03-05 12:33:02,224 | INFO | evac_sim.simulation.simulation_manager | Progress | frame=2710 | agents=32
2026-03-05 12:33:02,244 | INFO | evac_sim.simulation.simulation_manager | Progress | frame=2720 | agents=32
2026-03-05 12:33:02,265 | INFO | evac_sim.simulation.simulation_manager | Progress | frame=2730 | agents=32
2026-03-05 12:33:02,286 | INFO | evac_sim.simulation.simulation_manager | Progress | frame=2740 | agents=32
2026-03-05 12:33:02,306 | INFO | evac_sim.simulation.simulation_manager | Progress | frame=2750 | agents=32
2026-03-05 12:33:02,344 | INFO | evac_sim.simulation.simulation_manager | Progress | frame=2760 | agents=32
2026-03-05 12:33:02,366 | INFO | evac_sim.simulation.simulation_manager | Progress | frame=2770 | agents=32
2026-03-05 12:33:02,391 | INFO | evac_sim.simulation.simulation_manager | Progress | frame=2780 | agents=32
2026-03-05 12:33:02,415 | INFO | evac_sim.simulation.simulation_manager | Progress | frame=2790 | agents=32
2026-03-05 12:33:02,438 | INFO | evac_sim.simulation.simulation_manager | Progress | frame=2800 | agents=32
2026-03-05 12:33:02,480 | INFO | evac_sim.simulation.simulation_manager | Progress | frame=2810 | agents=32
2026-03-05 12:33:02,505 | INFO | evac_sim.simulation.simulation_manager | Progress | frame=2820 | agents=32
2026-03-05 12:33:02,533 | INFO | evac_sim.simulation.simulation_manager | Progress | frame=2830 | agents=31
2026-03-05 12:33:02,558 | INFO | evac_sim.simulation.simulation_manager | Progress | frame=2840 | agents=31
2026-03-05 12:33:02,582 | INFO | evac_sim.simulation.simulation_manager | Progress | frame=2850 | agents=31
2026-03-05 12:33:02,624 | INFO | evac_sim.simulation.simulation_manager | Progress | frame=2860 | agents=31
2026-03-05 12:33:02,647 | INFO | evac_sim.simulation.simulation_manager | Progress | frame=2870 | agents=31
2026-03-05 12:33:02,671 | INFO | evac_sim.simulation.simulation_manager | Progress | frame=2880 | agents=31
2026-03-05 12:33:02,697 | INFO | evac_sim.simulation.simulation_manager | Progress | frame=2890 | agents=31
2026-03-05 12:33:02,720 | INFO | evac_sim.simulation.simulation_manager | Progress | frame=2900 | agents=31
2026-03-05 12:33:02,760 | INFO | evac_sim.simulation.simulation_manager | Progress | frame=2910 | agents=30
2026-03-05 12:33:02,779 | INFO | evac_sim.simulation.simulation_manager | Progress | frame=2920 | agents=30
2026-03-05 12:33:02,800 | INFO | evac_sim.simulation.simulation_manager | Progress | frame=2930 | agents=30
2026-03-05 12:33:02,820 | INFO | evac_sim.simulation.simulation_manager | Progress | frame=2940 | agents=30
2026-03-05 12:33:02,840 | INFO | evac_sim.simulation.simulation_manager | Progress | frame=2950 | agents=30
2026-03-05 12:33:02,874 | INFO | evac_sim.simulation.simulation_manager | Progress | frame=2960 | agents=30
2026-03-05 12:33:02,894 | INFO | evac_sim.simulation.simulation_manager | Progress | frame=2970 | agents=29
2026-03-05 12:33:02,914 | INFO | evac_sim.simulation.simulation_manager | Progress | frame=2980 | agents=29
2026-03-05 12:33:02,933 | INFO | evac_sim.simulation.simulation_manager | Progress | frame=2990 | agents=29
2026-03-05 12:33:02,953 | INFO | evac_sim.simulation.simulation_manager | Progress | frame=3000 | agents=29
2026-03-05 12:33:02,988 | INFO | evac_sim.simulation.simulation_manager | Progress | frame=3010 | agents=29
2026-03-05 12:33:03,008 | INFO | evac_sim.simulation.simulation_manager | Progress | frame=3020 | agents=29
2026-03-05 12:33:03,028 | INFO | evac_sim.simulation.simulation_manager | Progress | frame=3030 | agents=28
2026-03-05 12:33:03,048 | INFO | evac_sim.simulation.simulation_manager | Progress | frame=3040 | agents=28
2026-03-05 12:33:03,068 | INFO | evac_sim.simulation.simulation_manager | Progress | frame=3050 | agents=28
2026-03-05 12:33:03,102 | INFO | evac_sim.simulation.simulation_manager | Progress | frame=3060 | agents=28
2026-03-05 12:33:03,121 | INFO | evac_sim.simulation.simulation_manager | Progress | frame=3070 | agents=28
2026-03-05 12:33:03,143 | INFO | evac_sim.simulation.simulation_manager | Progress | frame=3080 | agents=27
2026-03-05 12:33:03,163 | INFO | evac_sim.simulation.simulation_manager | Progress | frame=3090 | agents=27
2026-03-05 12:33:03,182 | INFO | evac_sim.simulation.simulation_manager | Progress | frame=3100 | agents=27
2026-03-05 12:33:03,214 | INFO | evac_sim.simulation.simulation_manager | Progress | frame=3110 | agents=27
2026-03-05 12:33:03,234 | INFO | evac_sim.simulation.simulation_manager | Progress | frame=3120 | agents=27
2026-03-05 12:33:03,253 | INFO | evac_sim.simulation.simulation_manager | Progress | frame=3130 | agents=27
2026-03-05 12:33:03,273 | INFO | evac_sim.simulation.simulation_manager | Progress | frame=3140 | agents=27
2026-03-05 12:33:03,292 | INFO | evac_sim.simulation.simulation_manager | Progress | frame=3150 | agents=27
2026-03-05 12:33:03,326 | INFO | evac_sim.simulation.simulation_manager | Progress | frame=3160 | agents=27
2026-03-05 12:33:03,345 | INFO | evac_sim.simulation.simulation_manager | Progress | frame=3170 | agents=27
2026-03-05 12:33:03,365 | INFO | evac_sim.simulation.simulation_manager | Progress | frame=3180 | agents=27
2026-03-05 12:33:03,385 | INFO | evac_sim.simulation.simulation_manager | Progress | frame=3190 | agents=27
2026-03-05 12:33:03,404 | INFO | evac_sim.simulation.simulation_manager | Progress | frame=3200 | agents=27
2026-03-05 12:33:03,436 | INFO | evac_sim.simulation.simulation_manager | Progress | frame=3210 | agents=27
2026-03-05 12:33:03,456 | INFO | evac_sim.simulation.simulation_manager | Progress | frame=3220 | agents=27
2026-03-05 12:33:03,476 | INFO | evac_sim.simulation.simulation_manager | Progress | frame=3230 | agents=27
2026-03-05 12:33:03,495 | INFO | evac_sim.simulation.simulation_manager | Progress | frame=3240 | agents=27
2026-03-05 12:33:03,514 | INFO | evac_sim.simulation.simulation_manager | Progress | frame=3250 | agents=27
2026-03-05 12:33:03,547 | INFO | evac_sim.simulation.simulation_manager | Progress | frame=3260 | agents=27
2026-03-05 12:33:03,567 | INFO | evac_sim.simulation.simulation_manager | Progress | frame=3270 | agents=27
2026-03-05 12:33:03,586 | INFO | evac_sim.simulation.simulation_manager | Progress | frame=3280 | agents=27
2026-03-05 12:33:03,606 | INFO | evac_sim.simulation.simulation_manager | Progress | frame=3290 | agents=27
2026-03-05 12:33:03,627 | INFO | evac_sim.simulation.simulation_manager | Progress | frame=3300 | agents=27
2026-03-05 12:33:03,659 | INFO | evac_sim.simulation.simulation_manager | Progress | frame=3310 | agents=27
2026-03-05 12:33:03,678 | INFO | evac_sim.simulation.simulation_manager | Progress | frame=3320 | agents=27
2026-03-05 12:33:03,697 | INFO | evac_sim.simulation.simulation_manager | Progress | frame=3330 | agents=26
2026-03-05 12:33:03,717 | INFO | evac_sim.simulation.simulation_manager | Progress | frame=3340 | agents=26
2026-03-05 12:33:03,736 | INFO | evac_sim.simulation.simulation_manager | Progress | frame=3350 | agents=26
2026-03-05 12:33:03,766 | INFO | evac_sim.simulation.simulation_manager | Progress | frame=3360 | agents=26
2026-03-05 12:33:03,785 | INFO | evac_sim.simulation.simulation_manager | Progress | frame=3370 | agents=26
2026-03-05 12:33:03,805 | INFO | evac_sim.simulation.simulation_manager | Progress | frame=3380 | agents=26
2026-03-05 12:33:03,824 | INFO | evac_sim.simulation.simulation_manager | Progress | frame=3390 | agents=26
2026-03-05 12:33:03,844 | INFO | evac_sim.simulation.simulation_manager | Progress | frame=3400 | agents=26
2026-03-05 12:33:03,876 | INFO | evac_sim.simulation.simulation_manager | Progress | frame=3410 | agents=26
2026-03-05 12:33:03,895 | INFO | evac_sim.simulation.simulation_manager | Progress | frame=3420 | agents=26
2026-03-05 12:33:03,915 | INFO | evac_sim.simulation.simulation_manager | Progress | frame=3430 | agents=26
2026-03-05 12:33:03,934 | INFO | evac_sim.simulation.simulation_manager | Progress | frame=3440 | agents=26
2026-03-05 12:33:03,955 | INFO | evac_sim.simulation.simulation_manager | Progress | frame=3450 | agents=26
2026-03-05 12:33:03,985 | INFO | evac_sim.simulation.simulation_manager | Progress | frame=3460 | agents=26
2026-03-05 12:33:04,004 | INFO | evac_sim.simulation.simulation_manager | Progress | frame=3470 | agents=26
2026-03-05 12:33:04,024 | INFO | evac_sim.simulation.simulation_manager | Progress | frame=3480 | agents=26
2026-03-05 12:33:04,043 | INFO | evac_sim.simulation.simulation_manager | Progress | frame=3490 | agents=26
2026-03-05 12:33:04,062 | INFO | evac_sim.simulation.simulation_manager | Progress | frame=3500 | agents=26
2026-03-05 12:33:04,093 | INFO | evac_sim.simulation.simulation_manager | Progress | frame=3510 | agents=26
2026-03-05 12:33:04,112 | INFO | evac_sim.simulation.simulation_manager | Progress | frame=3520 | agents=26
2026-03-05 12:33:04,132 | INFO | evac_sim.simulation.simulation_manager | Progress | frame=3530 | agents=26
2026-03-05 12:33:04,151 | INFO | evac_sim.simulation.simulation_manager | Progress | frame=3540 | agents=26
2026-03-05 12:33:04,171 | INFO | evac_sim.simulation.simulation_manager | Progress | frame=3550 | agents=26
2026-03-05 12:33:04,202 | INFO | evac_sim.simulation.simulation_manager | Progress | frame=3560 | agents=26
2026-03-05 12:33:04,220 | INFO | evac_sim.simulation.simulation_manager | Progress | frame=3570 | agents=26
2026-03-05 12:33:04,241 | INFO | evac_sim.simulation.simulation_manager | Progress | frame=3580 | agents=26
2026-03-05 12:33:04,260 | INFO | evac_sim.simulation.simulation_manager | Progress | frame=3590 | agents=26
2026-03-05 12:33:04,281 | INFO | evac_sim.simulation.simulation_manager | Progress | frame=3600 | agents=26
2026-03-05 12:33:04,311 | INFO | evac_sim.simulation.simulation_manager | Progress | frame=3610 | agents=26
2026-03-05 12:33:04,332 | INFO | evac_sim.simulation.simulation_manager | Progress | frame=3620 | agents=26
2026-03-05 12:33:04,351 | INFO | evac_sim.simulation.simulation_manager | Progress | frame=3630 | agents=26
2026-03-05 12:33:04,371 | INFO | evac_sim.simulation.simulation_manager | Progress | frame=3640 | agents=26
2026-03-05 12:33:04,391 | INFO | evac_sim.simulation.simulation_manager | Progress | frame=3650 | agents=26
2026-03-05 12:33:04,420 | INFO | evac_sim.simulation.simulation_manager | Progress | frame=3660 | agents=26
2026-03-05 12:33:04,439 | INFO | evac_sim.simulation.simulation_manager | Progress | frame=3670 | agents=26
2026-03-05 12:33:04,459 | INFO | evac_sim.simulation.simulation_manager | Progress | frame=3680 | agents=26
2026-03-05 12:33:04,479 | INFO | evac_sim.simulation.simulation_manager | Progress | frame=3690 | agents=26
2026-03-05 12:33:04,501 | INFO | evac_sim.simulation.simulation_manager | Progress | frame=3700 | agents=26
2026-03-05 12:33:04,532 | INFO | evac_sim.simulation.simulation_manager | Progress | frame=3710 | agents=26
2026-03-05 12:33:04,551 | INFO | evac_sim.simulation.simulation_manager | Progress | frame=3720 | agents=26
2026-03-05 12:33:04,570 | INFO | evac_sim.simulation.simulation_manager | Progress | frame=3730 | agents=26
2026-03-05 12:33:04,590 | INFO | evac_sim.simulation.simulation_manager | Progress | frame=3740 | agents=25
2026-03-05 12:33:04,609 | INFO | evac_sim.simulation.simulation_manager | Progress | frame=3750 | agents=25
2026-03-05 12:33:04,639 | INFO | evac_sim.simulation.simulation_manager | Progress | frame=3760 | agents=25
2026-03-05 12:33:04,658 | INFO | evac_sim.simulation.simulation_manager | Progress | frame=3770 | agents=25
2026-03-05 12:33:04,677 | INFO | evac_sim.simulation.simulation_manager | Progress | frame=3780 | agents=25
2026-03-05 12:33:04,697 | INFO | evac_sim.simulation.simulation_manager | Progress | frame=3790 | agents=24
2026-03-05 12:33:04,716 | INFO | evac_sim.simulation.simulation_manager | Progress | frame=3800 | agents=24
2026-03-05 12:33:04,747 | INFO | evac_sim.simulation.simulation_manager | Progress | frame=3810 | agents=24
2026-03-05 12:33:04,766 | INFO | evac_sim.simulation.simulation_manager | Progress | frame=3820 | agents=24
2026-03-05 12:33:04,785 | INFO | evac_sim.simulation.simulation_manager | Progress | frame=3830 | agents=24
2026-03-05 12:33:04,804 | INFO | evac_sim.simulation.simulation_manager | Progress | frame=3840 | agents=23
2026-03-05 12:33:04,824 | INFO | evac_sim.simulation.simulation_manager | Progress | frame=3850 | agents=23
2026-03-05 12:33:04,853 | INFO | evac_sim.simulation.simulation_manager | Progress | frame=3860 | agents=23
2026-03-05 12:33:04,873 | INFO | evac_sim.simulation.simulation_manager | Progress | frame=3870 | agents=23
2026-03-05 12:33:04,892 | INFO | evac_sim.simulation.simulation_manager | Progress | frame=3880 | agents=22
2026-03-05 12:33:04,912 | INFO | evac_sim.simulation.simulation_manager | Progress | frame=3890 | agents=22
2026-03-05 12:33:04,930 | INFO | evac_sim.simulation.simulation_manager | Progress | frame=3900 | agents=22
2026-03-05 12:33:04,961 | INFO | evac_sim.simulation.simulation_manager | Progress | frame=3910 | agents=22
2026-03-05 12:33:04,980 | INFO | evac_sim.simulation.simulation_manager | Progress | frame=3920 | agents=22
2026-03-05 12:33:04,999 | INFO | evac_sim.simulation.simulation_manager | Progress | frame=3930 | agents=21
2026-03-05 12:33:05,019 | INFO | evac_sim.simulation.simulation_manager | Progress | frame=3940 | agents=21
2026-03-05 12:33:05,038 | INFO | evac_sim.simulation.simulation_manager | Progress | frame=3950 | agents=21
2026-03-05 12:33:05,067 | INFO | evac_sim.simulation.simulation_manager | Progress | frame=3960 | agents=21
2026-03-05 12:33:05,088 | INFO | evac_sim.simulation.simulation_manager | Progress | frame=3970 | agents=20
2026-03-05 12:33:05,106 | INFO | evac_sim.simulation.simulation_manager | Progress | frame=3980 | agents=20
2026-03-05 12:33:05,125 | INFO | evac_sim.simulation.simulation_manager | Progress | frame=3990 | agents=20
2026-03-05 12:33:05,144 | INFO | evac_sim.simulation.simulation_manager | Progress | frame=4000 | agents=20
2026-03-05 12:33:05,172 | INFO | evac_sim.simulation.simulation_manager | Progress | frame=4010 | agents=20
2026-03-05 12:33:05,191 | INFO | evac_sim.simulation.simulation_manager | Progress | frame=4020 | agents=20
2026-03-05 12:33:05,210 | INFO | evac_sim.simulation.simulation_manager | Progress | frame=4030 | agents=20
2026-03-05 12:33:05,230 | INFO | evac_sim.simulation.simulation_manager | Progress | frame=4040 | agents=20
2026-03-05 12:33:05,250 | INFO | evac_sim.simulation.simulation_manager | Progress | frame=4050 | agents=20
2026-03-05 12:33:05,278 | INFO | evac_sim.simulation.simulation_manager | Progress | frame=4060 | agents=19
2026-03-05 12:33:05,296 | INFO | evac_sim.simulation.simulation_manager | Progress | frame=4070 | agents=19
2026-03-05 12:33:05,316 | INFO | evac_sim.simulation.simulation_manager | Progress | frame=4080 | agents=19
2026-03-05 12:33:05,335 | INFO | evac_sim.simulation.simulation_manager | Progress | frame=4090 | agents=19
2026-03-05 12:33:05,360 | INFO | evac_sim.simulation.simulation_manager | Progress | frame=4100 | agents=19
2026-03-05 12:33:05,387 | INFO | evac_sim.simulation.simulation_manager | Progress | frame=4110 | agents=18
2026-03-05 12:33:05,407 | INFO | evac_sim.simulation.simulation_manager | Progress | frame=4120 | agents=18
2026-03-05 12:33:05,426 | INFO | evac_sim.simulation.simulation_manager | Progress | frame=4130 | agents=18
2026-03-05 12:33:05,445 | INFO | evac_sim.simulation.simulation_manager | Progress | frame=4140 | agents=18
2026-03-05 12:33:05,463 | INFO | evac_sim.simulation.simulation_manager | Progress | frame=4150 | agents=18
2026-03-05 12:33:05,490 | INFO | evac_sim.simulation.simulation_manager | Progress | frame=4160 | agents=17
2026-03-05 12:33:05,509 | INFO | evac_sim.simulation.simulation_manager | Progress | frame=4170 | agents=17
2026-03-05 12:33:05,528 | INFO | evac_sim.simulation.simulation_manager | Progress | frame=4180 | agents=17
2026-03-05 12:33:05,548 | INFO | evac_sim.simulation.simulation_manager | Progress | frame=4190 | agents=17
2026-03-05 12:33:05,567 | INFO | evac_sim.simulation.simulation_manager | Progress | frame=4200 | agents=16
2026-03-05 12:33:05,594 | INFO | evac_sim.simulation.simulation_manager | Progress | frame=4210 | agents=16
2026-03-05 12:33:05,613 | INFO | evac_sim.simulation.simulation_manager | Progress | frame=4220 | agents=16
2026-03-05 12:33:05,631 | INFO | evac_sim.simulation.simulation_manager | Progress | frame=4230 | agents=16
2026-03-05 12:33:05,650 | INFO | evac_sim.simulation.simulation_manager | Progress | frame=4240 | agents=16
2026-03-05 12:33:05,668 | INFO | evac_sim.simulation.simulation_manager | Progress | frame=4250 | agents=15
2026-03-05 12:33:05,696 | INFO | evac_sim.simulation.simulation_manager | Progress | frame=4260 | agents=15
2026-03-05 12:33:05,715 | INFO | evac_sim.simulation.simulation_manager | Progress | frame=4270 | agents=15
2026-03-05 12:33:05,733 | INFO | evac_sim.simulation.simulation_manager | Progress | frame=4280 | agents=15
2026-03-05 12:33:05,751 | INFO | evac_sim.simulation.simulation_manager | Progress | frame=4290 | agents=14
2026-03-05 12:33:05,770 | INFO | evac_sim.simulation.simulation_manager | Progress | frame=4300 | agents=14
2026-03-05 12:33:05,797 | INFO | evac_sim.simulation.simulation_manager | Progress | frame=4310 | agents=14
2026-03-05 12:33:05,816 | INFO | evac_sim.simulation.simulation_manager | Progress | frame=4320 | agents=14
2026-03-05 12:33:05,834 | INFO | evac_sim.simulation.simulation_manager | Progress | frame=4330 | agents=14
2026-03-05 12:33:05,853 | INFO | evac_sim.simulation.simulation_manager | Progress | frame=4340 | agents=13
2026-03-05 12:33:05,873 | INFO | evac_sim.simulation.simulation_manager | Progress | frame=4350 | agents=13
2026-03-05 12:33:05,902 | INFO | evac_sim.simulation.simulation_manager | Progress | frame=4360 | agents=13
2026-03-05 12:33:05,920 | INFO | evac_sim.simulation.simulation_manager | Progress | frame=4370 | agents=13
2026-03-05 12:33:05,938 | INFO | evac_sim.simulation.simulation_manager | Progress | frame=4380 | agents=12
2026-03-05 12:33:05,957 | INFO | evac_sim.simulation.simulation_manager | Progress | frame=4390 | agents=12
2026-03-05 12:33:05,976 | INFO | evac_sim.simulation.simulation_manager | Progress | frame=4400 | agents=12
2026-03-05 12:33:06,002 | INFO | evac_sim.simulation.simulation_manager | Progress | frame=4410 | agents=12
2026-03-05 12:33:06,021 | INFO | evac_sim.simulation.simulation_manager | Progress | frame=4420 | agents=12
2026-03-05 12:33:06,039 | INFO | evac_sim.simulation.simulation_manager | Progress | frame=4430 | agents=11
2026-03-05 12:33:06,057 | INFO | evac_sim.simulation.simulation_manager | Progress | frame=4440 | agents=11
2026-03-05 12:33:06,075 | INFO | evac_sim.simulation.simulation_manager | Progress | frame=4450 | agents=11
2026-03-05 12:33:06,101 | INFO | evac_sim.simulation.simulation_manager | Progress | frame=4460 | agents=11
2026-03-05 12:33:06,119 | INFO | evac_sim.simulation.simulation_manager | Progress | frame=4470 | agents=11
2026-03-05 12:33:06,137 | INFO | evac_sim.simulation.simulation_manager | Progress | frame=4480 | agents=10
2026-03-05 12:33:06,155 | INFO | evac_sim.simulation.simulation_manager | Progress | frame=4490 | agents=10
2026-03-05 12:33:06,173 | INFO | evac_sim.simulation.simulation_manager | Progress | frame=4500 | agents=10
2026-03-05 12:33:06,199 | INFO | evac_sim.simulation.simulation_manager | Progress | frame=4510 | agents=10
2026-03-05 12:33:06,217 | INFO | evac_sim.simulation.simulation_manager | Progress | frame=4520 | agents=9
2026-03-05 12:33:06,236 | INFO | evac_sim.simulation.simulation_manager | Progress | frame=4530 | agents=9
2026-03-05 12:33:06,254 | INFO | evac_sim.simulation.simulation_manager | Progress | frame=4540 | agents=9
2026-03-05 12:33:06,272 | INFO | evac_sim.simulation.simulation_manager | Progress | frame=4550 | agents=9
2026-03-05 12:33:06,299 | INFO | evac_sim.simulation.simulation_manager | Progress | frame=4560 | agents=9
2026-03-05 12:33:06,316 | INFO | evac_sim.simulation.simulation_manager | Progress | frame=4570 | agents=8
2026-03-05 12:33:06,335 | INFO | evac_sim.simulation.simulation_manager | Progress | frame=4580 | agents=8
2026-03-05 12:33:06,353 | INFO | evac_sim.simulation.simulation_manager | Progress | frame=4590 | agents=8
2026-03-05 12:33:06,372 | INFO | evac_sim.simulation.simulation_manager | Progress | frame=4600 | agents=8
2026-03-05 12:33:06,398 | INFO | evac_sim.simulation.simulation_manager | Progress | frame=4610 | agents=7
2026-03-05 12:33:06,415 | INFO | evac_sim.simulation.simulation_manager | Progress | frame=4620 | agents=7
2026-03-05 12:33:06,433 | INFO | evac_sim.simulation.simulation_manager | Progress | frame=4630 | agents=7
2026-03-05 12:33:06,452 | INFO | evac_sim.simulation.simulation_manager | Progress | frame=4640 | agents=7
2026-03-05 12:33:06,469 | INFO | evac_sim.simulation.simulation_manager | Progress | frame=4650 | agents=7
2026-03-05 12:33:06,495 | INFO | evac_sim.simulation.simulation_manager | Progress | frame=4660 | agents=6
2026-03-05 12:33:06,513 | INFO | evac_sim.simulation.simulation_manager | Progress | frame=4670 | agents=6
2026-03-05 12:33:06,531 | INFO | evac_sim.simulation.simulation_manager | Progress | frame=4680 | agents=6
2026-03-05 12:33:06,549 | INFO | evac_sim.simulation.simulation_manager | Progress | frame=4690 | agents=6
2026-03-05 12:33:06,567 | INFO | evac_sim.simulation.simulation_manager | Progress | frame=4700 | agents=6
2026-03-05 12:33:06,593 | INFO | evac_sim.simulation.simulation_manager | Progress | frame=4710 | agents=5
2026-03-05 12:33:06,610 | INFO | evac_sim.simulation.simulation_manager | Progress | frame=4720 | agents=5
2026-03-05 12:33:06,627 | INFO | evac_sim.simulation.simulation_manager | Progress | frame=4730 | agents=5
2026-03-05 12:33:06,645 | INFO | evac_sim.simulation.simulation_manager | Progress | frame=4740 | agents=5
2026-03-05 12:33:06,663 | INFO | evac_sim.simulation.simulation_manager | Progress | frame=4750 | agents=5
2026-03-05 12:33:06,686 | INFO | evac_sim.simulation.simulation_manager | Progress | frame=4760 | agents=5
2026-03-05 12:33:06,704 | INFO | evac_sim.simulation.simulation_manager | Progress | frame=4770 | agents=4
2026-03-05 12:33:06,722 | INFO | evac_sim.simulation.simulation_manager | Progress | frame=4780 | agents=4
2026-03-05 12:33:06,740 | INFO | evac_sim.simulation.simulation_manager | Progress | frame=4790 | agents=4
2026-03-05 12:33:06,758 | INFO | evac_sim.simulation.simulation_manager | Progress | frame=4800 | agents=4
2026-03-05 12:33:06,781 | INFO | evac_sim.simulation.simulation_manager | Progress | frame=4810 | agents=4
2026-03-05 12:33:06,798 | INFO | evac_sim.simulation.simulation_manager | Progress | frame=4820 | agents=3
2026-03-05 12:33:06,816 | INFO | evac_sim.simulation.simulation_manager | Progress | frame=4830 | agents=3
2026-03-05 12:33:06,833 | INFO | evac_sim.simulation.simulation_manager | Progress | frame=4840 | agents=3
2026-03-05 12:33:06,850 | INFO | evac_sim.simulation.simulation_manager | Progress | frame=4850 | agents=3
2026-03-05 12:33:06,874 | INFO | evac_sim.simulation.simulation_manager | Progress | frame=4860 | agents=3
2026-03-05 12:33:06,891 | INFO | evac_sim.simulation.simulation_manager | Progress | frame=4870 | agents=3
2026-03-05 12:33:06,909 | INFO | evac_sim.simulation.simulation_manager | Progress | frame=4880 | agents=2
2026-03-05 12:33:06,927 | INFO | evac_sim.simulation.simulation_manager | Progress | frame=4890 | agents=2
2026-03-05 12:33:06,945 | INFO | evac_sim.simulation.simulation_manager | Progress | frame=4900 | agents=2
2026-03-05 12:33:06,966 | INFO | evac_sim.simulation.simulation_manager | Progress | frame=4910 | agents=2
2026-03-05 12:33:06,984 | INFO | evac_sim.simulation.simulation_manager | Progress | frame=4920 | agents=2
2026-03-05 12:33:07,001 | INFO | evac_sim.simulation.simulation_manager | Progress | frame=4930 | agents=1
2026-03-05 12:33:07,018 | INFO | evac_sim.simulation.simulation_manager | Progress | frame=4940 | agents=1
2026-03-05 12:33:07,035 | INFO | evac_sim.simulation.simulation_manager | Progress | frame=4950 | agents=1
2026-03-05 12:33:07,055 | INFO | evac_sim.simulation.simulation_manager | Progress | frame=4960 | agents=1
2026-03-05 12:33:07,073 | INFO | evac_sim.simulation.simulation_manager | Progress | frame=4970 | agents=1
2026-03-05 12:33:07,090 | INFO | evac_sim.simulation.simulation_manager | Progress | frame=4980 | agents=1
2026-03-05 12:33:07,092 | INFO | evac_sim.simulation.simulation_manager | Simulation end | last_frame=4981
2026-03-05 12:33:07,121 | INFO | evac_sim.runner | Exported CSV: C:\Users\aserr\Documents\Evacuation_Simulation\runs\2026-03-05_123212_representative_case\artifacts\experiments.csv
2026-03-05 12:33:07,121 | INFO | evac_sim.runner | Exported CSV: C:\Users\aserr\Documents\Evacuation_Simulation\runs\2026-03-05_123212_representative_case\artifacts\experiment_metrics.csv
2026-03-05 12:33:07,121 | INFO | evac_sim.runner | Finished mode=3
2026-03-05 12:33:07,122 | INFO | evac_sim.runner | Experiment finished OK (case_id=representative_case)
