2026-03-06 10:43:08,867 | INFO | evac_sim.runner | project_root = C:\Users\aserr\Documents\Evacuation_Simulation
2026-03-06 10:43:08,867 | INFO | evac_sim.runner | config_file  = C:\Users\aserr\Documents\Evacuation_Simulation\configs\study.yaml
2026-03-06 10:43:08,867 | INFO | evac_sim.runner | case_id      = representative_case
2026-03-06 10:43:08,867 | INFO | evac_sim.runner | run_dir      = C:\Users\aserr\Documents\Evacuation_Simulation\runs\2026-03-06_104308_representative_case
2026-03-06 10:43:08,924 | INFO | evac_sim.runner | Simulating risks: iterations=7000 seed=233
2026-03-06 10:43:09,317 | INFO | evac_sim.runner | Mode start | mode=0 env=Cruise_Ship case=unknown
2026-03-06 10:43:11,097 | INFO | evac_sim.simulation.simulation_manager | Simulation start | agents=32
2026-03-06 10:43:11,138 | INFO | evac_sim.simulation.simulation_manager | Progress | frame=10 | agents=32
2026-03-06 10:43:11,159 | INFO | evac_sim.simulation.simulation_manager | Progress | frame=20 | agents=32
2026-03-06 10:43:11,181 | INFO | evac_sim.simulation.simulation_manager | Progress | frame=30 | agents=32
2026-03-06 10:43:11,203 | INFO | evac_sim.simulation.simulation_manager | Progress | frame=40 | agents=32
2026-03-06 10:43:11,224 | INFO | evac_sim.simulation.simulation_manager | Progress | frame=50 | agents=32
2026-03-06 10:43:11,258 | INFO | evac_sim.simulation.simulation_manager | Progress | frame=60 | agents=32
2026-03-06 10:43:11,279 | INFO | evac_sim.simulation.simulation_manager | Progress | frame=70 | agents=32
2026-03-06 10:43:11,300 | INFO | evac_sim.simulation.simulation_manager | Progress | frame=80 | agents=32
2026-03-06 10:43:11,321 | INFO | evac_sim.simulation.simulation_manager | Progress | frame=90 | agents=32
2026-03-06 10:43:11,344 | INFO | evac_sim.simulation.simulation_manager | Progress | frame=100 | agents=32
2026-03-06 10:43:11,378 | INFO | evac_sim.simulation.simulation_manager | Progress | frame=110 | agents=32
2026-03-06 10:43:11,399 | INFO | evac_sim.simulation.simulation_manager | Progress | frame=120 | agents=32
2026-03-06 10:43:11,421 | INFO | evac_sim.simulation.simulation_manager | Progress | frame=130 | agents=32
2026-03-06 10:43:11,442 | INFO | evac_sim.simulation.simulation_manager | Progress | frame=140 | agents=32
2026-03-06 10:43:11,464 | INFO | evac_sim.simulation.simulation_manager | Progress | frame=150 | agents=32
2026-03-06 10:43:11,500 | INFO | evac_sim.simulation.simulation_manager | Progress | frame=160 | agents=32
2026-03-06 10:43:11,522 | INFO | evac_sim.simulation.simulation_manager | Progress | frame=170 | agents=32
2026-03-06 10:43:11,544 | INFO | evac_sim.simulation.simulation_manager | Progress | frame=180 | agents=32
2026-03-06 10:43:11,565 | INFO | evac_sim.simulation.simulation_manager | Progress | frame=190 | agents=32
2026-03-06 10:43:11,587 | INFO | evac_sim.simulation.simulation_manager | Progress | frame=200 | agents=32
2026-03-06 10:43:11,624 | INFO | evac_sim.simulation.simulation_manager | Progress | frame=210 | agents=32
2026-03-06 10:43:11,644 | INFO | evac_sim.simulation.simulation_manager | Progress | frame=220 | agents=32
2026-03-06 10:43:11,666 | INFO | evac_sim.simulation.simulation_manager | Progress | frame=230 | agents=32
2026-03-06 10:43:11,688 | INFO | evac_sim.simulation.simulation_manager | Progress | frame=240 | agents=32
2026-03-06 10:43:11,709 | INFO | evac_sim.simulation.simulation_manager | Progress | frame=250 | agents=32
2026-03-06 10:43:11,747 | INFO | evac_sim.simulation.simulation_manager | Progress | frame=260 | agents=32
2026-03-06 10:43:11,768 | INFO | evac_sim.simulation.simulation_manager | Progress | frame=270 | agents=32
2026-03-06 10:43:11,790 | INFO | evac_sim.simulation.simulation_manager | Progress | frame=280 | agents=32
2026-03-06 10:43:11,811 | INFO | evac_sim.simulation.simulation_manager | Progress | frame=290 | agents=32
2026-03-06 10:43:11,832 | INFO | evac_sim.simulation.simulation_manager | Progress | frame=300 | agents=32
2026-03-06 10:43:11,866 | INFO | evac_sim.simulation.simulation_manager | Progress | frame=310 | agents=32
2026-03-06 10:43:11,888 | INFO | evac_sim.simulation.simulation_manager | Progress | frame=320 | agents=32
2026-03-06 10:43:11,909 | INFO | evac_sim.simulation.simulation_manager | Progress | frame=330 | agents=32
2026-03-06 10:43:11,930 | INFO | evac_sim.simulation.simulation_manager | Progress | frame=340 | agents=32
2026-03-06 10:43:11,951 | INFO | evac_sim.simulation.simulation_manager | Progress | frame=350 | agents=32
2026-03-06 10:43:11,985 | INFO | evac_sim.simulation.simulation_manager | Progress | frame=360 | agents=32
2026-03-06 10:43:12,006 | INFO | evac_sim.simulation.simulation_manager | Progress | frame=370 | agents=32
2026-03-06 10:43:12,028 | INFO | evac_sim.simulation.simulation_manager | Progress | frame=380 | agents=32
2026-03-06 10:43:12,049 | INFO | evac_sim.simulation.simulation_manager | Progress | frame=390 | agents=32
2026-03-06 10:43:12,070 | INFO | evac_sim.simulation.simulation_manager | Progress | frame=400 | agents=32
2026-03-06 10:43:12,105 | INFO | evac_sim.simulation.simulation_manager | Progress | frame=410 | agents=32
2026-03-06 10:43:12,127 | INFO | evac_sim.simulation.simulation_manager | Progress | frame=420 | agents=32
2026-03-06 10:43:12,148 | INFO | evac_sim.simulation.simulation_manager | Progress | frame=430 | agents=32
2026-03-06 10:43:12,169 | INFO | evac_sim.simulation.simulation_manager | Progress | frame=440 | agents=32
2026-03-06 10:43:12,190 | INFO | evac_sim.simulation.simulation_manager | Progress | frame=450 | agents=32
2026-03-06 10:43:12,224 | INFO | evac_sim.simulation.simulation_manager | Progress | frame=460 | agents=32
2026-03-06 10:43:12,245 | INFO | evac_sim.simulation.simulation_manager | Progress | frame=470 | agents=32
2026-03-06 10:43:12,265 | INFO | evac_sim.simulation.simulation_manager | Progress | frame=480 | agents=32
2026-03-06 10:43:12,285 | INFO | evac_sim.simulation.simulation_manager | Progress | frame=490 | agents=32
2026-03-06 10:43:12,308 | INFO | evac_sim.simulation.simulation_manager | Progress | frame=500 | agents=32
2026-03-06 10:43:12,571 | INFO | evac_sim.simulation.simulation_manager | Reroute applied | frame=500 | group=77 | agents=6 | curr=23 next=7 | old_len=40 new_len=48
2026-03-06 10:43:12,596 | INFO | evac_sim.simulation.simulation_manager | Progress | frame=510 | agents=32
2026-03-06 10:43:12,618 | INFO | evac_sim.simulation.simulation_manager | Progress | frame=520 | agents=32
2026-03-06 10:43:12,640 | INFO | evac_sim.simulation.simulation_manager | Progress | frame=530 | agents=32
2026-03-06 10:43:12,661 | INFO | evac_sim.simulation.simulation_manager | Progress | frame=540 | agents=32
2026-03-06 10:43:12,683 | INFO | evac_sim.simulation.simulation_manager | Progress | frame=550 | agents=32
2026-03-06 10:43:12,718 | INFO | evac_sim.simulation.simulation_manager | Progress | frame=560 | agents=32
2026-03-06 10:43:12,739 | INFO | evac_sim.simulation.simulation_manager | Progress | frame=570 | agents=32
2026-03-06 10:43:12,759 | INFO | evac_sim.simulation.simulation_manager | Progress | frame=580 | agents=32
2026-03-06 10:43:12,781 | INFO | evac_sim.simulation.simulation_manager | Progress | frame=590 | agents=32
2026-03-06 10:43:12,801 | INFO | evac_sim.simulation.simulation_manager | Progress | frame=600 | agents=32
2026-03-06 10:43:12,836 | INFO | evac_sim.simulation.simulation_manager | Progress | frame=610 | agents=32
2026-03-06 10:43:12,857 | INFO | evac_sim.simulation.simulation_manager | Progress | frame=620 | agents=32
2026-03-06 10:43:12,878 | INFO | evac_sim.simulation.simulation_manager | Progress | frame=630 | agents=32
2026-03-06 10:43:12,898 | INFO | evac_sim.simulation.simulation_manager | Progress | frame=640 | agents=32
2026-03-06 10:43:12,919 | INFO | evac_sim.simulation.simulation_manager | Progress | frame=650 | agents=32
2026-03-06 10:43:12,953 | INFO | evac_sim.simulation.simulation_manager | Progress | frame=660 | agents=32
2026-03-06 10:43:12,975 | INFO | evac_sim.simulation.simulation_manager | Progress | frame=670 | agents=32
2026-03-06 10:43:12,995 | INFO | evac_sim.simulation.simulation_manager | Progress | frame=680 | agents=32
2026-03-06 10:43:13,015 | INFO | evac_sim.simulation.simulation_manager | Progress | frame=690 | agents=32
2026-03-06 10:43:13,036 | INFO | evac_sim.simulation.simulation_manager | Progress | frame=700 | agents=32
2026-03-06 10:43:13,069 | INFO | evac_sim.simulation.simulation_manager | Progress | frame=710 | agents=32
2026-03-06 10:43:13,090 | INFO | evac_sim.simulation.simulation_manager | Progress | frame=720 | agents=32
2026-03-06 10:43:13,111 | INFO | evac_sim.simulation.simulation_manager | Progress | frame=730 | agents=32
2026-03-06 10:43:13,131 | INFO | evac_sim.simulation.simulation_manager | Progress | frame=740 | agents=32
2026-03-06 10:43:13,151 | INFO | evac_sim.simulation.simulation_manager | Progress | frame=750 | agents=32
2026-03-06 10:43:13,186 | INFO | evac_sim.simulation.simulation_manager | Progress | frame=760 | agents=32
2026-03-06 10:43:13,206 | INFO | evac_sim.simulation.simulation_manager | Progress | frame=770 | agents=32
2026-03-06 10:43:13,227 | INFO | evac_sim.simulation.simulation_manager | Progress | frame=780 | agents=32
2026-03-06 10:43:13,247 | INFO | evac_sim.simulation.simulation_manager | Progress | frame=790 | agents=32
2026-03-06 10:43:13,268 | INFO | evac_sim.simulation.simulation_manager | Progress | frame=800 | agents=32
2026-03-06 10:43:13,282 | INFO | evac_sim.simulation.simulation_manager | Reroute applied | frame=800 | group=92 | agents=10 | curr=23 next=7 | old_len=43 new_len=51
2026-03-06 10:43:13,303 | INFO | evac_sim.simulation.simulation_manager | Progress | frame=810 | agents=32
2026-03-06 10:43:13,324 | INFO | evac_sim.simulation.simulation_manager | Progress | frame=820 | agents=32
2026-03-06 10:43:13,344 | INFO | evac_sim.simulation.simulation_manager | Progress | frame=830 | agents=32
2026-03-06 10:43:13,365 | INFO | evac_sim.simulation.simulation_manager | Progress | frame=840 | agents=32
2026-03-06 10:43:13,384 | INFO | evac_sim.simulation.simulation_manager | Progress | frame=850 | agents=32
2026-03-06 10:43:13,418 | INFO | evac_sim.simulation.simulation_manager | Progress | frame=860 | agents=32
2026-03-06 10:43:13,439 | INFO | evac_sim.simulation.simulation_manager | Progress | frame=870 | agents=32
2026-03-06 10:43:13,459 | INFO | evac_sim.simulation.simulation_manager | Progress | frame=880 | agents=32
2026-03-06 10:43:13,478 | INFO | evac_sim.simulation.simulation_manager | Progress | frame=890 | agents=32
2026-03-06 10:43:13,498 | INFO | evac_sim.simulation.simulation_manager | Progress | frame=900 | agents=32
2026-03-06 10:43:13,747 | INFO | evac_sim.simulation.simulation_manager | Reroute applied | frame=900 | group=82 | agents=5 | curr=10 next=9 | old_len=47 new_len=61
2026-03-06 10:43:13,779 | INFO | evac_sim.simulation.simulation_manager | Progress | frame=910 | agents=32
2026-03-06 10:43:13,800 | INFO | evac_sim.simulation.simulation_manager | Progress | frame=920 | agents=32
2026-03-06 10:43:13,820 | INFO | evac_sim.simulation.simulation_manager | Progress | frame=930 | agents=32
2026-03-06 10:43:13,840 | INFO | evac_sim.simulation.simulation_manager | Progress | frame=940 | agents=32
2026-03-06 10:43:13,861 | INFO | evac_sim.simulation.simulation_manager | Progress | frame=950 | agents=32
2026-03-06 10:43:13,894 | INFO | evac_sim.simulation.simulation_manager | Progress | frame=960 | agents=32
2026-03-06 10:43:13,914 | INFO | evac_sim.simulation.simulation_manager | Progress | frame=970 | agents=32
2026-03-06 10:43:13,934 | INFO | evac_sim.simulation.simulation_manager | Progress | frame=980 | agents=32
2026-03-06 10:43:13,955 | INFO | evac_sim.simulation.simulation_manager | Progress | frame=990 | agents=32
2026-03-06 10:43:13,976 | INFO | evac_sim.simulation.simulation_manager | Progress | frame=1000 | agents=32
2026-03-06 10:43:14,011 | INFO | evac_sim.simulation.simulation_manager | Progress | frame=1010 | agents=32
2026-03-06 10:43:14,032 | INFO | evac_sim.simulation.simulation_manager | Progress | frame=1020 | agents=32
2026-03-06 10:43:14,052 | INFO | evac_sim.simulation.simulation_manager | Progress | frame=1030 | agents=32
2026-03-06 10:43:14,073 | INFO | evac_sim.simulation.simulation_manager | Progress | frame=1040 | agents=32
2026-03-06 10:43:14,093 | INFO | evac_sim.simulation.simulation_manager | Progress | frame=1050 | agents=32
2026-03-06 10:43:14,127 | INFO | evac_sim.simulation.simulation_manager | Progress | frame=1060 | agents=32
2026-03-06 10:43:14,147 | INFO | evac_sim.simulation.simulation_manager | Progress | frame=1070 | agents=32
2026-03-06 10:43:14,168 | INFO | evac_sim.simulation.simulation_manager | Progress | frame=1080 | agents=32
2026-03-06 10:43:14,188 | INFO | evac_sim.simulation.simulation_manager | Progress | frame=1090 | agents=32
2026-03-06 10:43:14,209 | INFO | evac_sim.simulation.simulation_manager | Progress | frame=1100 | agents=32
2026-03-06 10:43:14,244 | INFO | evac_sim.simulation.simulation_manager | Progress | frame=1110 | agents=32
2026-03-06 10:43:14,265 | INFO | evac_sim.simulation.simulation_manager | Progress | frame=1120 | agents=32
2026-03-06 10:43:14,286 | INFO | evac_sim.simulation.simulation_manager | Progress | frame=1130 | agents=32
2026-03-06 10:43:14,306 | INFO | evac_sim.simulation.simulation_manager | Progress | frame=1140 | agents=32
2026-03-06 10:43:14,327 | INFO | evac_sim.simulation.simulation_manager | Progress | frame=1150 | agents=32
2026-03-06 10:43:14,360 | INFO | evac_sim.simulation.simulation_manager | Progress | frame=1160 | agents=32
2026-03-06 10:43:14,381 | INFO | evac_sim.simulation.simulation_manager | Progress | frame=1170 | agents=32
2026-03-06 10:43:14,402 | INFO | evac_sim.simulation.simulation_manager | Progress | frame=1180 | agents=32
2026-03-06 10:43:14,423 | INFO | evac_sim.simulation.simulation_manager | Progress | frame=1190 | agents=32
2026-03-06 10:43:14,444 | INFO | evac_sim.simulation.simulation_manager | Progress | frame=1200 | agents=32
2026-03-06 10:43:14,450 | INFO | evac_sim.simulation.simulation_manager | Reroute applied | frame=1200 | group=83 | agents=5 | curr=23 next=7 | old_len=46 new_len=54
2026-03-06 10:43:14,484 | INFO | evac_sim.simulation.simulation_manager | Progress | frame=1210 | agents=32
2026-03-06 10:43:14,504 | INFO | evac_sim.simulation.simulation_manager | Progress | frame=1220 | agents=32
2026-03-06 10:43:14,525 | INFO | evac_sim.simulation.simulation_manager | Progress | frame=1230 | agents=32
2026-03-06 10:43:14,547 | INFO | evac_sim.simulation.simulation_manager | Progress | frame=1240 | agents=32
2026-03-06 10:43:14,568 | INFO | evac_sim.simulation.simulation_manager | Progress | frame=1250 | agents=32
2026-03-06 10:43:14,603 | INFO | evac_sim.simulation.simulation_manager | Progress | frame=1260 | agents=32
2026-03-06 10:43:14,623 | INFO | evac_sim.simulation.simulation_manager | Progress | frame=1270 | agents=32
2026-03-06 10:43:14,644 | INFO | evac_sim.simulation.simulation_manager | Progress | frame=1280 | agents=32
2026-03-06 10:43:14,666 | INFO | evac_sim.simulation.simulation_manager | Progress | frame=1290 | agents=32
2026-03-06 10:43:14,688 | INFO | evac_sim.simulation.simulation_manager | Progress | frame=1300 | agents=32
2026-03-06 10:43:14,722 | INFO | evac_sim.simulation.simulation_manager | Progress | frame=1310 | agents=32
2026-03-06 10:43:14,742 | INFO | evac_sim.simulation.simulation_manager | Progress | frame=1320 | agents=32
2026-03-06 10:43:14,764 | INFO | evac_sim.simulation.simulation_manager | Progress | frame=1330 | agents=32
2026-03-06 10:43:14,784 | INFO | evac_sim.simulation.simulation_manager | Progress | frame=1340 | agents=32
2026-03-06 10:43:14,805 | INFO | evac_sim.simulation.simulation_manager | Progress | frame=1350 | agents=32
2026-03-06 10:43:14,840 | INFO | evac_sim.simulation.simulation_manager | Progress | frame=1360 | agents=32
2026-03-06 10:43:14,861 | INFO | evac_sim.simulation.simulation_manager | Progress | frame=1370 | agents=32
2026-03-06 10:43:14,881 | INFO | evac_sim.simulation.simulation_manager | Progress | frame=1380 | agents=32
2026-03-06 10:43:14,901 | INFO | evac_sim.simulation.simulation_manager | Progress | frame=1390 | agents=32
2026-03-06 10:43:14,923 | INFO | evac_sim.simulation.simulation_manager | Progress | frame=1400 | agents=32
2026-03-06 10:43:14,957 | INFO | evac_sim.simulation.simulation_manager | Progress | frame=1410 | agents=32
2026-03-06 10:43:14,978 | INFO | evac_sim.simulation.simulation_manager | Progress | frame=1420 | agents=32
2026-03-06 10:43:14,999 | INFO | evac_sim.simulation.simulation_manager | Progress | frame=1430 | agents=32
2026-03-06 10:43:15,019 | INFO | evac_sim.simulation.simulation_manager | Progress | frame=1440 | agents=32
2026-03-06 10:43:15,040 | INFO | evac_sim.simulation.simulation_manager | Progress | frame=1450 | agents=32
2026-03-06 10:43:15,075 | INFO | evac_sim.simulation.simulation_manager | Progress | frame=1460 | agents=32
2026-03-06 10:43:15,097 | INFO | evac_sim.simulation.simulation_manager | Progress | frame=1470 | agents=32
2026-03-06 10:43:15,117 | INFO | evac_sim.simulation.simulation_manager | Progress | frame=1480 | agents=32
2026-03-06 10:43:15,138 | INFO | evac_sim.simulation.simulation_manager | Progress | frame=1490 | agents=32
2026-03-06 10:43:15,160 | INFO | evac_sim.simulation.simulation_manager | Progress | frame=1500 | agents=32
2026-03-06 10:43:15,196 | INFO | evac_sim.simulation.simulation_manager | Progress | frame=1510 | agents=32
2026-03-06 10:43:15,218 | INFO | evac_sim.simulation.simulation_manager | Progress | frame=1520 | agents=32
2026-03-06 10:43:15,239 | INFO | evac_sim.simulation.simulation_manager | Progress | frame=1530 | agents=32
2026-03-06 10:43:15,260 | INFO | evac_sim.simulation.simulation_manager | Progress | frame=1540 | agents=32
2026-03-06 10:43:15,282 | INFO | evac_sim.simulation.simulation_manager | Progress | frame=1550 | agents=32
2026-03-06 10:43:15,317 | INFO | evac_sim.simulation.simulation_manager | Progress | frame=1560 | agents=32
2026-03-06 10:43:15,337 | INFO | evac_sim.simulation.simulation_manager | Progress | frame=1570 | agents=32
2026-03-06 10:43:15,359 | INFO | evac_sim.simulation.simulation_manager | Progress | frame=1580 | agents=32
2026-03-06 10:43:15,379 | INFO | evac_sim.simulation.simulation_manager | Progress | frame=1590 | agents=32
2026-03-06 10:43:15,400 | INFO | evac_sim.simulation.simulation_manager | Progress | frame=1600 | agents=32
2026-03-06 10:43:15,406 | INFO | evac_sim.simulation.simulation_manager | Reroute applied | frame=1600 | group=82 | agents=5 | curr=23 next=7 | old_len=61 new_len=69
2026-03-06 10:43:15,439 | INFO | evac_sim.simulation.simulation_manager | Progress | frame=1610 | agents=32
2026-03-06 10:43:15,460 | INFO | evac_sim.simulation.simulation_manager | Progress | frame=1620 | agents=32
2026-03-06 10:43:15,481 | INFO | evac_sim.simulation.simulation_manager | Progress | frame=1630 | agents=32
2026-03-06 10:43:15,502 | INFO | evac_sim.simulation.simulation_manager | Progress | frame=1640 | agents=32
2026-03-06 10:43:15,523 | INFO | evac_sim.simulation.simulation_manager | Progress | frame=1650 | agents=32
2026-03-06 10:43:15,559 | INFO | evac_sim.simulation.simulation_manager | Progress | frame=1660 | agents=32
2026-03-06 10:43:15,579 | INFO | evac_sim.simulation.simulation_manager | Progress | frame=1670 | agents=32
2026-03-06 10:43:15,599 | INFO | evac_sim.simulation.simulation_manager | Progress | frame=1680 | agents=32
2026-03-06 10:43:15,621 | INFO | evac_sim.simulation.simulation_manager | Progress | frame=1690 | agents=32
2026-03-06 10:43:15,642 | INFO | evac_sim.simulation.simulation_manager | Progress | frame=1700 | agents=32
2026-03-06 10:43:15,677 | INFO | evac_sim.simulation.simulation_manager | Progress | frame=1710 | agents=32
2026-03-06 10:43:15,698 | INFO | evac_sim.simulation.simulation_manager | Progress | frame=1720 | agents=32
2026-03-06 10:43:15,718 | INFO | evac_sim.simulation.simulation_manager | Progress | frame=1730 | agents=32
2026-03-06 10:43:15,741 | INFO | evac_sim.simulation.simulation_manager | Progress | frame=1740 | agents=32
2026-03-06 10:43:15,762 | INFO | evac_sim.simulation.simulation_manager | Progress | frame=1750 | agents=32
2026-03-06 10:43:15,796 | INFO | evac_sim.simulation.simulation_manager | Progress | frame=1760 | agents=32
2026-03-06 10:43:15,817 | INFO | evac_sim.simulation.simulation_manager | Progress | frame=1770 | agents=32
2026-03-06 10:43:15,839 | INFO | evac_sim.simulation.simulation_manager | Progress | frame=1780 | agents=32
2026-03-06 10:43:15,859 | INFO | evac_sim.simulation.simulation_manager | Progress | frame=1790 | agents=32
2026-03-06 10:43:15,880 | INFO | evac_sim.simulation.simulation_manager | Progress | frame=1800 | agents=32
2026-03-06 10:43:15,918 | INFO | evac_sim.simulation.simulation_manager | Progress | frame=1810 | agents=32
2026-03-06 10:43:15,942 | INFO | evac_sim.simulation.simulation_manager | Progress | frame=1820 | agents=32
2026-03-06 10:43:15,968 | INFO | evac_sim.simulation.simulation_manager | Progress | frame=1830 | agents=32
2026-03-06 10:43:15,991 | INFO | evac_sim.simulation.simulation_manager | Progress | frame=1840 | agents=32
2026-03-06 10:43:16,018 | INFO | evac_sim.simulation.simulation_manager | Progress | frame=1850 | agents=32
2026-03-06 10:43:16,061 | INFO | evac_sim.simulation.simulation_manager | Progress | frame=1860 | agents=32
2026-03-06 10:43:16,084 | INFO | evac_sim.simulation.simulation_manager | Progress | frame=1870 | agents=32
2026-03-06 10:43:16,108 | INFO | evac_sim.simulation.simulation_manager | Progress | frame=1880 | agents=32
2026-03-06 10:43:16,131 | INFO | evac_sim.simulation.simulation_manager | Progress | frame=1890 | agents=32
2026-03-06 10:43:16,157 | INFO | evac_sim.simulation.simulation_manager | Progress | frame=1900 | agents=32
2026-03-06 10:43:16,198 | INFO | evac_sim.simulation.simulation_manager | Progress | frame=1910 | agents=32
2026-03-06 10:43:16,223 | INFO | evac_sim.simulation.simulation_manager | Progress | frame=1920 | agents=32
2026-03-06 10:43:16,248 | INFO | evac_sim.simulation.simulation_manager | Progress | frame=1930 | agents=32
2026-03-06 10:43:16,273 | INFO | evac_sim.simulation.simulation_manager | Progress | frame=1940 | agents=32
2026-03-06 10:43:16,295 | INFO | evac_sim.simulation.simulation_manager | Progress | frame=1950 | agents=32
2026-03-06 10:43:16,338 | INFO | evac_sim.simulation.simulation_manager | Progress | frame=1960 | agents=32
2026-03-06 10:43:16,362 | INFO | evac_sim.simulation.simulation_manager | Progress | frame=1970 | agents=32
2026-03-06 10:43:16,386 | INFO | evac_sim.simulation.simulation_manager | Progress | frame=1980 | agents=32
2026-03-06 10:43:16,412 | INFO | evac_sim.simulation.simulation_manager | Progress | frame=1990 | agents=32
2026-03-06 10:43:16,436 | INFO | evac_sim.simulation.simulation_manager | Progress | frame=2000 | agents=32
2026-03-06 10:43:16,477 | INFO | evac_sim.simulation.simulation_manager | Progress | frame=2010 | agents=32
2026-03-06 10:43:16,501 | INFO | evac_sim.simulation.simulation_manager | Progress | frame=2020 | agents=32
2026-03-06 10:43:16,527 | INFO | evac_sim.simulation.simulation_manager | Progress | frame=2030 | agents=32
2026-03-06 10:43:16,551 | INFO | evac_sim.simulation.simulation_manager | Progress | frame=2040 | agents=32
2026-03-06 10:43:16,577 | INFO | evac_sim.simulation.simulation_manager | Progress | frame=2050 | agents=32
2026-03-06 10:43:16,623 | INFO | evac_sim.simulation.simulation_manager | Progress | frame=2060 | agents=32
2026-03-06 10:43:16,647 | INFO | evac_sim.simulation.simulation_manager | Progress | frame=2070 | agents=32
2026-03-06 10:43:16,671 | INFO | evac_sim.simulation.simulation_manager | Progress | frame=2080 | agents=32
2026-03-06 10:43:16,695 | INFO | evac_sim.simulation.simulation_manager | Progress | frame=2090 | agents=32
2026-03-06 10:43:16,718 | INFO | evac_sim.simulation.simulation_manager | Progress | frame=2100 | agents=32
2026-03-06 10:43:16,753 | INFO | evac_sim.simulation.simulation_manager | Progress | frame=2110 | agents=32
2026-03-06 10:43:16,777 | INFO | evac_sim.simulation.simulation_manager | Progress | frame=2120 | agents=32
2026-03-06 10:43:16,797 | INFO | evac_sim.simulation.simulation_manager | Progress | frame=2130 | agents=32
2026-03-06 10:43:16,817 | INFO | evac_sim.simulation.simulation_manager | Progress | frame=2140 | agents=32
2026-03-06 10:43:16,838 | INFO | evac_sim.simulation.simulation_manager | Progress | frame=2150 | agents=32
2026-03-06 10:43:16,871 | INFO | evac_sim.simulation.simulation_manager | Progress | frame=2160 | agents=32
2026-03-06 10:43:16,891 | INFO | evac_sim.simulation.simulation_manager | Progress | frame=2170 | agents=32
2026-03-06 10:43:16,913 | INFO | evac_sim.simulation.simulation_manager | Progress | frame=2180 | agents=32
2026-03-06 10:43:16,933 | INFO | evac_sim.simulation.simulation_manager | Progress | frame=2190 | agents=32
2026-03-06 10:43:16,955 | INFO | evac_sim.simulation.simulation_manager | Progress | frame=2200 | agents=32
2026-03-06 10:43:16,990 | INFO | evac_sim.simulation.simulation_manager | Progress | frame=2210 | agents=32
2026-03-06 10:43:17,011 | INFO | evac_sim.simulation.simulation_manager | Progress | frame=2220 | agents=32
2026-03-06 10:43:17,031 | INFO | evac_sim.simulation.simulation_manager | Progress | frame=2230 | agents=32
2026-03-06 10:43:17,052 | INFO | evac_sim.simulation.simulation_manager | Progress | frame=2240 | agents=32
2026-03-06 10:43:17,073 | INFO | evac_sim.simulation.simulation_manager | Progress | frame=2250 | agents=32
2026-03-06 10:43:17,108 | INFO | evac_sim.simulation.simulation_manager | Progress | frame=2260 | agents=32
2026-03-06 10:43:17,130 | INFO | evac_sim.simulation.simulation_manager | Progress | frame=2270 | agents=32
2026-03-06 10:43:17,151 | INFO | evac_sim.simulation.simulation_manager | Progress | frame=2280 | agents=32
2026-03-06 10:43:17,171 | INFO | evac_sim.simulation.simulation_manager | Progress | frame=2290 | agents=32
2026-03-06 10:43:17,193 | INFO | evac_sim.simulation.simulation_manager | Progress | frame=2300 | agents=32
2026-03-06 10:43:17,227 | INFO | evac_sim.simulation.simulation_manager | Progress | frame=2310 | agents=32
2026-03-06 10:43:17,248 | INFO | evac_sim.simulation.simulation_manager | Progress | frame=2320 | agents=32
2026-03-06 10:43:17,269 | INFO | evac_sim.simulation.simulation_manager | Progress | frame=2330 | agents=32
2026-03-06 10:43:17,289 | INFO | evac_sim.simulation.simulation_manager | Progress | frame=2340 | agents=32
2026-03-06 10:43:17,309 | INFO | evac_sim.simulation.simulation_manager | Progress | frame=2350 | agents=32
2026-03-06 10:43:17,345 | INFO | evac_sim.simulation.simulation_manager | Progress | frame=2360 | agents=32
2026-03-06 10:43:17,372 | INFO | evac_sim.simulation.simulation_manager | Progress | frame=2370 | agents=32
2026-03-06 10:43:17,393 | INFO | evac_sim.simulation.simulation_manager | Progress | frame=2380 | agents=32
2026-03-06 10:43:17,414 | INFO | evac_sim.simulation.simulation_manager | Progress | frame=2390 | agents=32
2026-03-06 10:43:17,435 | INFO | evac_sim.simulation.simulation_manager | Progress | frame=2400 | agents=32
2026-03-06 10:43:18,006 | INFO | evac_sim.simulation.simulation_manager | Reroute applied | frame=2400 | group=92 | agents=10 | curr=154 next=153 | old_len=51 new_len=68
2026-03-06 10:43:18,028 | INFO | evac_sim.simulation.simulation_manager | Progress | frame=2410 | agents=32
2026-03-06 10:43:18,049 | INFO | evac_sim.simulation.simulation_manager | Progress | frame=2420 | agents=32
2026-03-06 10:43:18,070 | INFO | evac_sim.simulation.simulation_manager | Progress | frame=2430 | agents=32
2026-03-06 10:43:18,091 | INFO | evac_sim.simulation.simulation_manager | Progress | frame=2440 | agents=32
2026-03-06 10:43:18,112 | INFO | evac_sim.simulation.simulation_manager | Progress | frame=2450 | agents=32
2026-03-06 10:43:18,149 | INFO | evac_sim.simulation.simulation_manager | Progress | frame=2460 | agents=32
2026-03-06 10:43:18,170 | INFO | evac_sim.simulation.simulation_manager | Progress | frame=2470 | agents=32
2026-03-06 10:43:18,191 | INFO | evac_sim.simulation.simulation_manager | Progress | frame=2480 | agents=31
2026-03-06 10:43:18,215 | INFO | evac_sim.simulation.simulation_manager | Progress | frame=2490 | agents=31
2026-03-06 10:43:18,235 | INFO | evac_sim.simulation.simulation_manager | Progress | frame=2500 | agents=31
2026-03-06 10:43:18,270 | INFO | evac_sim.simulation.simulation_manager | Progress | frame=2510 | agents=31
2026-03-06 10:43:18,291 | INFO | evac_sim.simulation.simulation_manager | Progress | frame=2520 | agents=31
2026-03-06 10:43:18,312 | INFO | evac_sim.simulation.simulation_manager | Progress | frame=2530 | agents=31
2026-03-06 10:43:18,333 | INFO | evac_sim.simulation.simulation_manager | Progress | frame=2540 | agents=31
2026-03-06 10:43:18,355 | INFO | evac_sim.simulation.simulation_manager | Progress | frame=2550 | agents=31
2026-03-06 10:43:18,391 | INFO | evac_sim.simulation.simulation_manager | Progress | frame=2560 | agents=30
2026-03-06 10:43:18,411 | INFO | evac_sim.simulation.simulation_manager | Progress | frame=2570 | agents=30
2026-03-06 10:43:18,432 | INFO | evac_sim.simulation.simulation_manager | Progress | frame=2580 | agents=30
2026-03-06 10:43:18,454 | INFO | evac_sim.simulation.simulation_manager | Progress | frame=2590 | agents=30
2026-03-06 10:43:18,474 | INFO | evac_sim.simulation.simulation_manager | Progress | frame=2600 | agents=30
2026-03-06 10:43:18,509 | INFO | evac_sim.simulation.simulation_manager | Progress | frame=2610 | agents=30
2026-03-06 10:43:18,531 | INFO | evac_sim.simulation.simulation_manager | Progress | frame=2620 | agents=29
2026-03-06 10:43:18,552 | INFO | evac_sim.simulation.simulation_manager | Progress | frame=2630 | agents=29
2026-03-06 10:43:18,573 | INFO | evac_sim.simulation.simulation_manager | Progress | frame=2640 | agents=29
2026-03-06 10:43:18,594 | INFO | evac_sim.simulation.simulation_manager | Progress | frame=2650 | agents=29
2026-03-06 10:43:18,629 | INFO | evac_sim.simulation.simulation_manager | Progress | frame=2660 | agents=29
2026-03-06 10:43:18,652 | INFO | evac_sim.simulation.simulation_manager | Progress | frame=2670 | agents=28
2026-03-06 10:43:18,673 | INFO | evac_sim.simulation.simulation_manager | Progress | frame=2680 | agents=28
2026-03-06 10:43:18,704 | INFO | evac_sim.simulation.simulation_manager | Progress | frame=2690 | agents=28
2026-03-06 10:43:18,728 | INFO | evac_sim.simulation.simulation_manager | Progress | frame=2700 | agents=28
2026-03-06 10:43:18,772 | INFO | evac_sim.simulation.simulation_manager | Progress | frame=2710 | agents=28
2026-03-06 10:43:18,795 | INFO | evac_sim.simulation.simulation_manager | Progress | frame=2720 | agents=28
2026-03-06 10:43:18,817 | INFO | evac_sim.simulation.simulation_manager | Progress | frame=2730 | agents=27
2026-03-06 10:43:18,844 | INFO | evac_sim.simulation.simulation_manager | Progress | frame=2740 | agents=27
2026-03-06 10:43:18,868 | INFO | evac_sim.simulation.simulation_manager | Progress | frame=2750 | agents=27
2026-03-06 10:43:18,908 | INFO | evac_sim.simulation.simulation_manager | Progress | frame=2760 | agents=27
2026-03-06 10:43:18,934 | INFO | evac_sim.simulation.simulation_manager | Progress | frame=2770 | agents=27
2026-03-06 10:43:18,959 | INFO | evac_sim.simulation.simulation_manager | Progress | frame=2780 | agents=26
2026-03-06 10:43:18,985 | INFO | evac_sim.simulation.simulation_manager | Progress | frame=2790 | agents=26
2026-03-06 10:43:19,006 | INFO | evac_sim.simulation.simulation_manager | Progress | frame=2800 | agents=26
2026-03-06 10:43:19,036 | INFO | evac_sim.simulation.simulation_manager | Progress | frame=2810 | agents=26
2026-03-06 10:43:19,056 | INFO | evac_sim.simulation.simulation_manager | Progress | frame=2820 | agents=26
2026-03-06 10:43:19,078 | INFO | evac_sim.simulation.simulation_manager | Progress | frame=2830 | agents=26
2026-03-06 10:43:19,097 | INFO | evac_sim.simulation.simulation_manager | Progress | frame=2840 | agents=26
2026-03-06 10:43:19,118 | INFO | evac_sim.simulation.simulation_manager | Progress | frame=2850 | agents=26
2026-03-06 10:43:19,150 | INFO | evac_sim.simulation.simulation_manager | Progress | frame=2860 | agents=26
2026-03-06 10:43:19,170 | INFO | evac_sim.simulation.simulation_manager | Progress | frame=2870 | agents=26
2026-03-06 10:43:19,191 | INFO | evac_sim.simulation.simulation_manager | Progress | frame=2880 | agents=26
2026-03-06 10:43:19,211 | INFO | evac_sim.simulation.simulation_manager | Progress | frame=2890 | agents=26
2026-03-06 10:43:19,232 | INFO | evac_sim.simulation.simulation_manager | Progress | frame=2900 | agents=26
2026-03-06 10:43:19,789 | INFO | evac_sim.simulation.simulation_manager | Reroute applied | frame=2900 | group=92 | agents=10 | curr=202 next=201 | old_len=68 new_len=78
2026-03-06 10:43:19,811 | INFO | evac_sim.simulation.simulation_manager | Progress | frame=2910 | agents=25
2026-03-06 10:43:19,832 | INFO | evac_sim.simulation.simulation_manager | Progress | frame=2920 | agents=25
2026-03-06 10:43:19,853 | INFO | evac_sim.simulation.simulation_manager | Progress | frame=2930 | agents=25
2026-03-06 10:43:19,873 | INFO | evac_sim.simulation.simulation_manager | Progress | frame=2940 | agents=25
2026-03-06 10:43:19,893 | INFO | evac_sim.simulation.simulation_manager | Progress | frame=2950 | agents=25
2026-03-06 10:43:19,925 | INFO | evac_sim.simulation.simulation_manager | Progress | frame=2960 | agents=25
2026-03-06 10:43:19,944 | INFO | evac_sim.simulation.simulation_manager | Progress | frame=2970 | agents=24
2026-03-06 10:43:19,965 | INFO | evac_sim.simulation.simulation_manager | Progress | frame=2980 | agents=24
2026-03-06 10:43:19,986 | INFO | evac_sim.simulation.simulation_manager | Progress | frame=2990 | agents=24
2026-03-06 10:43:20,006 | INFO | evac_sim.simulation.simulation_manager | Progress | frame=3000 | agents=24
2026-03-06 10:43:20,037 | INFO | evac_sim.simulation.simulation_manager | Progress | frame=3010 | agents=24
2026-03-06 10:43:20,057 | INFO | evac_sim.simulation.simulation_manager | Progress | frame=3020 | agents=23
2026-03-06 10:43:20,077 | INFO | evac_sim.simulation.simulation_manager | Progress | frame=3030 | agents=23
2026-03-06 10:43:20,097 | INFO | evac_sim.simulation.simulation_manager | Progress | frame=3040 | agents=23
2026-03-06 10:43:20,117 | INFO | evac_sim.simulation.simulation_manager | Progress | frame=3050 | agents=23
2026-03-06 10:43:20,124 | INFO | evac_sim.simulation.simulation_manager | Reroute applied | frame=3050 | group=83 | agents=5 | curr=154 next=153 | old_len=54 new_len=71
2026-03-06 10:43:20,151 | INFO | evac_sim.simulation.simulation_manager | Progress | frame=3060 | agents=23
2026-03-06 10:43:20,170 | INFO | evac_sim.simulation.simulation_manager | Progress | frame=3070 | agents=23
2026-03-06 10:43:20,191 | INFO | evac_sim.simulation.simulation_manager | Progress | frame=3080 | agents=22
2026-03-06 10:43:20,210 | INFO | evac_sim.simulation.simulation_manager | Progress | frame=3090 | agents=22
2026-03-06 10:43:20,230 | INFO | evac_sim.simulation.simulation_manager | Progress | frame=3100 | agents=22
2026-03-06 10:43:20,260 | INFO | evac_sim.simulation.simulation_manager | Progress | frame=3110 | agents=22
2026-03-06 10:43:20,279 | INFO | evac_sim.simulation.simulation_manager | Progress | frame=3120 | agents=22
2026-03-06 10:43:20,300 | INFO | evac_sim.simulation.simulation_manager | Progress | frame=3130 | agents=22
2026-03-06 10:43:20,320 | INFO | evac_sim.simulation.simulation_manager | Progress | frame=3140 | agents=22
2026-03-06 10:43:20,339 | INFO | evac_sim.simulation.simulation_manager | Progress | frame=3150 | agents=22
2026-03-06 10:43:20,370 | INFO | evac_sim.simulation.simulation_manager | Progress | frame=3160 | agents=21
2026-03-06 10:43:20,390 | INFO | evac_sim.simulation.simulation_manager | Progress | frame=3170 | agents=21
2026-03-06 10:43:20,409 | INFO | evac_sim.simulation.simulation_manager | Progress | frame=3180 | agents=21
2026-03-06 10:43:20,429 | INFO | evac_sim.simulation.simulation_manager | Progress | frame=3190 | agents=21
2026-03-06 10:43:20,447 | INFO | evac_sim.simulation.simulation_manager | Progress | frame=3200 | agents=21
2026-03-06 10:43:20,479 | INFO | evac_sim.simulation.simulation_manager | Progress | frame=3210 | agents=21
2026-03-06 10:43:20,499 | INFO | evac_sim.simulation.simulation_manager | Progress | frame=3220 | agents=20
2026-03-06 10:43:20,519 | INFO | evac_sim.simulation.simulation_manager | Progress | frame=3230 | agents=20
2026-03-06 10:43:20,539 | INFO | evac_sim.simulation.simulation_manager | Progress | frame=3240 | agents=20
2026-03-06 10:43:20,558 | INFO | evac_sim.simulation.simulation_manager | Progress | frame=3250 | agents=20
2026-03-06 10:43:20,586 | INFO | evac_sim.simulation.simulation_manager | Progress | frame=3260 | agents=20
2026-03-06 10:43:20,605 | INFO | evac_sim.simulation.simulation_manager | Progress | frame=3270 | agents=20
2026-03-06 10:43:20,626 | INFO | evac_sim.simulation.simulation_manager | Progress | frame=3280 | agents=20
2026-03-06 10:43:20,645 | INFO | evac_sim.simulation.simulation_manager | Progress | frame=3290 | agents=20
2026-03-06 10:43:20,663 | INFO | evac_sim.simulation.simulation_manager | Progress | frame=3300 | agents=20
2026-03-06 10:43:20,693 | INFO | evac_sim.simulation.simulation_manager | Progress | frame=3310 | agents=20
2026-03-06 10:43:20,712 | INFO | evac_sim.simulation.simulation_manager | Progress | frame=3320 | agents=20
2026-03-06 10:43:20,732 | INFO | evac_sim.simulation.simulation_manager | Progress | frame=3330 | agents=20
2026-03-06 10:43:20,751 | INFO | evac_sim.simulation.simulation_manager | Progress | frame=3340 | agents=20
2026-03-06 10:43:20,770 | INFO | evac_sim.simulation.simulation_manager | Progress | frame=3350 | agents=20
2026-03-06 10:43:20,799 | INFO | evac_sim.simulation.simulation_manager | Progress | frame=3360 | agents=20
2026-03-06 10:43:20,818 | INFO | evac_sim.simulation.simulation_manager | Progress | frame=3370 | agents=20
2026-03-06 10:43:20,837 | INFO | evac_sim.simulation.simulation_manager | Progress | frame=3380 | agents=20
2026-03-06 10:43:20,856 | INFO | evac_sim.simulation.simulation_manager | Progress | frame=3390 | agents=20
2026-03-06 10:43:20,880 | INFO | evac_sim.simulation.simulation_manager | Progress | frame=3400 | agents=20
2026-03-06 10:43:20,908 | INFO | evac_sim.simulation.simulation_manager | Progress | frame=3410 | agents=20
2026-03-06 10:43:20,927 | INFO | evac_sim.simulation.simulation_manager | Progress | frame=3420 | agents=20
2026-03-06 10:43:20,946 | INFO | evac_sim.simulation.simulation_manager | Progress | frame=3430 | agents=20
2026-03-06 10:43:20,964 | INFO | evac_sim.simulation.simulation_manager | Progress | frame=3440 | agents=20
2026-03-06 10:43:20,983 | INFO | evac_sim.simulation.simulation_manager | Progress | frame=3450 | agents=20
2026-03-06 10:43:20,989 | INFO | evac_sim.simulation.simulation_manager | Reroute applied | frame=3450 | group=82 | agents=5 | curr=154 next=153 | old_len=69 new_len=86
2026-03-06 10:43:21,016 | INFO | evac_sim.simulation.simulation_manager | Progress | frame=3460 | agents=20
2026-03-06 10:43:21,034 | INFO | evac_sim.simulation.simulation_manager | Progress | frame=3470 | agents=20
2026-03-06 10:43:21,053 | INFO | evac_sim.simulation.simulation_manager | Progress | frame=3480 | agents=20
2026-03-06 10:43:21,072 | INFO | evac_sim.simulation.simulation_manager | Progress | frame=3490 | agents=20
2026-03-06 10:43:21,092 | INFO | evac_sim.simulation.simulation_manager | Progress | frame=3500 | agents=20
2026-03-06 10:43:21,119 | INFO | evac_sim.simulation.simulation_manager | Progress | frame=3510 | agents=20
2026-03-06 10:43:21,140 | INFO | evac_sim.simulation.simulation_manager | Progress | frame=3520 | agents=20
2026-03-06 10:43:21,159 | INFO | evac_sim.simulation.simulation_manager | Progress | frame=3530 | agents=20
2026-03-06 10:43:21,178 | INFO | evac_sim.simulation.simulation_manager | Progress | frame=3540 | agents=20
2026-03-06 10:43:21,197 | INFO | evac_sim.simulation.simulation_manager | Progress | frame=3550 | agents=20
2026-03-06 10:43:21,225 | INFO | evac_sim.simulation.simulation_manager | Progress | frame=3560 | agents=20
2026-03-06 10:43:21,244 | INFO | evac_sim.simulation.simulation_manager | Progress | frame=3570 | agents=20
2026-03-06 10:43:21,263 | INFO | evac_sim.simulation.simulation_manager | Progress | frame=3580 | agents=20
2026-03-06 10:43:21,286 | INFO | evac_sim.simulation.simulation_manager | Progress | frame=3590 | agents=20
2026-03-06 10:43:21,312 | INFO | evac_sim.simulation.simulation_manager | Progress | frame=3600 | agents=20
2026-03-06 10:43:21,898 | INFO | evac_sim.simulation.simulation_manager | Progress | frame=3610 | agents=20
2026-03-06 10:43:21,918 | INFO | evac_sim.simulation.simulation_manager | Progress | frame=3620 | agents=20
2026-03-06 10:43:21,938 | INFO | evac_sim.simulation.simulation_manager | Progress | frame=3630 | agents=20
2026-03-06 10:43:21,956 | INFO | evac_sim.simulation.simulation_manager | Progress | frame=3640 | agents=20
2026-03-06 10:43:21,975 | INFO | evac_sim.simulation.simulation_manager | Progress | frame=3650 | agents=20
2026-03-06 10:43:22,003 | INFO | evac_sim.simulation.simulation_manager | Progress | frame=3660 | agents=20
2026-03-06 10:43:22,023 | INFO | evac_sim.simulation.simulation_manager | Progress | frame=3670 | agents=20
2026-03-06 10:43:22,041 | INFO | evac_sim.simulation.simulation_manager | Progress | frame=3680 | agents=20
2026-03-06 10:43:22,060 | INFO | evac_sim.simulation.simulation_manager | Progress | frame=3690 | agents=20
2026-03-06 10:43:22,079 | INFO | evac_sim.simulation.simulation_manager | Progress | frame=3700 | agents=20
2026-03-06 10:43:22,086 | INFO | evac_sim.simulation.simulation_manager | Reroute applied | frame=3700 | group=83 | agents=5 | curr=202 next=201 | old_len=71 new_len=81
2026-03-06 10:43:22,111 | INFO | evac_sim.simulation.simulation_manager | Progress | frame=3710 | agents=20
2026-03-06 10:43:22,130 | INFO | evac_sim.simulation.simulation_manager | Progress | frame=3720 | agents=20
2026-03-06 10:43:22,149 | INFO | evac_sim.simulation.simulation_manager | Progress | frame=3730 | agents=20
2026-03-06 10:43:22,169 | INFO | evac_sim.simulation.simulation_manager | Progress | frame=3740 | agents=20
2026-03-06 10:43:22,188 | INFO | evac_sim.simulation.simulation_manager | Progress | frame=3750 | agents=20
2026-03-06 10:43:22,217 | INFO | evac_sim.simulation.simulation_manager | Progress | frame=3760 | agents=20
2026-03-06 10:43:22,236 | INFO | evac_sim.simulation.simulation_manager | Progress | frame=3770 | agents=20
2026-03-06 10:43:22,256 | INFO | evac_sim.simulation.simulation_manager | Progress | frame=3780 | agents=20
2026-03-06 10:43:22,274 | INFO | evac_sim.simulation.simulation_manager | Progress | frame=3790 | agents=20
2026-03-06 10:43:22,293 | INFO | evac_sim.simulation.simulation_manager | Progress | frame=3800 | agents=20
2026-03-06 10:43:22,320 | INFO | evac_sim.simulation.simulation_manager | Progress | frame=3810 | agents=20
2026-03-06 10:43:22,340 | INFO | evac_sim.simulation.simulation_manager | Progress | frame=3820 | agents=20
2026-03-06 10:43:22,359 | INFO | evac_sim.simulation.simulation_manager | Progress | frame=3830 | agents=20
2026-03-06 10:43:22,378 | INFO | evac_sim.simulation.simulation_manager | Progress | frame=3840 | agents=20
2026-03-06 10:43:22,396 | INFO | evac_sim.simulation.simulation_manager | Progress | frame=3850 | agents=20
2026-03-06 10:43:22,425 | INFO | evac_sim.simulation.simulation_manager | Progress | frame=3860 | agents=20
2026-03-06 10:43:22,444 | INFO | evac_sim.simulation.simulation_manager | Progress | frame=3870 | agents=20
2026-03-06 10:43:22,465 | INFO | evac_sim.simulation.simulation_manager | Progress | frame=3880 | agents=20
2026-03-06 10:43:22,484 | INFO | evac_sim.simulation.simulation_manager | Progress | frame=3890 | agents=20
2026-03-06 10:43:22,503 | INFO | evac_sim.simulation.simulation_manager | Progress | frame=3900 | agents=20
2026-03-06 10:43:22,530 | INFO | evac_sim.simulation.simulation_manager | Progress | frame=3910 | agents=20
2026-03-06 10:43:22,549 | INFO | evac_sim.simulation.simulation_manager | Progress | frame=3920 | agents=20
2026-03-06 10:43:22,569 | INFO | evac_sim.simulation.simulation_manager | Progress | frame=3930 | agents=20
2026-03-06 10:43:22,593 | INFO | evac_sim.simulation.simulation_manager | Progress | frame=3940 | agents=20
2026-03-06 10:43:22,612 | INFO | evac_sim.simulation.simulation_manager | Progress | frame=3950 | agents=20
2026-03-06 10:43:22,640 | INFO | evac_sim.simulation.simulation_manager | Progress | frame=3960 | agents=20
2026-03-06 10:43:22,660 | INFO | evac_sim.simulation.simulation_manager | Progress | frame=3970 | agents=20
2026-03-06 10:43:22,679 | INFO | evac_sim.simulation.simulation_manager | Progress | frame=3980 | agents=20
2026-03-06 10:43:22,697 | INFO | evac_sim.simulation.simulation_manager | Progress | frame=3990 | agents=20
2026-03-06 10:43:22,716 | INFO | evac_sim.simulation.simulation_manager | Progress | frame=4000 | agents=20
2026-03-06 10:43:22,743 | INFO | evac_sim.simulation.simulation_manager | Progress | frame=4010 | agents=20
2026-03-06 10:43:22,762 | INFO | evac_sim.simulation.simulation_manager | Progress | frame=4020 | agents=20
2026-03-06 10:43:22,781 | INFO | evac_sim.simulation.simulation_manager | Progress | frame=4030 | agents=20
2026-03-06 10:43:22,800 | INFO | evac_sim.simulation.simulation_manager | Progress | frame=4040 | agents=20
2026-03-06 10:43:22,819 | INFO | evac_sim.simulation.simulation_manager | Progress | frame=4050 | agents=20
2026-03-06 10:43:22,847 | INFO | evac_sim.simulation.simulation_manager | Progress | frame=4060 | agents=20
2026-03-06 10:43:22,867 | INFO | evac_sim.simulation.simulation_manager | Progress | frame=4070 | agents=20
2026-03-06 10:43:22,887 | INFO | evac_sim.simulation.simulation_manager | Progress | frame=4080 | agents=20
2026-03-06 10:43:22,905 | INFO | evac_sim.simulation.simulation_manager | Progress | frame=4090 | agents=20
2026-03-06 10:43:22,926 | INFO | evac_sim.simulation.simulation_manager | Progress | frame=4100 | agents=20
2026-03-06 10:43:22,954 | INFO | evac_sim.simulation.simulation_manager | Progress | frame=4110 | agents=20
2026-03-06 10:43:22,973 | INFO | evac_sim.simulation.simulation_manager | Progress | frame=4120 | agents=20
2026-03-06 10:43:22,992 | INFO | evac_sim.simulation.simulation_manager | Progress | frame=4130 | agents=20
2026-03-06 10:43:23,011 | INFO | evac_sim.simulation.simulation_manager | Progress | frame=4140 | agents=20
2026-03-06 10:43:23,030 | INFO | evac_sim.simulation.simulation_manager | Progress | frame=4150 | agents=20
2026-03-06 10:43:23,036 | INFO | evac_sim.simulation.simulation_manager | Reroute applied | frame=4150 | group=82 | agents=5 | curr=202 next=201 | old_len=86 new_len=96
2026-03-06 10:43:23,062 | INFO | evac_sim.simulation.simulation_manager | Progress | frame=4160 | agents=20
2026-03-06 10:43:23,081 | INFO | evac_sim.simulation.simulation_manager | Progress | frame=4170 | agents=20
2026-03-06 10:43:23,101 | INFO | evac_sim.simulation.simulation_manager | Progress | frame=4180 | agents=20
2026-03-06 10:43:23,120 | INFO | evac_sim.simulation.simulation_manager | Progress | frame=4190 | agents=20
2026-03-06 10:43:23,140 | INFO | evac_sim.simulation.simulation_manager | Progress | frame=4200 | agents=20
2026-03-06 10:43:23,169 | INFO | evac_sim.simulation.simulation_manager | Progress | frame=4210 | agents=20
2026-03-06 10:43:23,188 | INFO | evac_sim.simulation.simulation_manager | Progress | frame=4220 | agents=20
2026-03-06 10:43:23,208 | INFO | evac_sim.simulation.simulation_manager | Progress | frame=4230 | agents=20
2026-03-06 10:43:23,227 | INFO | evac_sim.simulation.simulation_manager | Progress | frame=4240 | agents=20
2026-03-06 10:43:23,247 | INFO | evac_sim.simulation.simulation_manager | Progress | frame=4250 | agents=20
2026-03-06 10:43:23,275 | INFO | evac_sim.simulation.simulation_manager | Progress | frame=4260 | agents=20
2026-03-06 10:43:23,295 | INFO | evac_sim.simulation.simulation_manager | Progress | frame=4270 | agents=20
2026-03-06 10:43:23,314 | INFO | evac_sim.simulation.simulation_manager | Progress | frame=4280 | agents=20
2026-03-06 10:43:23,334 | INFO | evac_sim.simulation.simulation_manager | Progress | frame=4290 | agents=20
2026-03-06 10:43:23,353 | INFO | evac_sim.simulation.simulation_manager | Progress | frame=4300 | agents=20
2026-03-06 10:43:23,381 | INFO | evac_sim.simulation.simulation_manager | Progress | frame=4310 | agents=20
2026-03-06 10:43:23,400 | INFO | evac_sim.simulation.simulation_manager | Progress | frame=4320 | agents=20
2026-03-06 10:43:23,419 | INFO | evac_sim.simulation.simulation_manager | Progress | frame=4330 | agents=20
2026-03-06 10:43:23,438 | INFO | evac_sim.simulation.simulation_manager | Progress | frame=4340 | agents=20
2026-03-06 10:43:23,458 | INFO | evac_sim.simulation.simulation_manager | Progress | frame=4350 | agents=20
2026-03-06 10:43:23,484 | INFO | evac_sim.simulation.simulation_manager | Progress | frame=4360 | agents=20
2026-03-06 10:43:23,504 | INFO | evac_sim.simulation.simulation_manager | Progress | frame=4370 | agents=20
2026-03-06 10:43:23,524 | INFO | evac_sim.simulation.simulation_manager | Progress | frame=4380 | agents=20
2026-03-06 10:43:23,544 | INFO | evac_sim.simulation.simulation_manager | Progress | frame=4390 | agents=19
2026-03-06 10:43:23,563 | INFO | evac_sim.simulation.simulation_manager | Progress | frame=4400 | agents=19
2026-03-06 10:43:23,594 | INFO | evac_sim.simulation.simulation_manager | Progress | frame=4410 | agents=19
2026-03-06 10:43:23,613 | INFO | evac_sim.simulation.simulation_manager | Progress | frame=4420 | agents=19
2026-03-06 10:43:23,632 | INFO | evac_sim.simulation.simulation_manager | Progress | frame=4430 | agents=19
2026-03-06 10:43:23,650 | INFO | evac_sim.simulation.simulation_manager | Progress | frame=4440 | agents=19
2026-03-06 10:43:23,670 | INFO | evac_sim.simulation.simulation_manager | Progress | frame=4450 | agents=18
2026-03-06 10:43:23,698 | INFO | evac_sim.simulation.simulation_manager | Progress | frame=4460 | agents=18
2026-03-06 10:43:23,716 | INFO | evac_sim.simulation.simulation_manager | Progress | frame=4470 | agents=18
2026-03-06 10:43:23,736 | INFO | evac_sim.simulation.simulation_manager | Progress | frame=4480 | agents=18
2026-03-06 10:43:23,755 | INFO | evac_sim.simulation.simulation_manager | Progress | frame=4490 | agents=18
2026-03-06 10:43:23,775 | INFO | evac_sim.simulation.simulation_manager | Progress | frame=4500 | agents=17
2026-03-06 10:43:23,802 | INFO | evac_sim.simulation.simulation_manager | Progress | frame=4510 | agents=17
2026-03-06 10:43:23,820 | INFO | evac_sim.simulation.simulation_manager | Progress | frame=4520 | agents=17
2026-03-06 10:43:23,840 | INFO | evac_sim.simulation.simulation_manager | Progress | frame=4530 | agents=17
2026-03-06 10:43:23,859 | INFO | evac_sim.simulation.simulation_manager | Progress | frame=4540 | agents=17
2026-03-06 10:43:23,878 | INFO | evac_sim.simulation.simulation_manager | Progress | frame=4550 | agents=16
2026-03-06 10:43:23,904 | INFO | evac_sim.simulation.simulation_manager | Progress | frame=4560 | agents=16
2026-03-06 10:43:23,923 | INFO | evac_sim.simulation.simulation_manager | Progress | frame=4570 | agents=16
2026-03-06 10:43:23,943 | INFO | evac_sim.simulation.simulation_manager | Progress | frame=4580 | agents=16
2026-03-06 10:43:23,961 | INFO | evac_sim.simulation.simulation_manager | Progress | frame=4590 | agents=15
2026-03-06 10:43:23,980 | INFO | evac_sim.simulation.simulation_manager | Progress | frame=4600 | agents=15
2026-03-06 10:43:24,007 | INFO | evac_sim.simulation.simulation_manager | Progress | frame=4610 | agents=15
2026-03-06 10:43:24,025 | INFO | evac_sim.simulation.simulation_manager | Progress | frame=4620 | agents=15
2026-03-06 10:43:24,045 | INFO | evac_sim.simulation.simulation_manager | Progress | frame=4630 | agents=15
2026-03-06 10:43:24,064 | INFO | evac_sim.simulation.simulation_manager | Progress | frame=4640 | agents=14
2026-03-06 10:43:24,082 | INFO | evac_sim.simulation.simulation_manager | Progress | frame=4650 | agents=14
2026-03-06 10:43:24,109 | INFO | evac_sim.simulation.simulation_manager | Progress | frame=4660 | agents=14
2026-03-06 10:43:24,132 | INFO | evac_sim.simulation.simulation_manager | Progress | frame=4670 | agents=14
2026-03-06 10:43:24,155 | INFO | evac_sim.simulation.simulation_manager | Progress | frame=4680 | agents=14
2026-03-06 10:43:24,175 | INFO | evac_sim.simulation.simulation_manager | Progress | frame=4690 | agents=13
2026-03-06 10:43:24,193 | INFO | evac_sim.simulation.simulation_manager | Progress | frame=4700 | agents=13
2026-03-06 10:43:24,220 | INFO | evac_sim.simulation.simulation_manager | Progress | frame=4710 | agents=13
2026-03-06 10:43:24,239 | INFO | evac_sim.simulation.simulation_manager | Progress | frame=4720 | agents=13
2026-03-06 10:43:24,258 | INFO | evac_sim.simulation.simulation_manager | Progress | frame=4730 | agents=13
2026-03-06 10:43:24,276 | INFO | evac_sim.simulation.simulation_manager | Progress | frame=4740 | agents=13
2026-03-06 10:43:24,295 | INFO | evac_sim.simulation.simulation_manager | Progress | frame=4750 | agents=13
2026-03-06 10:43:24,322 | INFO | evac_sim.simulation.simulation_manager | Progress | frame=4760 | agents=13
2026-03-06 10:43:24,341 | INFO | evac_sim.simulation.simulation_manager | Progress | frame=4770 | agents=13
2026-03-06 10:43:24,360 | INFO | evac_sim.simulation.simulation_manager | Progress | frame=4780 | agents=13
2026-03-06 10:43:24,379 | INFO | evac_sim.simulation.simulation_manager | Progress | frame=4790 | agents=13
2026-03-06 10:43:24,397 | INFO | evac_sim.simulation.simulation_manager | Progress | frame=4800 | agents=13
2026-03-06 10:43:24,423 | INFO | evac_sim.simulation.simulation_manager | Progress | frame=4810 | agents=13
2026-03-06 10:43:24,444 | INFO | evac_sim.simulation.simulation_manager | Progress | frame=4820 | agents=13
2026-03-06 10:43:24,463 | INFO | evac_sim.simulation.simulation_manager | Progress | frame=4830 | agents=13
2026-03-06 10:43:24,482 | INFO | evac_sim.simulation.simulation_manager | Progress | frame=4840 | agents=13
2026-03-06 10:43:24,500 | INFO | evac_sim.simulation.simulation_manager | Progress | frame=4850 | agents=13
2026-03-06 10:43:24,527 | INFO | evac_sim.simulation.simulation_manager | Progress | frame=4860 | agents=13
2026-03-06 10:43:24,545 | INFO | evac_sim.simulation.simulation_manager | Progress | frame=4870 | agents=12
2026-03-06 10:43:24,563 | INFO | evac_sim.simulation.simulation_manager | Progress | frame=4880 | agents=12
2026-03-06 10:43:24,582 | INFO | evac_sim.simulation.simulation_manager | Progress | frame=4890 | agents=12
2026-03-06 10:43:24,601 | INFO | evac_sim.simulation.simulation_manager | Progress | frame=4900 | agents=12
2026-03-06 10:43:24,628 | INFO | evac_sim.simulation.simulation_manager | Progress | frame=4910 | agents=12
2026-03-06 10:43:24,646 | INFO | evac_sim.simulation.simulation_manager | Progress | frame=4920 | agents=12
2026-03-06 10:43:24,664 | INFO | evac_sim.simulation.simulation_manager | Progress | frame=4930 | agents=12
2026-03-06 10:43:24,683 | INFO | evac_sim.simulation.simulation_manager | Progress | frame=4940 | agents=12
2026-03-06 10:43:24,701 | INFO | evac_sim.simulation.simulation_manager | Progress | frame=4950 | agents=12
2026-03-06 10:43:24,728 | INFO | evac_sim.simulation.simulation_manager | Progress | frame=4960 | agents=12
2026-03-06 10:43:24,746 | INFO | evac_sim.simulation.simulation_manager | Progress | frame=4970 | agents=12
2026-03-06 10:43:24,766 | INFO | evac_sim.simulation.simulation_manager | Progress | frame=4980 | agents=12
2026-03-06 10:43:24,784 | INFO | evac_sim.simulation.simulation_manager | Progress | frame=4990 | agents=12
2026-03-06 10:43:24,803 | INFO | evac_sim.simulation.simulation_manager | Progress | frame=5000 | agents=12
2026-03-06 10:43:24,830 | INFO | evac_sim.simulation.simulation_manager | Progress | frame=5010 | agents=12
2026-03-06 10:43:24,848 | INFO | evac_sim.simulation.simulation_manager | Progress | frame=5020 | agents=11
2026-03-06 10:43:24,866 | INFO | evac_sim.simulation.simulation_manager | Progress | frame=5030 | agents=11
2026-03-06 10:43:24,885 | INFO | evac_sim.simulation.simulation_manager | Progress | frame=5040 | agents=11
2026-03-06 10:43:24,905 | INFO | evac_sim.simulation.simulation_manager | Progress | frame=5050 | agents=11
2026-03-06 10:43:24,931 | INFO | evac_sim.simulation.simulation_manager | Progress | frame=5060 | agents=11
2026-03-06 10:43:24,953 | INFO | evac_sim.simulation.simulation_manager | Progress | frame=5070 | agents=11
2026-03-06 10:43:24,971 | INFO | evac_sim.simulation.simulation_manager | Progress | frame=5080 | agents=11
2026-03-06 10:43:24,989 | INFO | evac_sim.simulation.simulation_manager | Progress | frame=5090 | agents=11
2026-03-06 10:43:25,007 | INFO | evac_sim.simulation.simulation_manager | Progress | frame=5100 | agents=11
2026-03-06 10:43:25,034 | INFO | evac_sim.simulation.simulation_manager | Progress | frame=5110 | agents=10
2026-03-06 10:43:25,052 | INFO | evac_sim.simulation.simulation_manager | Progress | frame=5120 | agents=10
2026-03-06 10:43:25,071 | INFO | evac_sim.simulation.simulation_manager | Progress | frame=5130 | agents=10
2026-03-06 10:43:25,089 | INFO | evac_sim.simulation.simulation_manager | Progress | frame=5140 | agents=10
2026-03-06 10:43:25,108 | INFO | evac_sim.simulation.simulation_manager | Progress | frame=5150 | agents=10
2026-03-06 10:43:25,133 | INFO | evac_sim.simulation.simulation_manager | Progress | frame=5160 | agents=10
2026-03-06 10:43:25,151 | INFO | evac_sim.simulation.simulation_manager | Progress | frame=5170 | agents=10
2026-03-06 10:43:25,171 | INFO | evac_sim.simulation.simulation_manager | Progress | frame=5180 | agents=9
2026-03-06 10:43:25,189 | INFO | evac_sim.simulation.simulation_manager | Progress | frame=5190 | agents=9
2026-03-06 10:43:25,207 | INFO | evac_sim.simulation.simulation_manager | Progress | frame=5200 | agents=9
2026-03-06 10:43:25,231 | INFO | evac_sim.simulation.simulation_manager | Progress | frame=5210 | agents=9
2026-03-06 10:43:25,249 | INFO | evac_sim.simulation.simulation_manager | Progress | frame=5220 | agents=9
2026-03-06 10:43:25,269 | INFO | evac_sim.simulation.simulation_manager | Progress | frame=5230 | agents=8
2026-03-06 10:43:25,287 | INFO | evac_sim.simulation.simulation_manager | Progress | frame=5240 | agents=8
2026-03-06 10:43:25,305 | INFO | evac_sim.simulation.simulation_manager | Progress | frame=5250 | agents=8
2026-03-06 10:43:25,329 | INFO | evac_sim.simulation.simulation_manager | Progress | frame=5260 | agents=8
2026-03-06 10:43:25,347 | INFO | evac_sim.simulation.simulation_manager | Progress | frame=5270 | agents=8
2026-03-06 10:43:25,365 | INFO | evac_sim.simulation.simulation_manager | Progress | frame=5280 | agents=7
2026-03-06 10:43:25,384 | INFO | evac_sim.simulation.simulation_manager | Progress | frame=5290 | agents=7
2026-03-06 10:43:25,402 | INFO | evac_sim.simulation.simulation_manager | Progress | frame=5300 | agents=7
2026-03-06 10:43:25,426 | INFO | evac_sim.simulation.simulation_manager | Progress | frame=5310 | agents=7
2026-03-06 10:43:25,445 | INFO | evac_sim.simulation.simulation_manager | Progress | frame=5320 | agents=6
2026-03-06 10:43:25,462 | INFO | evac_sim.simulation.simulation_manager | Progress | frame=5330 | agents=6
2026-03-06 10:43:25,480 | INFO | evac_sim.simulation.simulation_manager | Progress | frame=5340 | agents=6
2026-03-06 10:43:25,498 | INFO | evac_sim.simulation.simulation_manager | Progress | frame=5350 | agents=6
2026-03-06 10:43:25,522 | INFO | evac_sim.simulation.simulation_manager | Progress | frame=5360 | agents=6
2026-03-06 10:43:25,540 | INFO | evac_sim.simulation.simulation_manager | Progress | frame=5370 | agents=5
2026-03-06 10:43:25,559 | INFO | evac_sim.simulation.simulation_manager | Progress | frame=5380 | agents=5
2026-03-06 10:43:25,576 | INFO | evac_sim.simulation.simulation_manager | Progress | frame=5390 | agents=5
2026-03-06 10:43:25,593 | INFO | evac_sim.simulation.simulation_manager | Progress | frame=5400 | agents=5
2026-03-06 10:43:25,614 | INFO | evac_sim.simulation.simulation_manager | Progress | frame=5410 | agents=5
2026-03-06 10:43:25,632 | INFO | evac_sim.simulation.simulation_manager | Progress | frame=5420 | agents=5
2026-03-06 10:43:25,651 | INFO | evac_sim.simulation.simulation_manager | Progress | frame=5430 | agents=5
2026-03-06 10:43:25,669 | INFO | evac_sim.simulation.simulation_manager | Progress | frame=5440 | agents=5
2026-03-06 10:43:25,687 | INFO | evac_sim.simulation.simulation_manager | Progress | frame=5450 | agents=5
2026-03-06 10:43:25,708 | INFO | evac_sim.simulation.simulation_manager | Progress | frame=5460 | agents=5
2026-03-06 10:43:25,726 | INFO | evac_sim.simulation.simulation_manager | Progress | frame=5470 | agents=5
2026-03-06 10:43:25,743 | INFO | evac_sim.simulation.simulation_manager | Progress | frame=5480 | agents=5
2026-03-06 10:43:25,762 | INFO | evac_sim.simulation.simulation_manager | Progress | frame=5490 | agents=5
2026-03-06 10:43:25,780 | INFO | evac_sim.simulation.simulation_manager | Progress | frame=5500 | agents=5
2026-03-06 10:43:25,801 | INFO | evac_sim.simulation.simulation_manager | Progress | frame=5510 | agents=5
2026-03-06 10:43:25,820 | INFO | evac_sim.simulation.simulation_manager | Progress | frame=5520 | agents=5
2026-03-06 10:43:25,837 | INFO | evac_sim.simulation.simulation_manager | Progress | frame=5530 | agents=5
2026-03-06 10:43:25,855 | INFO | evac_sim.simulation.simulation_manager | Progress | frame=5540 | agents=5
2026-03-06 10:43:25,873 | INFO | evac_sim.simulation.simulation_manager | Progress | frame=5550 | agents=5
2026-03-06 10:43:25,894 | INFO | evac_sim.simulation.simulation_manager | Progress | frame=5560 | agents=5
2026-03-06 10:43:25,912 | INFO | evac_sim.simulation.simulation_manager | Progress | frame=5570 | agents=5
2026-03-06 10:43:25,930 | INFO | evac_sim.simulation.simulation_manager | Progress | frame=5580 | agents=5
2026-03-06 10:43:25,948 | INFO | evac_sim.simulation.simulation_manager | Progress | frame=5590 | agents=5
2026-03-06 10:43:25,966 | INFO | evac_sim.simulation.simulation_manager | Progress | frame=5600 | agents=5
2026-03-06 10:43:25,986 | INFO | evac_sim.simulation.simulation_manager | Progress | frame=5610 | agents=5
2026-03-06 10:43:26,005 | INFO | evac_sim.simulation.simulation_manager | Progress | frame=5620 | agents=5
2026-03-06 10:43:26,023 | INFO | evac_sim.simulation.simulation_manager | Progress | frame=5630 | agents=5
2026-03-06 10:43:26,041 | INFO | evac_sim.simulation.simulation_manager | Progress | frame=5640 | agents=5
2026-03-06 10:43:26,059 | INFO | evac_sim.simulation.simulation_manager | Progress | frame=5650 | agents=5
2026-03-06 10:43:26,080 | INFO | evac_sim.simulation.simulation_manager | Progress | frame=5660 | agents=4
2026-03-06 10:43:26,097 | INFO | evac_sim.simulation.simulation_manager | Progress | frame=5670 | agents=4
2026-03-06 10:43:26,115 | INFO | evac_sim.simulation.simulation_manager | Progress | frame=5680 | agents=4
2026-03-06 10:43:26,133 | INFO | evac_sim.simulation.simulation_manager | Progress | frame=5690 | agents=4
2026-03-06 10:43:26,150 | INFO | evac_sim.simulation.simulation_manager | Progress | frame=5700 | agents=4
2026-03-06 10:43:26,170 | INFO | evac_sim.simulation.simulation_manager | Progress | frame=5710 | agents=3
2026-03-06 10:43:26,189 | INFO | evac_sim.simulation.simulation_manager | Progress | frame=5720 | agents=3
2026-03-06 10:43:26,206 | INFO | evac_sim.simulation.simulation_manager | Progress | frame=5730 | agents=3
2026-03-06 10:43:26,224 | INFO | evac_sim.simulation.simulation_manager | Progress | frame=5740 | agents=3
2026-03-06 10:43:26,242 | INFO | evac_sim.simulation.simulation_manager | Progress | frame=5750 | agents=3
2026-03-06 10:43:26,262 | INFO | evac_sim.simulation.simulation_manager | Progress | frame=5760 | agents=2
2026-03-06 10:43:26,279 | INFO | evac_sim.simulation.simulation_manager | Progress | frame=5770 | agents=2
2026-03-06 10:43:26,297 | INFO | evac_sim.simulation.simulation_manager | Progress | frame=5780 | agents=2
2026-03-06 10:43:26,316 | INFO | evac_sim.simulation.simulation_manager | Progress | frame=5790 | agents=2
2026-03-06 10:43:26,333 | INFO | evac_sim.simulation.simulation_manager | Progress | frame=5800 | agents=1
2026-03-06 10:43:26,353 | INFO | evac_sim.simulation.simulation_manager | Progress | frame=5810 | agents=1
2026-03-06 10:43:26,371 | INFO | evac_sim.simulation.simulation_manager | Progress | frame=5820 | agents=1
2026-03-06 10:43:26,389 | INFO | evac_sim.simulation.simulation_manager | Progress | frame=5830 | agents=1
2026-03-06 10:43:26,406 | INFO | evac_sim.simulation.simulation_manager | Progress | frame=5840 | agents=1
2026-03-06 10:43:26,411 | INFO | evac_sim.simulation.simulation_manager | Simulation end | last_frame=5843
2026-03-06 10:43:26,445 | INFO | evac_sim.runner | Metrics preview | mode=0 group=82 agents=5 min=169.680 avg=172.506 median=172.530 p90=174.738 max=175.290
2026-03-06 10:43:26,456 | INFO | evac_sim.runner | Metrics preview | mode=0 group=83 agents=5 min=155.250 avg=158.112 median=158.130 p90=160.368 max=160.920
2026-03-06 10:43:26,466 | INFO | evac_sim.runner | Metrics preview | mode=0 group=73 agents=6 min=74.160 avg=78.995 median=79.155 p90=82.440 max=83.250
2026-03-06 10:43:26,476 | INFO | evac_sim.runner | Metrics preview | mode=0 group=77 agents=6 min=87.150 avg=91.625 median=91.395 p90=95.460 max=96.300
2026-03-06 10:43:26,490 | INFO | evac_sim.runner | Metrics preview | mode=0 group=92 agents=10 min=131.400 avg=140.262 median=138.330 p90=150.780 max=153.210
2026-03-06 10:43:26,492 | INFO | evac_sim.runner | Finished mode=0
2026-03-06 10:43:26,492 | INFO | evac_sim.runner | Mode start | mode=1 env=Cruise_Ship case=unknown
2026-03-06 10:43:26,551 | INFO | evac_sim.simulation.simulation_manager | Simulation start | agents=32
2026-03-06 10:43:26,597 | INFO | evac_sim.simulation.simulation_manager | Progress | frame=10 | agents=32
2026-03-06 10:43:26,622 | INFO | evac_sim.simulation.simulation_manager | Progress | frame=20 | agents=32
2026-03-06 10:43:26,647 | INFO | evac_sim.simulation.simulation_manager | Progress | frame=30 | agents=32
2026-03-06 10:43:26,676 | INFO | evac_sim.simulation.simulation_manager | Progress | frame=40 | agents=32
2026-03-06 10:43:26,699 | INFO | evac_sim.simulation.simulation_manager | Progress | frame=50 | agents=32
2026-03-06 10:43:26,741 | INFO | evac_sim.simulation.simulation_manager | Progress | frame=60 | agents=32
2026-03-06 10:43:26,765 | INFO | evac_sim.simulation.simulation_manager | Progress | frame=70 | agents=32
2026-03-06 10:43:26,791 | INFO | evac_sim.simulation.simulation_manager | Progress | frame=80 | agents=32
2026-03-06 10:43:26,815 | INFO | evac_sim.simulation.simulation_manager | Progress | frame=90 | agents=32
2026-03-06 10:43:26,842 | INFO | evac_sim.simulation.simulation_manager | Progress | frame=100 | agents=32
2026-03-06 10:43:26,883 | INFO | evac_sim.simulation.simulation_manager | Progress | frame=110 | agents=32
2026-03-06 10:43:26,908 | INFO | evac_sim.simulation.simulation_manager | Progress | frame=120 | agents=32
2026-03-06 10:43:26,933 | INFO | evac_sim.simulation.simulation_manager | Progress | frame=130 | agents=32
2026-03-06 10:43:26,958 | INFO | evac_sim.simulation.simulation_manager | Progress | frame=140 | agents=32
2026-03-06 10:43:26,985 | INFO | evac_sim.simulation.simulation_manager | Progress | frame=150 | agents=32
2026-03-06 10:43:27,026 | INFO | evac_sim.simulation.simulation_manager | Progress | frame=160 | agents=32
2026-03-06 10:43:27,055 | INFO | evac_sim.simulation.simulation_manager | Progress | frame=170 | agents=32
2026-03-06 10:43:27,081 | INFO | evac_sim.simulation.simulation_manager | Progress | frame=180 | agents=32
2026-03-06 10:43:27,108 | INFO | evac_sim.simulation.simulation_manager | Progress | frame=190 | agents=32
2026-03-06 10:43:27,132 | INFO | evac_sim.simulation.simulation_manager | Progress | frame=200 | agents=32
2026-03-06 10:43:27,177 | INFO | evac_sim.simulation.simulation_manager | Progress | frame=210 | agents=32
2026-03-06 10:43:27,205 | INFO | evac_sim.simulation.simulation_manager | Progress | frame=220 | agents=32
2026-03-06 10:43:27,230 | INFO | evac_sim.simulation.simulation_manager | Progress | frame=230 | agents=32
2026-03-06 10:43:27,258 | INFO | evac_sim.simulation.simulation_manager | Progress | frame=240 | agents=32
2026-03-06 10:43:27,284 | INFO | evac_sim.simulation.simulation_manager | Progress | frame=250 | agents=32
2026-03-06 10:43:27,318 | INFO | evac_sim.simulation.simulation_manager | Progress | frame=260 | agents=32
2026-03-06 10:43:27,346 | INFO | evac_sim.simulation.simulation_manager | Progress | frame=270 | agents=32
2026-03-06 10:43:27,366 | INFO | evac_sim.simulation.simulation_manager | Progress | frame=280 | agents=32
2026-03-06 10:43:27,388 | INFO | evac_sim.simulation.simulation_manager | Progress | frame=290 | agents=32
2026-03-06 10:43:27,410 | INFO | evac_sim.simulation.simulation_manager | Progress | frame=300 | agents=32
2026-03-06 10:43:27,444 | INFO | evac_sim.simulation.simulation_manager | Progress | frame=310 | agents=32
2026-03-06 10:43:27,467 | INFO | evac_sim.simulation.simulation_manager | Progress | frame=320 | agents=32
2026-03-06 10:43:27,488 | INFO | evac_sim.simulation.simulation_manager | Progress | frame=330 | agents=32
2026-03-06 10:43:27,510 | INFO | evac_sim.simulation.simulation_manager | Progress | frame=340 | agents=32
2026-03-06 10:43:27,530 | INFO | evac_sim.simulation.simulation_manager | Progress | frame=350 | agents=32
2026-03-06 10:43:27,565 | INFO | evac_sim.simulation.simulation_manager | Progress | frame=360 | agents=32
2026-03-06 10:43:27,585 | INFO | evac_sim.simulation.simulation_manager | Progress | frame=370 | agents=32
2026-03-06 10:43:27,607 | INFO | evac_sim.simulation.simulation_manager | Progress | frame=380 | agents=32
2026-03-06 10:43:27,628 | INFO | evac_sim.simulation.simulation_manager | Progress | frame=390 | agents=32
2026-03-06 10:43:27,649 | INFO | evac_sim.simulation.simulation_manager | Progress | frame=400 | agents=32
2026-03-06 10:43:27,656 | INFO | evac_sim.simulation.simulation_manager | Reroute applied | frame=400 | group=83 | agents=5 | curr=92 next=91 | old_len=46 new_len=48
2026-03-06 10:43:27,898 | INFO | evac_sim.simulation.simulation_manager | Reroute applied | frame=400 | group=77 | agents=6 | curr=56 next=24 | old_len=40 new_len=46
2026-03-06 10:43:28,133 | INFO | evac_sim.simulation.simulation_manager | Reroute applied | frame=400 | group=92 | agents=10 | curr=61 next=60 | old_len=43 new_len=48
2026-03-06 10:43:28,155 | INFO | evac_sim.simulation.simulation_manager | Progress | frame=410 | agents=32
2026-03-06 10:43:28,177 | INFO | evac_sim.simulation.simulation_manager | Progress | frame=420 | agents=32
2026-03-06 10:43:28,198 | INFO | evac_sim.simulation.simulation_manager | Progress | frame=430 | agents=32
2026-03-06 10:43:28,220 | INFO | evac_sim.simulation.simulation_manager | Progress | frame=440 | agents=32
2026-03-06 10:43:28,242 | INFO | evac_sim.simulation.simulation_manager | Progress | frame=450 | agents=32
2026-03-06 10:43:28,277 | INFO | evac_sim.simulation.simulation_manager | Progress | frame=460 | agents=32
2026-03-06 10:43:28,298 | INFO | evac_sim.simulation.simulation_manager | Progress | frame=470 | agents=32
2026-03-06 10:43:28,320 | INFO | evac_sim.simulation.simulation_manager | Progress | frame=480 | agents=32
2026-03-06 10:43:28,341 | INFO | evac_sim.simulation.simulation_manager | Progress | frame=490 | agents=32
2026-03-06 10:43:28,363 | INFO | evac_sim.simulation.simulation_manager | Progress | frame=500 | agents=32
2026-03-06 10:43:28,398 | INFO | evac_sim.simulation.simulation_manager | Progress | frame=510 | agents=32
2026-03-06 10:43:28,419 | INFO | evac_sim.simulation.simulation_manager | Progress | frame=520 | agents=32
2026-03-06 10:43:28,441 | INFO | evac_sim.simulation.simulation_manager | Progress | frame=530 | agents=32
2026-03-06 10:43:28,463 | INFO | evac_sim.simulation.simulation_manager | Progress | frame=540 | agents=32
2026-03-06 10:43:28,484 | INFO | evac_sim.simulation.simulation_manager | Progress | frame=550 | agents=32
2026-03-06 10:43:28,521 | INFO | evac_sim.simulation.simulation_manager | Progress | frame=560 | agents=32
2026-03-06 10:43:28,543 | INFO | evac_sim.simulation.simulation_manager | Progress | frame=570 | agents=32
2026-03-06 10:43:28,566 | INFO | evac_sim.simulation.simulation_manager | Progress | frame=580 | agents=32
2026-03-06 10:43:28,588 | INFO | evac_sim.simulation.simulation_manager | Progress | frame=590 | agents=32
2026-03-06 10:43:28,610 | INFO | evac_sim.simulation.simulation_manager | Progress | frame=600 | agents=32
2026-03-06 10:43:28,646 | INFO | evac_sim.simulation.simulation_manager | Progress | frame=610 | agents=32
2026-03-06 10:43:28,668 | INFO | evac_sim.simulation.simulation_manager | Progress | frame=620 | agents=32
2026-03-06 10:43:28,691 | INFO | evac_sim.simulation.simulation_manager | Progress | frame=630 | agents=32
2026-03-06 10:43:28,712 | INFO | evac_sim.simulation.simulation_manager | Progress | frame=640 | agents=32
2026-03-06 10:43:28,735 | INFO | evac_sim.simulation.simulation_manager | Progress | frame=650 | agents=32
2026-03-06 10:43:28,772 | INFO | evac_sim.simulation.simulation_manager | Progress | frame=660 | agents=32
2026-03-06 10:43:28,793 | INFO | evac_sim.simulation.simulation_manager | Progress | frame=670 | agents=32
2026-03-06 10:43:28,815 | INFO | evac_sim.simulation.simulation_manager | Progress | frame=680 | agents=32
2026-03-06 10:43:28,837 | INFO | evac_sim.simulation.simulation_manager | Progress | frame=690 | agents=32
2026-03-06 10:43:28,860 | INFO | evac_sim.simulation.simulation_manager | Progress | frame=700 | agents=32
2026-03-06 10:43:28,894 | INFO | evac_sim.simulation.simulation_manager | Progress | frame=710 | agents=32
2026-03-06 10:43:28,916 | INFO | evac_sim.simulation.simulation_manager | Progress | frame=720 | agents=32
2026-03-06 10:43:28,940 | INFO | evac_sim.simulation.simulation_manager | Progress | frame=730 | agents=32
2026-03-06 10:43:28,961 | INFO | evac_sim.simulation.simulation_manager | Progress | frame=740 | agents=32
2026-03-06 10:43:28,983 | INFO | evac_sim.simulation.simulation_manager | Progress | frame=750 | agents=32
2026-03-06 10:43:29,020 | INFO | evac_sim.simulation.simulation_manager | Progress | frame=760 | agents=32
2026-03-06 10:43:29,043 | INFO | evac_sim.simulation.simulation_manager | Progress | frame=770 | agents=32
2026-03-06 10:43:29,065 | INFO | evac_sim.simulation.simulation_manager | Progress | frame=780 | agents=32
2026-03-06 10:43:29,087 | INFO | evac_sim.simulation.simulation_manager | Progress | frame=790 | agents=32
2026-03-06 10:43:29,108 | INFO | evac_sim.simulation.simulation_manager | Progress | frame=800 | agents=32
2026-03-06 10:43:29,144 | INFO | evac_sim.simulation.simulation_manager | Progress | frame=810 | agents=32
2026-03-06 10:43:29,166 | INFO | evac_sim.simulation.simulation_manager | Progress | frame=820 | agents=32
2026-03-06 10:43:29,188 | INFO | evac_sim.simulation.simulation_manager | Progress | frame=830 | agents=32
2026-03-06 10:43:29,209 | INFO | evac_sim.simulation.simulation_manager | Progress | frame=840 | agents=32
2026-03-06 10:43:29,230 | INFO | evac_sim.simulation.simulation_manager | Progress | frame=850 | agents=32
2026-03-06 10:43:29,265 | INFO | evac_sim.simulation.simulation_manager | Progress | frame=860 | agents=32
2026-03-06 10:43:29,286 | INFO | evac_sim.simulation.simulation_manager | Progress | frame=870 | agents=32
2026-03-06 10:43:29,309 | INFO | evac_sim.simulation.simulation_manager | Progress | frame=880 | agents=32
2026-03-06 10:43:29,329 | INFO | evac_sim.simulation.simulation_manager | Progress | frame=890 | agents=32
2026-03-06 10:43:29,351 | INFO | evac_sim.simulation.simulation_manager | Progress | frame=900 | agents=32
2026-03-06 10:43:29,389 | INFO | evac_sim.simulation.simulation_manager | Progress | frame=910 | agents=32
2026-03-06 10:43:29,412 | INFO | evac_sim.simulation.simulation_manager | Progress | frame=920 | agents=32
2026-03-06 10:43:29,433 | INFO | evac_sim.simulation.simulation_manager | Progress | frame=930 | agents=32
2026-03-06 10:43:29,455 | INFO | evac_sim.simulation.simulation_manager | Progress | frame=940 | agents=32
2026-03-06 10:43:29,477 | INFO | evac_sim.simulation.simulation_manager | Progress | frame=950 | agents=32
2026-03-06 10:43:29,514 | INFO | evac_sim.simulation.simulation_manager | Progress | frame=960 | agents=32
2026-03-06 10:43:29,535 | INFO | evac_sim.simulation.simulation_manager | Progress | frame=970 | agents=32
2026-03-06 10:43:29,557 | INFO | evac_sim.simulation.simulation_manager | Progress | frame=980 | agents=32
2026-03-06 10:43:29,577 | INFO | evac_sim.simulation.simulation_manager | Progress | frame=990 | agents=32
2026-03-06 10:43:29,599 | INFO | evac_sim.simulation.simulation_manager | Progress | frame=1000 | agents=32
2026-03-06 10:43:29,634 | INFO | evac_sim.simulation.simulation_manager | Progress | frame=1010 | agents=32
2026-03-06 10:43:29,656 | INFO | evac_sim.simulation.simulation_manager | Progress | frame=1020 | agents=32
2026-03-06 10:43:29,677 | INFO | evac_sim.simulation.simulation_manager | Progress | frame=1030 | agents=32
2026-03-06 10:43:29,699 | INFO | evac_sim.simulation.simulation_manager | Progress | frame=1040 | agents=32
2026-03-06 10:43:29,719 | INFO | evac_sim.simulation.simulation_manager | Progress | frame=1050 | agents=32
2026-03-06 10:43:29,755 | INFO | evac_sim.simulation.simulation_manager | Progress | frame=1060 | agents=32
2026-03-06 10:43:29,775 | INFO | evac_sim.simulation.simulation_manager | Progress | frame=1070 | agents=32
2026-03-06 10:43:29,796 | INFO | evac_sim.simulation.simulation_manager | Progress | frame=1080 | agents=32
2026-03-06 10:43:29,817 | INFO | evac_sim.simulation.simulation_manager | Progress | frame=1090 | agents=32
2026-03-06 10:43:29,838 | INFO | evac_sim.simulation.simulation_manager | Progress | frame=1100 | agents=32
2026-03-06 10:43:29,874 | INFO | evac_sim.simulation.simulation_manager | Progress | frame=1110 | agents=32
2026-03-06 10:43:29,897 | INFO | evac_sim.simulation.simulation_manager | Progress | frame=1120 | agents=32
2026-03-06 10:43:29,918 | INFO | evac_sim.simulation.simulation_manager | Progress | frame=1130 | agents=32
2026-03-06 10:43:29,941 | INFO | evac_sim.simulation.simulation_manager | Progress | frame=1140 | agents=32
2026-03-06 10:43:29,961 | INFO | evac_sim.simulation.simulation_manager | Progress | frame=1150 | agents=32
2026-03-06 10:43:29,998 | INFO | evac_sim.simulation.simulation_manager | Progress | frame=1160 | agents=32
2026-03-06 10:43:30,020 | INFO | evac_sim.simulation.simulation_manager | Progress | frame=1170 | agents=32
2026-03-06 10:43:30,041 | INFO | evac_sim.simulation.simulation_manager | Progress | frame=1180 | agents=32
2026-03-06 10:43:30,062 | INFO | evac_sim.simulation.simulation_manager | Progress | frame=1190 | agents=32
2026-03-06 10:43:30,083 | INFO | evac_sim.simulation.simulation_manager | Progress | frame=1200 | agents=32
2026-03-06 10:43:30,118 | INFO | evac_sim.simulation.simulation_manager | Progress | frame=1210 | agents=32
2026-03-06 10:43:30,140 | INFO | evac_sim.simulation.simulation_manager | Progress | frame=1220 | agents=32
2026-03-06 10:43:30,162 | INFO | evac_sim.simulation.simulation_manager | Progress | frame=1230 | agents=32
2026-03-06 10:43:30,184 | INFO | evac_sim.simulation.simulation_manager | Progress | frame=1240 | agents=32
2026-03-06 10:43:30,206 | INFO | evac_sim.simulation.simulation_manager | Progress | frame=1250 | agents=32
2026-03-06 10:43:30,242 | INFO | evac_sim.simulation.simulation_manager | Progress | frame=1260 | agents=32
2026-03-06 10:43:30,263 | INFO | evac_sim.simulation.simulation_manager | Progress | frame=1270 | agents=32
2026-03-06 10:43:30,284 | INFO | evac_sim.simulation.simulation_manager | Progress | frame=1280 | agents=32
2026-03-06 10:43:30,307 | INFO | evac_sim.simulation.simulation_manager | Progress | frame=1290 | agents=32
2026-03-06 10:43:30,335 | INFO | evac_sim.simulation.simulation_manager | Progress | frame=1300 | agents=32
2026-03-06 10:43:30,378 | INFO | evac_sim.simulation.simulation_manager | Progress | frame=1310 | agents=32
2026-03-06 10:43:30,407 | INFO | evac_sim.simulation.simulation_manager | Progress | frame=1320 | agents=32
2026-03-06 10:43:30,433 | INFO | evac_sim.simulation.simulation_manager | Progress | frame=1330 | agents=32
2026-03-06 10:43:30,458 | INFO | evac_sim.simulation.simulation_manager | Progress | frame=1340 | agents=32
2026-03-06 10:43:30,487 | INFO | evac_sim.simulation.simulation_manager | Progress | frame=1350 | agents=32
2026-03-06 10:43:30,529 | INFO | evac_sim.simulation.simulation_manager | Progress | frame=1360 | agents=32
2026-03-06 10:43:30,555 | INFO | evac_sim.simulation.simulation_manager | Progress | frame=1370 | agents=32
2026-03-06 10:43:30,582 | INFO | evac_sim.simulation.simulation_manager | Progress | frame=1380 | agents=32
2026-03-06 10:43:30,607 | INFO | evac_sim.simulation.simulation_manager | Progress | frame=1390 | agents=32
2026-03-06 10:43:30,632 | INFO | evac_sim.simulation.simulation_manager | Progress | frame=1400 | agents=32
2026-03-06 10:43:30,676 | INFO | evac_sim.simulation.simulation_manager | Progress | frame=1410 | agents=32
2026-03-06 10:43:30,703 | INFO | evac_sim.simulation.simulation_manager | Progress | frame=1420 | agents=32
2026-03-06 10:43:30,731 | INFO | evac_sim.simulation.simulation_manager | Progress | frame=1430 | agents=32
2026-03-06 10:43:30,758 | INFO | evac_sim.simulation.simulation_manager | Progress | frame=1440 | agents=32
2026-03-06 10:43:30,782 | INFO | evac_sim.simulation.simulation_manager | Progress | frame=1450 | agents=32
2026-03-06 10:43:30,824 | INFO | evac_sim.simulation.simulation_manager | Progress | frame=1460 | agents=32
2026-03-06 10:43:30,851 | INFO | evac_sim.simulation.simulation_manager | Progress | frame=1470 | agents=32
2026-03-06 10:43:30,877 | INFO | evac_sim.simulation.simulation_manager | Progress | frame=1480 | agents=32
2026-03-06 10:43:30,899 | INFO | evac_sim.simulation.simulation_manager | Progress | frame=1490 | agents=32
2026-03-06 10:43:30,920 | INFO | evac_sim.simulation.simulation_manager | Progress | frame=1500 | agents=32
2026-03-06 10:43:30,955 | INFO | evac_sim.simulation.simulation_manager | Progress | frame=1510 | agents=32
2026-03-06 10:43:30,977 | INFO | evac_sim.simulation.simulation_manager | Progress | frame=1520 | agents=32
2026-03-06 10:43:30,998 | INFO | evac_sim.simulation.simulation_manager | Progress | frame=1530 | agents=32
2026-03-06 10:43:31,020 | INFO | evac_sim.simulation.simulation_manager | Progress | frame=1540 | agents=32
2026-03-06 10:43:31,042 | INFO | evac_sim.simulation.simulation_manager | Progress | frame=1550 | agents=32
2026-03-06 10:43:31,077 | INFO | evac_sim.simulation.simulation_manager | Progress | frame=1560 | agents=32
2026-03-06 10:43:31,098 | INFO | evac_sim.simulation.simulation_manager | Progress | frame=1570 | agents=32
2026-03-06 10:43:31,119 | INFO | evac_sim.simulation.simulation_manager | Progress | frame=1580 | agents=32
2026-03-06 10:43:31,141 | INFO | evac_sim.simulation.simulation_manager | Progress | frame=1590 | agents=32
2026-03-06 10:43:31,162 | INFO | evac_sim.simulation.simulation_manager | Progress | frame=1600 | agents=32
2026-03-06 10:43:31,199 | INFO | evac_sim.simulation.simulation_manager | Progress | frame=1610 | agents=32
2026-03-06 10:43:31,226 | INFO | evac_sim.simulation.simulation_manager | Progress | frame=1620 | agents=32
2026-03-06 10:43:31,251 | INFO | evac_sim.simulation.simulation_manager | Progress | frame=1630 | agents=32
2026-03-06 10:43:31,277 | INFO | evac_sim.simulation.simulation_manager | Progress | frame=1640 | agents=32
2026-03-06 10:43:31,299 | INFO | evac_sim.simulation.simulation_manager | Progress | frame=1650 | agents=32
2026-03-06 10:43:31,334 | INFO | evac_sim.simulation.simulation_manager | Progress | frame=1660 | agents=32
2026-03-06 10:43:31,356 | INFO | evac_sim.simulation.simulation_manager | Progress | frame=1670 | agents=32
2026-03-06 10:43:31,378 | INFO | evac_sim.simulation.simulation_manager | Progress | frame=1680 | agents=32
2026-03-06 10:43:31,400 | INFO | evac_sim.simulation.simulation_manager | Progress | frame=1690 | agents=32
2026-03-06 10:43:31,422 | INFO | evac_sim.simulation.simulation_manager | Progress | frame=1700 | agents=32
2026-03-06 10:43:31,457 | INFO | evac_sim.simulation.simulation_manager | Progress | frame=1710 | agents=32
2026-03-06 10:43:31,478 | INFO | evac_sim.simulation.simulation_manager | Progress | frame=1720 | agents=32
2026-03-06 10:43:31,500 | INFO | evac_sim.simulation.simulation_manager | Progress | frame=1730 | agents=32
2026-03-06 10:43:31,522 | INFO | evac_sim.simulation.simulation_manager | Progress | frame=1740 | agents=32
2026-03-06 10:43:31,546 | INFO | evac_sim.simulation.simulation_manager | Progress | frame=1750 | agents=32
2026-03-06 10:43:31,588 | INFO | evac_sim.simulation.simulation_manager | Progress | frame=1760 | agents=32
2026-03-06 10:43:31,614 | INFO | evac_sim.simulation.simulation_manager | Progress | frame=1770 | agents=32
2026-03-06 10:43:31,634 | INFO | evac_sim.simulation.simulation_manager | Progress | frame=1780 | agents=32
2026-03-06 10:43:31,657 | INFO | evac_sim.simulation.simulation_manager | Progress | frame=1790 | agents=32
2026-03-06 10:43:31,678 | INFO | evac_sim.simulation.simulation_manager | Progress | frame=1800 | agents=32
2026-03-06 10:43:31,713 | INFO | evac_sim.simulation.simulation_manager | Progress | frame=1810 | agents=32
2026-03-06 10:43:31,734 | INFO | evac_sim.simulation.simulation_manager | Progress | frame=1820 | agents=32
2026-03-06 10:43:31,757 | INFO | evac_sim.simulation.simulation_manager | Progress | frame=1830 | agents=32
2026-03-06 10:43:31,779 | INFO | evac_sim.simulation.simulation_manager | Progress | frame=1840 | agents=32
2026-03-06 10:43:31,803 | INFO | evac_sim.simulation.simulation_manager | Progress | frame=1850 | agents=32
2026-03-06 10:43:31,841 | INFO | evac_sim.simulation.simulation_manager | Progress | frame=1860 | agents=32
2026-03-06 10:43:31,862 | INFO | evac_sim.simulation.simulation_manager | Progress | frame=1870 | agents=32
2026-03-06 10:43:31,884 | INFO | evac_sim.simulation.simulation_manager | Progress | frame=1880 | agents=32
2026-03-06 10:43:31,905 | INFO | evac_sim.simulation.simulation_manager | Progress | frame=1890 | agents=32
2026-03-06 10:43:31,927 | INFO | evac_sim.simulation.simulation_manager | Progress | frame=1900 | agents=32
2026-03-06 10:43:31,962 | INFO | evac_sim.simulation.simulation_manager | Progress | frame=1910 | agents=32
2026-03-06 10:43:31,983 | INFO | evac_sim.simulation.simulation_manager | Progress | frame=1920 | agents=32
2026-03-06 10:43:32,006 | INFO | evac_sim.simulation.simulation_manager | Progress | frame=1930 | agents=32
2026-03-06 10:43:32,035 | INFO | evac_sim.simulation.simulation_manager | Progress | frame=1940 | agents=32
2026-03-06 10:43:32,058 | INFO | evac_sim.simulation.simulation_manager | Progress | frame=1950 | agents=32
2026-03-06 10:43:32,093 | INFO | evac_sim.simulation.simulation_manager | Progress | frame=1960 | agents=32
2026-03-06 10:43:32,115 | INFO | evac_sim.simulation.simulation_manager | Progress | frame=1970 | agents=32
2026-03-06 10:43:32,137 | INFO | evac_sim.simulation.simulation_manager | Progress | frame=1980 | agents=32
2026-03-06 10:43:32,158 | INFO | evac_sim.simulation.simulation_manager | Progress | frame=1990 | agents=32
2026-03-06 10:43:32,179 | INFO | evac_sim.simulation.simulation_manager | Progress | frame=2000 | agents=32
2026-03-06 10:43:32,214 | INFO | evac_sim.simulation.simulation_manager | Progress | frame=2010 | agents=32
2026-03-06 10:43:32,234 | INFO | evac_sim.simulation.simulation_manager | Progress | frame=2020 | agents=32
2026-03-06 10:43:32,256 | INFO | evac_sim.simulation.simulation_manager | Progress | frame=2030 | agents=32
2026-03-06 10:43:32,279 | INFO | evac_sim.simulation.simulation_manager | Progress | frame=2040 | agents=32
2026-03-06 10:43:32,300 | INFO | evac_sim.simulation.simulation_manager | Progress | frame=2050 | agents=32
2026-03-06 10:43:32,335 | INFO | evac_sim.simulation.simulation_manager | Progress | frame=2060 | agents=32
2026-03-06 10:43:32,356 | INFO | evac_sim.simulation.simulation_manager | Progress | frame=2070 | agents=32
2026-03-06 10:43:32,377 | INFO | evac_sim.simulation.simulation_manager | Progress | frame=2080 | agents=32
2026-03-06 10:43:32,398 | INFO | evac_sim.simulation.simulation_manager | Progress | frame=2090 | agents=32
2026-03-06 10:43:32,419 | INFO | evac_sim.simulation.simulation_manager | Progress | frame=2100 | agents=32
2026-03-06 10:43:32,455 | INFO | evac_sim.simulation.simulation_manager | Progress | frame=2110 | agents=32
2026-03-06 10:43:32,481 | INFO | evac_sim.simulation.simulation_manager | Progress | frame=2120 | agents=32
2026-03-06 10:43:32,502 | INFO | evac_sim.simulation.simulation_manager | Progress | frame=2130 | agents=32
2026-03-06 10:43:32,522 | INFO | evac_sim.simulation.simulation_manager | Progress | frame=2140 | agents=32
2026-03-06 10:43:32,543 | INFO | evac_sim.simulation.simulation_manager | Progress | frame=2150 | agents=32
2026-03-06 10:43:32,578 | INFO | evac_sim.simulation.simulation_manager | Progress | frame=2160 | agents=32
2026-03-06 10:43:32,599 | INFO | evac_sim.simulation.simulation_manager | Progress | frame=2170 | agents=32
2026-03-06 10:43:32,619 | INFO | evac_sim.simulation.simulation_manager | Progress | frame=2180 | agents=32
2026-03-06 10:43:32,641 | INFO | evac_sim.simulation.simulation_manager | Progress | frame=2190 | agents=32
2026-03-06 10:43:32,661 | INFO | evac_sim.simulation.simulation_manager | Progress | frame=2200 | agents=32
2026-03-06 10:43:32,786 | INFO | evac_sim.simulation.simulation_manager | Reroute applied | frame=2200 | group=82 | agents=5 | curr=54 next=55 | old_len=48 new_len=56
2026-03-06 10:43:33,187 | INFO | evac_sim.simulation.simulation_manager | Reroute applied | frame=2200 | group=83 | agents=5 | curr=139 next=140 | old_len=48 new_len=56
2026-03-06 10:43:33,743 | INFO | evac_sim.simulation.simulation_manager | Reroute applied | frame=2200 | group=92 | agents=10 | curr=157 next=156 | old_len=48 new_len=66
2026-03-06 10:43:33,765 | INFO | evac_sim.simulation.simulation_manager | Progress | frame=2210 | agents=32
2026-03-06 10:43:33,786 | INFO | evac_sim.simulation.simulation_manager | Progress | frame=2220 | agents=32
2026-03-06 10:43:33,806 | INFO | evac_sim.simulation.simulation_manager | Progress | frame=2230 | agents=32
2026-03-06 10:43:33,828 | INFO | evac_sim.simulation.simulation_manager | Progress | frame=2240 | agents=32
2026-03-06 10:43:33,848 | INFO | evac_sim.simulation.simulation_manager | Progress | frame=2250 | agents=32
2026-03-06 10:43:33,882 | INFO | evac_sim.simulation.simulation_manager | Progress | frame=2260 | agents=32
2026-03-06 10:43:33,902 | INFO | evac_sim.simulation.simulation_manager | Progress | frame=2270 | agents=32
2026-03-06 10:43:33,924 | INFO | evac_sim.simulation.simulation_manager | Progress | frame=2280 | agents=32
2026-03-06 10:43:33,944 | INFO | evac_sim.simulation.simulation_manager | Progress | frame=2290 | agents=32
2026-03-06 10:43:33,966 | INFO | evac_sim.simulation.simulation_manager | Progress | frame=2300 | agents=32
2026-03-06 10:43:33,999 | INFO | evac_sim.simulation.simulation_manager | Progress | frame=2310 | agents=32
2026-03-06 10:43:34,019 | INFO | evac_sim.simulation.simulation_manager | Progress | frame=2320 | agents=32
2026-03-06 10:43:34,040 | INFO | evac_sim.simulation.simulation_manager | Progress | frame=2330 | agents=32
2026-03-06 10:43:34,062 | INFO | evac_sim.simulation.simulation_manager | Progress | frame=2340 | agents=32
2026-03-06 10:43:34,082 | INFO | evac_sim.simulation.simulation_manager | Progress | frame=2350 | agents=32
2026-03-06 10:43:34,117 | INFO | evac_sim.simulation.simulation_manager | Progress | frame=2360 | agents=32
2026-03-06 10:43:34,139 | INFO | evac_sim.simulation.simulation_manager | Progress | frame=2370 | agents=32
2026-03-06 10:43:34,160 | INFO | evac_sim.simulation.simulation_manager | Progress | frame=2380 | agents=32
2026-03-06 10:43:34,181 | INFO | evac_sim.simulation.simulation_manager | Progress | frame=2390 | agents=32
2026-03-06 10:43:34,203 | INFO | evac_sim.simulation.simulation_manager | Progress | frame=2400 | agents=32
2026-03-06 10:43:34,236 | INFO | evac_sim.simulation.simulation_manager | Progress | frame=2410 | agents=32
2026-03-06 10:43:34,259 | INFO | evac_sim.simulation.simulation_manager | Progress | frame=2420 | agents=32
2026-03-06 10:43:34,280 | INFO | evac_sim.simulation.simulation_manager | Progress | frame=2430 | agents=32
2026-03-06 10:43:34,301 | INFO | evac_sim.simulation.simulation_manager | Progress | frame=2440 | agents=32
2026-03-06 10:43:34,322 | INFO | evac_sim.simulation.simulation_manager | Progress | frame=2450 | agents=32
2026-03-06 10:43:34,357 | INFO | evac_sim.simulation.simulation_manager | Progress | frame=2460 | agents=32
2026-03-06 10:43:34,378 | INFO | evac_sim.simulation.simulation_manager | Progress | frame=2470 | agents=32
2026-03-06 10:43:34,400 | INFO | evac_sim.simulation.simulation_manager | Progress | frame=2480 | agents=31
2026-03-06 10:43:34,421 | INFO | evac_sim.simulation.simulation_manager | Progress | frame=2490 | agents=31
2026-03-06 10:43:34,442 | INFO | evac_sim.simulation.simulation_manager | Progress | frame=2500 | agents=31
2026-03-06 10:43:34,477 | INFO | evac_sim.simulation.simulation_manager | Progress | frame=2510 | agents=31
2026-03-06 10:43:34,498 | INFO | evac_sim.simulation.simulation_manager | Progress | frame=2520 | agents=31
2026-03-06 10:43:34,520 | INFO | evac_sim.simulation.simulation_manager | Progress | frame=2530 | agents=31
2026-03-06 10:43:34,541 | INFO | evac_sim.simulation.simulation_manager | Progress | frame=2540 | agents=31
2026-03-06 10:43:34,561 | INFO | evac_sim.simulation.simulation_manager | Progress | frame=2550 | agents=31
2026-03-06 10:43:34,595 | INFO | evac_sim.simulation.simulation_manager | Progress | frame=2560 | agents=30
2026-03-06 10:43:34,616 | INFO | evac_sim.simulation.simulation_manager | Progress | frame=2570 | agents=30
2026-03-06 10:43:34,637 | INFO | evac_sim.simulation.simulation_manager | Progress | frame=2580 | agents=30
2026-03-06 10:43:34,657 | INFO | evac_sim.simulation.simulation_manager | Progress | frame=2590 | agents=30
2026-03-06 10:43:34,677 | INFO | evac_sim.simulation.simulation_manager | Progress | frame=2600 | agents=30
2026-03-06 10:43:34,712 | INFO | evac_sim.simulation.simulation_manager | Progress | frame=2610 | agents=30
2026-03-06 10:43:34,732 | INFO | evac_sim.simulation.simulation_manager | Progress | frame=2620 | agents=29
2026-03-06 10:43:34,752 | INFO | evac_sim.simulation.simulation_manager | Progress | frame=2630 | agents=29
2026-03-06 10:43:34,773 | INFO | evac_sim.simulation.simulation_manager | Progress | frame=2640 | agents=29
2026-03-06 10:43:34,793 | INFO | evac_sim.simulation.simulation_manager | Progress | frame=2650 | agents=29
2026-03-06 10:43:34,827 | INFO | evac_sim.simulation.simulation_manager | Progress | frame=2660 | agents=29
2026-03-06 10:43:34,847 | INFO | evac_sim.simulation.simulation_manager | Progress | frame=2670 | agents=28
2026-03-06 10:43:34,867 | INFO | evac_sim.simulation.simulation_manager | Progress | frame=2680 | agents=28
2026-03-06 10:43:34,887 | INFO | evac_sim.simulation.simulation_manager | Progress | frame=2690 | agents=28
2026-03-06 10:43:34,907 | INFO | evac_sim.simulation.simulation_manager | Progress | frame=2700 | agents=28
2026-03-06 10:43:34,940 | INFO | evac_sim.simulation.simulation_manager | Progress | frame=2710 | agents=28
2026-03-06 10:43:34,961 | INFO | evac_sim.simulation.simulation_manager | Progress | frame=2720 | agents=28
2026-03-06 10:43:34,981 | INFO | evac_sim.simulation.simulation_manager | Progress | frame=2730 | agents=27
2026-03-06 10:43:35,001 | INFO | evac_sim.simulation.simulation_manager | Progress | frame=2740 | agents=27
2026-03-06 10:43:35,022 | INFO | evac_sim.simulation.simulation_manager | Progress | frame=2750 | agents=27
2026-03-06 10:43:35,056 | INFO | evac_sim.simulation.simulation_manager | Progress | frame=2760 | agents=27
2026-03-06 10:43:35,077 | INFO | evac_sim.simulation.simulation_manager | Progress | frame=2770 | agents=27
2026-03-06 10:43:35,097 | INFO | evac_sim.simulation.simulation_manager | Progress | frame=2780 | agents=26
2026-03-06 10:43:35,118 | INFO | evac_sim.simulation.simulation_manager | Progress | frame=2790 | agents=26
2026-03-06 10:43:35,138 | INFO | evac_sim.simulation.simulation_manager | Progress | frame=2800 | agents=26
2026-03-06 10:43:35,169 | INFO | evac_sim.simulation.simulation_manager | Progress | frame=2810 | agents=26
2026-03-06 10:43:35,188 | INFO | evac_sim.simulation.simulation_manager | Progress | frame=2820 | agents=26
2026-03-06 10:43:35,207 | INFO | evac_sim.simulation.simulation_manager | Progress | frame=2830 | agents=26
2026-03-06 10:43:35,227 | INFO | evac_sim.simulation.simulation_manager | Progress | frame=2840 | agents=26
2026-03-06 10:43:35,247 | INFO | evac_sim.simulation.simulation_manager | Progress | frame=2850 | agents=26
2026-03-06 10:43:35,278 | INFO | evac_sim.simulation.simulation_manager | Progress | frame=2860 | agents=25
2026-03-06 10:43:35,297 | INFO | evac_sim.simulation.simulation_manager | Progress | frame=2870 | agents=25
2026-03-06 10:43:35,317 | INFO | evac_sim.simulation.simulation_manager | Progress | frame=2880 | agents=25
2026-03-06 10:43:35,337 | INFO | evac_sim.simulation.simulation_manager | Progress | frame=2890 | agents=25
2026-03-06 10:43:35,356 | INFO | evac_sim.simulation.simulation_manager | Progress | frame=2900 | agents=25
2026-03-06 10:43:35,387 | INFO | evac_sim.simulation.simulation_manager | Progress | frame=2910 | agents=25
2026-03-06 10:43:35,406 | INFO | evac_sim.simulation.simulation_manager | Progress | frame=2920 | agents=24
2026-03-06 10:43:35,425 | INFO | evac_sim.simulation.simulation_manager | Progress | frame=2930 | agents=24
2026-03-06 10:43:35,445 | INFO | evac_sim.simulation.simulation_manager | Progress | frame=2940 | agents=24
2026-03-06 10:43:35,465 | INFO | evac_sim.simulation.simulation_manager | Progress | frame=2950 | agents=24
2026-03-06 10:43:35,496 | INFO | evac_sim.simulation.simulation_manager | Progress | frame=2960 | agents=24
2026-03-06 10:43:35,515 | INFO | evac_sim.simulation.simulation_manager | Progress | frame=2970 | agents=23
2026-03-06 10:43:35,534 | INFO | evac_sim.simulation.simulation_manager | Progress | frame=2980 | agents=23
2026-03-06 10:43:35,555 | INFO | evac_sim.simulation.simulation_manager | Progress | frame=2990 | agents=23
2026-03-06 10:43:35,574 | INFO | evac_sim.simulation.simulation_manager | Progress | frame=3000 | agents=23
2026-03-06 10:43:35,604 | INFO | evac_sim.simulation.simulation_manager | Progress | frame=3010 | agents=23
2026-03-06 10:43:35,623 | INFO | evac_sim.simulation.simulation_manager | Progress | frame=3020 | agents=23
2026-03-06 10:43:35,643 | INFO | evac_sim.simulation.simulation_manager | Progress | frame=3030 | agents=22
2026-03-06 10:43:35,662 | INFO | evac_sim.simulation.simulation_manager | Progress | frame=3040 | agents=22
2026-03-06 10:43:35,681 | INFO | evac_sim.simulation.simulation_manager | Progress | frame=3050 | agents=22
2026-03-06 10:43:35,712 | INFO | evac_sim.simulation.simulation_manager | Progress | frame=3060 | agents=22
2026-03-06 10:43:35,731 | INFO | evac_sim.simulation.simulation_manager | Progress | frame=3070 | agents=22
2026-03-06 10:43:35,752 | INFO | evac_sim.simulation.simulation_manager | Progress | frame=3080 | agents=21
2026-03-06 10:43:35,772 | INFO | evac_sim.simulation.simulation_manager | Progress | frame=3090 | agents=21
2026-03-06 10:43:35,791 | INFO | evac_sim.simulation.simulation_manager | Progress | frame=3100 | agents=21
2026-03-06 10:43:35,822 | INFO | evac_sim.simulation.simulation_manager | Progress | frame=3110 | agents=21
2026-03-06 10:43:35,843 | INFO | evac_sim.simulation.simulation_manager | Progress | frame=3120 | agents=21
2026-03-06 10:43:35,864 | INFO | evac_sim.simulation.simulation_manager | Progress | frame=3130 | agents=21
2026-03-06 10:43:35,886 | INFO | evac_sim.simulation.simulation_manager | Progress | frame=3140 | agents=21
2026-03-06 10:43:35,905 | INFO | evac_sim.simulation.simulation_manager | Progress | frame=3150 | agents=21
2026-03-06 10:43:35,936 | INFO | evac_sim.simulation.simulation_manager | Progress | frame=3160 | agents=20
2026-03-06 10:43:35,955 | INFO | evac_sim.simulation.simulation_manager | Progress | frame=3170 | agents=20
2026-03-06 10:43:35,973 | INFO | evac_sim.simulation.simulation_manager | Progress | frame=3180 | agents=20
2026-03-06 10:43:35,992 | INFO | evac_sim.simulation.simulation_manager | Progress | frame=3190 | agents=20
2026-03-06 10:43:36,011 | INFO | evac_sim.simulation.simulation_manager | Progress | frame=3200 | agents=20
2026-03-06 10:43:36,038 | INFO | evac_sim.simulation.simulation_manager | Progress | frame=3210 | agents=20
2026-03-06 10:43:36,057 | INFO | evac_sim.simulation.simulation_manager | Progress | frame=3220 | agents=20
2026-03-06 10:43:36,075 | INFO | evac_sim.simulation.simulation_manager | Progress | frame=3230 | agents=20
2026-03-06 10:43:36,094 | INFO | evac_sim.simulation.simulation_manager | Progress | frame=3240 | agents=20
2026-03-06 10:43:36,114 | INFO | evac_sim.simulation.simulation_manager | Progress | frame=3250 | agents=20
2026-03-06 10:43:36,141 | INFO | evac_sim.simulation.simulation_manager | Progress | frame=3260 | agents=20
2026-03-06 10:43:36,160 | INFO | evac_sim.simulation.simulation_manager | Progress | frame=3270 | agents=20
2026-03-06 10:43:36,178 | INFO | evac_sim.simulation.simulation_manager | Progress | frame=3280 | agents=20
2026-03-06 10:43:36,197 | INFO | evac_sim.simulation.simulation_manager | Progress | frame=3290 | agents=20
2026-03-06 10:43:36,216 | INFO | evac_sim.simulation.simulation_manager | Progress | frame=3300 | agents=20
2026-03-06 10:43:36,243 | INFO | evac_sim.simulation.simulation_manager | Progress | frame=3310 | agents=20
2026-03-06 10:43:36,262 | INFO | evac_sim.simulation.simulation_manager | Progress | frame=3320 | agents=20
2026-03-06 10:43:36,281 | INFO | evac_sim.simulation.simulation_manager | Progress | frame=3330 | agents=20
2026-03-06 10:43:36,301 | INFO | evac_sim.simulation.simulation_manager | Progress | frame=3340 | agents=20
2026-03-06 10:43:36,320 | INFO | evac_sim.simulation.simulation_manager | Progress | frame=3350 | agents=20
2026-03-06 10:43:36,347 | INFO | evac_sim.simulation.simulation_manager | Progress | frame=3360 | agents=20
2026-03-06 10:43:36,367 | INFO | evac_sim.simulation.simulation_manager | Progress | frame=3370 | agents=20
2026-03-06 10:43:36,385 | INFO | evac_sim.simulation.simulation_manager | Progress | frame=3380 | agents=20
2026-03-06 10:43:36,404 | INFO | evac_sim.simulation.simulation_manager | Progress | frame=3390 | agents=20
2026-03-06 10:43:36,424 | INFO | evac_sim.simulation.simulation_manager | Progress | frame=3400 | agents=20
2026-03-06 10:43:36,452 | INFO | evac_sim.simulation.simulation_manager | Progress | frame=3410 | agents=20
2026-03-06 10:43:36,472 | INFO | evac_sim.simulation.simulation_manager | Progress | frame=3420 | agents=20
2026-03-06 10:43:36,491 | INFO | evac_sim.simulation.simulation_manager | Progress | frame=3430 | agents=20
2026-03-06 10:43:36,510 | INFO | evac_sim.simulation.simulation_manager | Progress | frame=3440 | agents=20
2026-03-06 10:43:36,528 | INFO | evac_sim.simulation.simulation_manager | Progress | frame=3450 | agents=20
2026-03-06 10:43:36,554 | INFO | evac_sim.simulation.simulation_manager | Progress | frame=3460 | agents=20
2026-03-06 10:43:36,574 | INFO | evac_sim.simulation.simulation_manager | Progress | frame=3470 | agents=20
2026-03-06 10:43:36,593 | INFO | evac_sim.simulation.simulation_manager | Progress | frame=3480 | agents=20
2026-03-06 10:43:36,612 | INFO | evac_sim.simulation.simulation_manager | Progress | frame=3490 | agents=20
2026-03-06 10:43:36,632 | INFO | evac_sim.simulation.simulation_manager | Progress | frame=3500 | agents=20
2026-03-06 10:43:36,660 | INFO | evac_sim.simulation.simulation_manager | Progress | frame=3510 | agents=20
2026-03-06 10:43:36,680 | INFO | evac_sim.simulation.simulation_manager | Progress | frame=3520 | agents=20
2026-03-06 10:43:36,709 | INFO | evac_sim.simulation.simulation_manager | Progress | frame=3530 | agents=20
2026-03-06 10:43:36,732 | INFO | evac_sim.simulation.simulation_manager | Progress | frame=3540 | agents=20
2026-03-06 10:43:36,752 | INFO | evac_sim.simulation.simulation_manager | Progress | frame=3550 | agents=20
2026-03-06 10:43:36,782 | INFO | evac_sim.simulation.simulation_manager | Progress | frame=3560 | agents=20
2026-03-06 10:43:36,803 | INFO | evac_sim.simulation.simulation_manager | Progress | frame=3570 | agents=20
2026-03-06 10:43:36,824 | INFO | evac_sim.simulation.simulation_manager | Progress | frame=3580 | agents=20
2026-03-06 10:43:36,846 | INFO | evac_sim.simulation.simulation_manager | Progress | frame=3590 | agents=20
2026-03-06 10:43:36,883 | INFO | evac_sim.simulation.simulation_manager | Progress | frame=3600 | agents=20
2026-03-06 10:43:36,921 | INFO | evac_sim.simulation.simulation_manager | Progress | frame=3610 | agents=20
2026-03-06 10:43:36,941 | INFO | evac_sim.simulation.simulation_manager | Progress | frame=3620 | agents=20
2026-03-06 10:43:36,960 | INFO | evac_sim.simulation.simulation_manager | Progress | frame=3630 | agents=20
2026-03-06 10:43:36,979 | INFO | evac_sim.simulation.simulation_manager | Progress | frame=3640 | agents=20
2026-03-06 10:43:36,998 | INFO | evac_sim.simulation.simulation_manager | Progress | frame=3650 | agents=20
2026-03-06 10:43:37,025 | INFO | evac_sim.simulation.simulation_manager | Progress | frame=3660 | agents=20
2026-03-06 10:43:37,044 | INFO | evac_sim.simulation.simulation_manager | Progress | frame=3670 | agents=20
2026-03-06 10:43:37,063 | INFO | evac_sim.simulation.simulation_manager | Progress | frame=3680 | agents=20
2026-03-06 10:43:37,082 | INFO | evac_sim.simulation.simulation_manager | Progress | frame=3690 | agents=20
2026-03-06 10:43:37,101 | INFO | evac_sim.simulation.simulation_manager | Progress | frame=3700 | agents=20
2026-03-06 10:43:37,131 | INFO | evac_sim.simulation.simulation_manager | Progress | frame=3710 | agents=20
2026-03-06 10:43:37,151 | INFO | evac_sim.simulation.simulation_manager | Progress | frame=3720 | agents=20
2026-03-06 10:43:37,172 | INFO | evac_sim.simulation.simulation_manager | Progress | frame=3730 | agents=20
2026-03-06 10:43:37,193 | INFO | evac_sim.simulation.simulation_manager | Progress | frame=3740 | agents=20
2026-03-06 10:43:37,216 | INFO | evac_sim.simulation.simulation_manager | Progress | frame=3750 | agents=20
2026-03-06 10:43:37,249 | INFO | evac_sim.simulation.simulation_manager | Progress | frame=3760 | agents=20
2026-03-06 10:43:37,271 | INFO | evac_sim.simulation.simulation_manager | Progress | frame=3770 | agents=20
2026-03-06 10:43:37,292 | INFO | evac_sim.simulation.simulation_manager | Progress | frame=3780 | agents=20
2026-03-06 10:43:37,315 | INFO | evac_sim.simulation.simulation_manager | Progress | frame=3790 | agents=20
2026-03-06 10:43:37,337 | INFO | evac_sim.simulation.simulation_manager | Progress | frame=3800 | agents=20
2026-03-06 10:43:37,370 | INFO | evac_sim.simulation.simulation_manager | Progress | frame=3810 | agents=20
2026-03-06 10:43:37,392 | INFO | evac_sim.simulation.simulation_manager | Progress | frame=3820 | agents=20
2026-03-06 10:43:37,415 | INFO | evac_sim.simulation.simulation_manager | Progress | frame=3830 | agents=20
2026-03-06 10:43:37,439 | INFO | evac_sim.simulation.simulation_manager | Progress | frame=3840 | agents=20
2026-03-06 10:43:37,461 | INFO | evac_sim.simulation.simulation_manager | Progress | frame=3850 | agents=20
2026-03-06 10:43:37,495 | INFO | evac_sim.simulation.simulation_manager | Progress | frame=3860 | agents=20
2026-03-06 10:43:37,516 | INFO | evac_sim.simulation.simulation_manager | Progress | frame=3870 | agents=20
2026-03-06 10:43:37,546 | INFO | evac_sim.simulation.simulation_manager | Progress | frame=3880 | agents=20
2026-03-06 10:43:37,568 | INFO | evac_sim.simulation.simulation_manager | Progress | frame=3890 | agents=20
2026-03-06 10:43:37,590 | INFO | evac_sim.simulation.simulation_manager | Progress | frame=3900 | agents=20
2026-03-06 10:43:37,624 | INFO | evac_sim.simulation.simulation_manager | Progress | frame=3910 | agents=20
2026-03-06 10:43:37,647 | INFO | evac_sim.simulation.simulation_manager | Progress | frame=3920 | agents=20
2026-03-06 10:43:37,672 | INFO | evac_sim.simulation.simulation_manager | Progress | frame=3930 | agents=20
2026-03-06 10:43:37,695 | INFO | evac_sim.simulation.simulation_manager | Progress | frame=3940 | agents=20
2026-03-06 10:43:37,720 | INFO | evac_sim.simulation.simulation_manager | Progress | frame=3950 | agents=20
2026-03-06 10:43:37,758 | INFO | evac_sim.simulation.simulation_manager | Progress | frame=3960 | agents=20
2026-03-06 10:43:37,780 | INFO | evac_sim.simulation.simulation_manager | Progress | frame=3970 | agents=20
2026-03-06 10:43:37,806 | INFO | evac_sim.simulation.simulation_manager | Progress | frame=3980 | agents=20
2026-03-06 10:43:37,830 | INFO | evac_sim.simulation.simulation_manager | Progress | frame=3990 | agents=20
2026-03-06 10:43:37,853 | INFO | evac_sim.simulation.simulation_manager | Progress | frame=4000 | agents=20
2026-03-06 10:43:37,886 | INFO | evac_sim.simulation.simulation_manager | Progress | frame=4010 | agents=20
2026-03-06 10:43:37,906 | INFO | evac_sim.simulation.simulation_manager | Progress | frame=4020 | agents=19
2026-03-06 10:43:37,924 | INFO | evac_sim.simulation.simulation_manager | Progress | frame=4030 | agents=19
2026-03-06 10:43:37,942 | INFO | evac_sim.simulation.simulation_manager | Progress | frame=4040 | agents=19
2026-03-06 10:43:37,962 | INFO | evac_sim.simulation.simulation_manager | Progress | frame=4050 | agents=19
2026-03-06 10:43:37,990 | INFO | evac_sim.simulation.simulation_manager | Progress | frame=4060 | agents=19
2026-03-06 10:43:38,009 | INFO | evac_sim.simulation.simulation_manager | Progress | frame=4070 | agents=18
2026-03-06 10:43:38,029 | INFO | evac_sim.simulation.simulation_manager | Progress | frame=4080 | agents=18
2026-03-06 10:43:38,048 | INFO | evac_sim.simulation.simulation_manager | Progress | frame=4090 | agents=18
2026-03-06 10:43:38,067 | INFO | evac_sim.simulation.simulation_manager | Progress | frame=4100 | agents=18
2026-03-06 10:43:38,095 | INFO | evac_sim.simulation.simulation_manager | Progress | frame=4110 | agents=17
2026-03-06 10:43:38,114 | INFO | evac_sim.simulation.simulation_manager | Progress | frame=4120 | agents=17
2026-03-06 10:43:38,133 | INFO | evac_sim.simulation.simulation_manager | Progress | frame=4130 | agents=17
2026-03-06 10:43:38,153 | INFO | evac_sim.simulation.simulation_manager | Progress | frame=4140 | agents=17
2026-03-06 10:43:38,172 | INFO | evac_sim.simulation.simulation_manager | Progress | frame=4150 | agents=17
2026-03-06 10:43:38,200 | INFO | evac_sim.simulation.simulation_manager | Progress | frame=4160 | agents=16
2026-03-06 10:43:38,219 | INFO | evac_sim.simulation.simulation_manager | Progress | frame=4170 | agents=16
2026-03-06 10:43:38,239 | INFO | evac_sim.simulation.simulation_manager | Progress | frame=4180 | agents=16
2026-03-06 10:43:38,257 | INFO | evac_sim.simulation.simulation_manager | Progress | frame=4190 | agents=16
2026-03-06 10:43:38,276 | INFO | evac_sim.simulation.simulation_manager | Progress | frame=4200 | agents=16
2026-03-06 10:43:38,302 | INFO | evac_sim.simulation.simulation_manager | Progress | frame=4210 | agents=15
2026-03-06 10:43:38,322 | INFO | evac_sim.simulation.simulation_manager | Progress | frame=4220 | agents=15
2026-03-06 10:43:38,341 | INFO | evac_sim.simulation.simulation_manager | Progress | frame=4230 | agents=15
2026-03-06 10:43:38,359 | INFO | evac_sim.simulation.simulation_manager | Progress | frame=4240 | agents=15
2026-03-06 10:43:38,378 | INFO | evac_sim.simulation.simulation_manager | Progress | frame=4250 | agents=14
2026-03-06 10:43:38,405 | INFO | evac_sim.simulation.simulation_manager | Progress | frame=4260 | agents=14
2026-03-06 10:43:38,423 | INFO | evac_sim.simulation.simulation_manager | Progress | frame=4270 | agents=14
2026-03-06 10:43:38,441 | INFO | evac_sim.simulation.simulation_manager | Progress | frame=4280 | agents=14
2026-03-06 10:43:38,459 | INFO | evac_sim.simulation.simulation_manager | Progress | frame=4290 | agents=14
2026-03-06 10:43:38,478 | INFO | evac_sim.simulation.simulation_manager | Progress | frame=4300 | agents=13
2026-03-06 10:43:38,506 | INFO | evac_sim.simulation.simulation_manager | Progress | frame=4310 | agents=13
2026-03-06 10:43:38,524 | INFO | evac_sim.simulation.simulation_manager | Progress | frame=4320 | agents=13
2026-03-06 10:43:38,544 | INFO | evac_sim.simulation.simulation_manager | Progress | frame=4330 | agents=13
2026-03-06 10:43:38,561 | INFO | evac_sim.simulation.simulation_manager | Progress | frame=4340 | agents=12
2026-03-06 10:43:38,581 | INFO | evac_sim.simulation.simulation_manager | Progress | frame=4350 | agents=12
2026-03-06 10:43:38,607 | INFO | evac_sim.simulation.simulation_manager | Progress | frame=4360 | agents=12
2026-03-06 10:43:38,626 | INFO | evac_sim.simulation.simulation_manager | Progress | frame=4370 | agents=12
2026-03-06 10:43:38,644 | INFO | evac_sim.simulation.simulation_manager | Progress | frame=4380 | agents=12
2026-03-06 10:43:38,662 | INFO | evac_sim.simulation.simulation_manager | Progress | frame=4390 | agents=11
2026-03-06 10:43:38,680 | INFO | evac_sim.simulation.simulation_manager | Progress | frame=4400 | agents=11
2026-03-06 10:43:38,707 | INFO | evac_sim.simulation.simulation_manager | Progress | frame=4410 | agents=11
2026-03-06 10:43:38,725 | INFO | evac_sim.simulation.simulation_manager | Progress | frame=4420 | agents=11
2026-03-06 10:43:38,743 | INFO | evac_sim.simulation.simulation_manager | Progress | frame=4430 | agents=10
2026-03-06 10:43:38,761 | INFO | evac_sim.simulation.simulation_manager | Progress | frame=4440 | agents=10
2026-03-06 10:43:38,779 | INFO | evac_sim.simulation.simulation_manager | Progress | frame=4450 | agents=10
2026-03-06 10:43:38,805 | INFO | evac_sim.simulation.simulation_manager | Progress | frame=4460 | agents=10
2026-03-06 10:43:38,824 | INFO | evac_sim.simulation.simulation_manager | Progress | frame=4470 | agents=10
2026-03-06 10:43:38,842 | INFO | evac_sim.simulation.simulation_manager | Progress | frame=4480 | agents=9
2026-03-06 10:43:38,861 | INFO | evac_sim.simulation.simulation_manager | Progress | frame=4490 | agents=9
2026-03-06 10:43:38,879 | INFO | evac_sim.simulation.simulation_manager | Progress | frame=4500 | agents=9
2026-03-06 10:43:38,905 | INFO | evac_sim.simulation.simulation_manager | Progress | frame=4510 | agents=9
2026-03-06 10:43:38,923 | INFO | evac_sim.simulation.simulation_manager | Progress | frame=4520 | agents=8
2026-03-06 10:43:38,941 | INFO | evac_sim.simulation.simulation_manager | Progress | frame=4530 | agents=8
2026-03-06 10:43:38,961 | INFO | evac_sim.simulation.simulation_manager | Progress | frame=4540 | agents=8
2026-03-06 10:43:38,978 | INFO | evac_sim.simulation.simulation_manager | Progress | frame=4550 | agents=8
2026-03-06 10:43:39,005 | INFO | evac_sim.simulation.simulation_manager | Progress | frame=4560 | agents=8
2026-03-06 10:43:39,023 | INFO | evac_sim.simulation.simulation_manager | Progress | frame=4570 | agents=7
2026-03-06 10:43:39,041 | INFO | evac_sim.simulation.simulation_manager | Progress | frame=4580 | agents=7
2026-03-06 10:43:39,059 | INFO | evac_sim.simulation.simulation_manager | Progress | frame=4590 | agents=7
2026-03-06 10:43:39,077 | INFO | evac_sim.simulation.simulation_manager | Progress | frame=4600 | agents=7
2026-03-06 10:43:39,103 | INFO | evac_sim.simulation.simulation_manager | Progress | frame=4610 | agents=7
2026-03-06 10:43:39,122 | INFO | evac_sim.simulation.simulation_manager | Progress | frame=4620 | agents=6
2026-03-06 10:43:39,140 | INFO | evac_sim.simulation.simulation_manager | Progress | frame=4630 | agents=6
2026-03-06 10:43:39,157 | INFO | evac_sim.simulation.simulation_manager | Progress | frame=4640 | agents=6
2026-03-06 10:43:39,174 | INFO | evac_sim.simulation.simulation_manager | Progress | frame=4650 | agents=6
2026-03-06 10:43:39,201 | INFO | evac_sim.simulation.simulation_manager | Progress | frame=4660 | agents=5
2026-03-06 10:43:39,219 | INFO | evac_sim.simulation.simulation_manager | Progress | frame=4670 | agents=5
2026-03-06 10:43:39,237 | INFO | evac_sim.simulation.simulation_manager | Progress | frame=4680 | agents=5
2026-03-06 10:43:39,255 | INFO | evac_sim.simulation.simulation_manager | Progress | frame=4690 | agents=5
2026-03-06 10:43:39,274 | INFO | evac_sim.simulation.simulation_manager | Progress | frame=4700 | agents=5
2026-03-06 10:43:39,300 | INFO | evac_sim.simulation.simulation_manager | Progress | frame=4710 | agents=4
2026-03-06 10:43:39,318 | INFO | evac_sim.simulation.simulation_manager | Progress | frame=4720 | agents=4
2026-03-06 10:43:39,337 | INFO | evac_sim.simulation.simulation_manager | Progress | frame=4730 | agents=4
2026-03-06 10:43:39,353 | INFO | evac_sim.simulation.simulation_manager | Progress | frame=4740 | agents=4
2026-03-06 10:43:39,372 | INFO | evac_sim.simulation.simulation_manager | Progress | frame=4750 | agents=3
2026-03-06 10:43:39,396 | INFO | evac_sim.simulation.simulation_manager | Progress | frame=4760 | agents=3
2026-03-06 10:43:39,413 | INFO | evac_sim.simulation.simulation_manager | Progress | frame=4770 | agents=3
2026-03-06 10:43:39,431 | INFO | evac_sim.simulation.simulation_manager | Progress | frame=4780 | agents=3
2026-03-06 10:43:39,448 | INFO | evac_sim.simulation.simulation_manager | Progress | frame=4790 | agents=3
2026-03-06 10:43:39,466 | INFO | evac_sim.simulation.simulation_manager | Progress | frame=4800 | agents=2
2026-03-06 10:43:39,487 | INFO | evac_sim.simulation.simulation_manager | Progress | frame=4810 | agents=2
2026-03-06 10:43:39,505 | INFO | evac_sim.simulation.simulation_manager | Progress | frame=4820 | agents=2
2026-03-06 10:43:39,524 | INFO | evac_sim.simulation.simulation_manager | Progress | frame=4830 | agents=2
2026-03-06 10:43:39,543 | INFO | evac_sim.simulation.simulation_manager | Progress | frame=4840 | agents=1
2026-03-06 10:43:39,560 | INFO | evac_sim.simulation.simulation_manager | Progress | frame=4850 | agents=1
2026-03-06 10:43:39,581 | INFO | evac_sim.simulation.simulation_manager | Progress | frame=4860 | agents=1
2026-03-06 10:43:39,598 | INFO | evac_sim.simulation.simulation_manager | Progress | frame=4870 | agents=1
2026-03-06 10:43:39,617 | INFO | evac_sim.simulation.simulation_manager | Progress | frame=4880 | agents=1
2026-03-06 10:43:39,622 | INFO | evac_sim.simulation.simulation_manager | Simulation end | last_frame=4882
2026-03-06 10:43:39,659 | INFO | evac_sim.runner | Metrics preview | mode=1 group=82 agents=5 min=124.620 avg=137.184 median=135.570 p90=145.908 max=146.460
2026-03-06 10:43:39,670 | INFO | evac_sim.runner | Metrics preview | mode=1 group=83 agents=5 min=120.390 avg=128.964 median=127.380 p90=138.564 max=142.380
2026-03-06 10:43:39,679 | INFO | evac_sim.runner | Metrics preview | mode=1 group=73 agents=6 min=74.160 avg=79.000 median=79.155 p90=82.455 max=83.280
2026-03-06 10:43:39,689 | INFO | evac_sim.runner | Metrics preview | mode=1 group=77 agents=6 min=85.650 avg=89.910 median=89.805 p90=93.435 max=94.620
2026-03-06 10:43:39,702 | INFO | evac_sim.runner | Metrics preview | mode=1 group=92 agents=10 min=123.240 avg=133.914 median=134.190 p90=141.273 max=143.730
2026-03-06 10:43:39,704 | INFO | evac_sim.runner | Finished mode=1
2026-03-06 10:43:39,704 | INFO | evac_sim.runner | Mode start | mode=2 env=Cruise_Ship case=unknown
2026-03-06 10:43:39,765 | INFO | evac_sim.simulation.simulation_manager | Simulation start | agents=32
2026-03-06 10:43:39,804 | INFO | evac_sim.simulation.simulation_manager | Progress | frame=10 | agents=32
2026-03-06 10:43:39,825 | INFO | evac_sim.simulation.simulation_manager | Progress | frame=20 | agents=32
2026-03-06 10:43:39,845 | INFO | evac_sim.simulation.simulation_manager | Progress | frame=30 | agents=32
2026-03-06 10:43:39,867 | INFO | evac_sim.simulation.simulation_manager | Progress | frame=40 | agents=32
2026-03-06 10:43:39,888 | INFO | evac_sim.simulation.simulation_manager | Progress | frame=50 | agents=32
2026-03-06 10:43:39,924 | INFO | evac_sim.simulation.simulation_manager | Progress | frame=60 | agents=32
2026-03-06 10:43:39,949 | INFO | evac_sim.simulation.simulation_manager | Progress | frame=70 | agents=32
2026-03-06 10:43:39,971 | INFO | evac_sim.simulation.simulation_manager | Progress | frame=80 | agents=32
2026-03-06 10:43:39,992 | INFO | evac_sim.simulation.simulation_manager | Progress | frame=90 | agents=32
2026-03-06 10:43:40,016 | INFO | evac_sim.simulation.simulation_manager | Progress | frame=100 | agents=32
2026-03-06 10:43:40,053 | INFO | evac_sim.simulation.simulation_manager | Progress | frame=110 | agents=32
2026-03-06 10:43:40,074 | INFO | evac_sim.simulation.simulation_manager | Progress | frame=120 | agents=32
2026-03-06 10:43:40,096 | INFO | evac_sim.simulation.simulation_manager | Progress | frame=130 | agents=32
2026-03-06 10:43:40,118 | INFO | evac_sim.simulation.simulation_manager | Progress | frame=140 | agents=32
2026-03-06 10:43:40,142 | INFO | evac_sim.simulation.simulation_manager | Progress | frame=150 | agents=32
2026-03-06 10:43:40,181 | INFO | evac_sim.simulation.simulation_manager | Progress | frame=160 | agents=32
2026-03-06 10:43:40,203 | INFO | evac_sim.simulation.simulation_manager | Progress | frame=170 | agents=32
2026-03-06 10:43:40,225 | INFO | evac_sim.simulation.simulation_manager | Progress | frame=180 | agents=32
2026-03-06 10:43:40,248 | INFO | evac_sim.simulation.simulation_manager | Progress | frame=190 | agents=32
2026-03-06 10:43:40,271 | INFO | evac_sim.simulation.simulation_manager | Progress | frame=200 | agents=32
2026-03-06 10:43:40,308 | INFO | evac_sim.simulation.simulation_manager | Progress | frame=210 | agents=32
2026-03-06 10:43:40,331 | INFO | evac_sim.simulation.simulation_manager | Progress | frame=220 | agents=32
2026-03-06 10:43:40,353 | INFO | evac_sim.simulation.simulation_manager | Progress | frame=230 | agents=32
2026-03-06 10:43:40,387 | INFO | evac_sim.simulation.simulation_manager | Progress | frame=240 | agents=32
2026-03-06 10:43:40,431 | INFO | evac_sim.simulation.simulation_manager | Progress | frame=250 | agents=32
2026-03-06 10:43:40,494 | INFO | evac_sim.simulation.simulation_manager | Progress | frame=260 | agents=32
2026-03-06 10:43:40,516 | INFO | evac_sim.simulation.simulation_manager | Progress | frame=270 | agents=32
2026-03-06 10:43:40,539 | INFO | evac_sim.simulation.simulation_manager | Progress | frame=280 | agents=32
2026-03-06 10:43:40,561 | INFO | evac_sim.simulation.simulation_manager | Progress | frame=290 | agents=32
2026-03-06 10:43:40,582 | INFO | evac_sim.simulation.simulation_manager | Progress | frame=300 | agents=32
2026-03-06 10:43:40,617 | INFO | evac_sim.simulation.simulation_manager | Progress | frame=310 | agents=32
2026-03-06 10:43:40,639 | INFO | evac_sim.simulation.simulation_manager | Progress | frame=320 | agents=32
2026-03-06 10:43:40,660 | INFO | evac_sim.simulation.simulation_manager | Progress | frame=330 | agents=32
2026-03-06 10:43:40,682 | INFO | evac_sim.simulation.simulation_manager | Progress | frame=340 | agents=32
2026-03-06 10:43:40,704 | INFO | evac_sim.simulation.simulation_manager | Progress | frame=350 | agents=32
2026-03-06 10:43:40,740 | INFO | evac_sim.simulation.simulation_manager | Progress | frame=360 | agents=32
2026-03-06 10:43:40,762 | INFO | evac_sim.simulation.simulation_manager | Progress | frame=370 | agents=32
2026-03-06 10:43:40,783 | INFO | evac_sim.simulation.simulation_manager | Progress | frame=380 | agents=32
2026-03-06 10:43:40,805 | INFO | evac_sim.simulation.simulation_manager | Progress | frame=390 | agents=32
2026-03-06 10:43:40,827 | INFO | evac_sim.simulation.simulation_manager | Progress | frame=400 | agents=32
2026-03-06 10:43:40,876 | INFO | evac_sim.simulation.simulation_manager | Progress | frame=410 | agents=32
2026-03-06 10:43:40,934 | INFO | evac_sim.simulation.simulation_manager | Progress | frame=420 | agents=32
2026-03-06 10:43:41,018 | INFO | evac_sim.simulation.simulation_manager | Progress | frame=430 | agents=32
2026-03-06 10:43:41,055 | INFO | evac_sim.simulation.simulation_manager | Progress | frame=440 | agents=32
2026-03-06 10:43:41,218 | INFO | evac_sim.simulation.simulation_manager | Progress | frame=450 | agents=32
2026-03-06 10:43:41,360 | INFO | evac_sim.simulation.simulation_manager | Progress | frame=460 | agents=32
2026-03-06 10:43:41,488 | INFO | evac_sim.simulation.simulation_manager | Progress | frame=470 | agents=32
2026-03-06 10:43:41,515 | INFO | evac_sim.simulation.simulation_manager | Progress | frame=480 | agents=32
2026-03-06 10:43:41,540 | INFO | evac_sim.simulation.simulation_manager | Progress | frame=490 | agents=32
2026-03-06 10:43:41,564 | INFO | evac_sim.simulation.simulation_manager | Progress | frame=500 | agents=32
2026-03-06 10:43:41,604 | INFO | evac_sim.simulation.simulation_manager | Progress | frame=510 | agents=32
2026-03-06 10:43:41,629 | INFO | evac_sim.simulation.simulation_manager | Progress | frame=520 | agents=32
2026-03-06 10:43:41,654 | INFO | evac_sim.simulation.simulation_manager | Progress | frame=530 | agents=32
2026-03-06 10:43:41,680 | INFO | evac_sim.simulation.simulation_manager | Progress | frame=540 | agents=32
2026-03-06 10:43:41,707 | INFO | evac_sim.simulation.simulation_manager | Progress | frame=550 | agents=32
2026-03-06 10:43:41,716 | INFO | evac_sim.simulation.simulation_manager | Reroute applied | frame=550 | group=73 | agents=6 | curr=23 next=7 | old_len=44 new_len=50
2026-03-06 10:43:41,751 | INFO | evac_sim.simulation.simulation_manager | Progress | frame=560 | agents=32
2026-03-06 10:43:41,776 | INFO | evac_sim.simulation.simulation_manager | Progress | frame=570 | agents=32
2026-03-06 10:43:41,805 | INFO | evac_sim.simulation.simulation_manager | Progress | frame=580 | agents=32
2026-03-06 10:43:41,827 | INFO | evac_sim.simulation.simulation_manager | Progress | frame=590 | agents=32
2026-03-06 10:43:41,847 | INFO | evac_sim.simulation.simulation_manager | Progress | frame=600 | agents=32
2026-03-06 10:43:41,882 | INFO | evac_sim.simulation.simulation_manager | Progress | frame=610 | agents=32
2026-03-06 10:43:41,903 | INFO | evac_sim.simulation.simulation_manager | Progress | frame=620 | agents=32
2026-03-06 10:43:41,924 | INFO | evac_sim.simulation.simulation_manager | Progress | frame=630 | agents=32
2026-03-06 10:43:41,945 | INFO | evac_sim.simulation.simulation_manager | Progress | frame=640 | agents=32
2026-03-06 10:43:41,967 | INFO | evac_sim.simulation.simulation_manager | Progress | frame=650 | agents=32
2026-03-06 10:43:42,012 | INFO | evac_sim.simulation.simulation_manager | Progress | frame=660 | agents=32
2026-03-06 10:43:42,078 | INFO | evac_sim.simulation.simulation_manager | Progress | frame=670 | agents=32
2026-03-06 10:43:42,156 | INFO | evac_sim.simulation.simulation_manager | Progress | frame=680 | agents=32
2026-03-06 10:43:42,207 | INFO | evac_sim.simulation.simulation_manager | Progress | frame=690 | agents=32
2026-03-06 10:43:42,378 | INFO | evac_sim.simulation.simulation_manager | Progress | frame=700 | agents=32
2026-03-06 10:43:42,539 | INFO | evac_sim.simulation.simulation_manager | Progress | frame=710 | agents=32
2026-03-06 10:43:42,585 | INFO | evac_sim.simulation.simulation_manager | Progress | frame=720 | agents=32
2026-03-06 10:43:42,621 | INFO | evac_sim.simulation.simulation_manager | Progress | frame=730 | agents=32
2026-03-06 10:43:42,655 | INFO | evac_sim.simulation.simulation_manager | Progress | frame=740 | agents=32
2026-03-06 10:43:42,687 | INFO | evac_sim.simulation.simulation_manager | Progress | frame=750 | agents=32
2026-03-06 10:43:42,750 | INFO | evac_sim.simulation.simulation_manager | Progress | frame=760 | agents=32
2026-03-06 10:43:42,790 | INFO | evac_sim.simulation.simulation_manager | Progress | frame=770 | agents=32
2026-03-06 10:43:42,825 | INFO | evac_sim.simulation.simulation_manager | Progress | frame=780 | agents=32
2026-03-06 10:43:42,864 | INFO | evac_sim.simulation.simulation_manager | Progress | frame=790 | agents=32
2026-03-06 10:43:42,892 | INFO | evac_sim.simulation.simulation_manager | Progress | frame=800 | agents=32
2026-03-06 10:43:42,948 | INFO | evac_sim.simulation.simulation_manager | Progress | frame=810 | agents=32
2026-03-06 10:43:42,986 | INFO | evac_sim.simulation.simulation_manager | Progress | frame=820 | agents=32
2026-03-06 10:43:43,019 | INFO | evac_sim.simulation.simulation_manager | Progress | frame=830 | agents=32
2026-03-06 10:43:43,054 | INFO | evac_sim.simulation.simulation_manager | Progress | frame=840 | agents=32
2026-03-06 10:43:43,088 | INFO | evac_sim.simulation.simulation_manager | Progress | frame=850 | agents=32
2026-03-06 10:43:43,108 | INFO | evac_sim.simulation.simulation_manager | Reroute applied | frame=850 | group=92 | agents=10 | curr=23 next=7 | old_len=46 new_len=52
2026-03-06 10:43:43,139 | INFO | evac_sim.simulation.simulation_manager | Progress | frame=860 | agents=32
2026-03-06 10:43:43,164 | INFO | evac_sim.simulation.simulation_manager | Progress | frame=870 | agents=32
2026-03-06 10:43:43,196 | INFO | evac_sim.simulation.simulation_manager | Progress | frame=880 | agents=32
2026-03-06 10:43:43,236 | INFO | evac_sim.simulation.simulation_manager | Progress | frame=890 | agents=32
2026-03-06 10:43:43,273 | INFO | evac_sim.simulation.simulation_manager | Progress | frame=900 | agents=32
2026-03-06 10:43:43,330 | INFO | evac_sim.simulation.simulation_manager | Progress | frame=910 | agents=32
2026-03-06 10:43:43,367 | INFO | evac_sim.simulation.simulation_manager | Progress | frame=920 | agents=32
2026-03-06 10:43:43,395 | INFO | evac_sim.simulation.simulation_manager | Progress | frame=930 | agents=32
2026-03-06 10:43:43,430 | INFO | evac_sim.simulation.simulation_manager | Progress | frame=940 | agents=32
2026-03-06 10:43:43,453 | INFO | evac_sim.simulation.simulation_manager | Progress | frame=950 | agents=32
2026-03-06 10:43:43,488 | INFO | evac_sim.simulation.simulation_manager | Progress | frame=960 | agents=32
2026-03-06 10:43:43,509 | INFO | evac_sim.simulation.simulation_manager | Progress | frame=970 | agents=32
2026-03-06 10:43:43,530 | INFO | evac_sim.simulation.simulation_manager | Progress | frame=980 | agents=32
2026-03-06 10:43:43,551 | INFO | evac_sim.simulation.simulation_manager | Progress | frame=990 | agents=32
2026-03-06 10:43:43,572 | INFO | evac_sim.simulation.simulation_manager | Progress | frame=1000 | agents=32
2026-03-06 10:43:43,607 | INFO | evac_sim.simulation.simulation_manager | Progress | frame=1010 | agents=32
2026-03-06 10:43:43,628 | INFO | evac_sim.simulation.simulation_manager | Progress | frame=1020 | agents=32
2026-03-06 10:43:43,648 | INFO | evac_sim.simulation.simulation_manager | Progress | frame=1030 | agents=32
2026-03-06 10:43:43,670 | INFO | evac_sim.simulation.simulation_manager | Progress | frame=1040 | agents=32
2026-03-06 10:43:43,691 | INFO | evac_sim.simulation.simulation_manager | Progress | frame=1050 | agents=32
2026-03-06 10:43:43,739 | INFO | evac_sim.simulation.simulation_manager | Progress | frame=1060 | agents=32
2026-03-06 10:43:43,759 | INFO | evac_sim.simulation.simulation_manager | Progress | frame=1070 | agents=32
2026-03-06 10:43:43,780 | INFO | evac_sim.simulation.simulation_manager | Progress | frame=1080 | agents=32
2026-03-06 10:43:43,800 | INFO | evac_sim.simulation.simulation_manager | Progress | frame=1090 | agents=32
2026-03-06 10:43:43,821 | INFO | evac_sim.simulation.simulation_manager | Progress | frame=1100 | agents=32
2026-03-06 10:43:43,856 | INFO | evac_sim.simulation.simulation_manager | Progress | frame=1110 | agents=32
2026-03-06 10:43:43,876 | INFO | evac_sim.simulation.simulation_manager | Progress | frame=1120 | agents=32
2026-03-06 10:43:43,897 | INFO | evac_sim.simulation.simulation_manager | Progress | frame=1130 | agents=32
2026-03-06 10:43:43,919 | INFO | evac_sim.simulation.simulation_manager | Progress | frame=1140 | agents=32
2026-03-06 10:43:43,940 | INFO | evac_sim.simulation.simulation_manager | Progress | frame=1150 | agents=32
2026-03-06 10:43:43,974 | INFO | evac_sim.simulation.simulation_manager | Progress | frame=1160 | agents=32
2026-03-06 10:43:43,997 | INFO | evac_sim.simulation.simulation_manager | Progress | frame=1170 | agents=32
2026-03-06 10:43:44,017 | INFO | evac_sim.simulation.simulation_manager | Progress | frame=1180 | agents=32
2026-03-06 10:43:44,038 | INFO | evac_sim.simulation.simulation_manager | Progress | frame=1190 | agents=32
2026-03-06 10:43:44,058 | INFO | evac_sim.simulation.simulation_manager | Progress | frame=1200 | agents=32
2026-03-06 10:43:44,092 | INFO | evac_sim.simulation.simulation_manager | Progress | frame=1210 | agents=32
2026-03-06 10:43:44,113 | INFO | evac_sim.simulation.simulation_manager | Progress | frame=1220 | agents=32
2026-03-06 10:43:44,134 | INFO | evac_sim.simulation.simulation_manager | Progress | frame=1230 | agents=32
2026-03-06 10:43:44,155 | INFO | evac_sim.simulation.simulation_manager | Progress | frame=1240 | agents=32
2026-03-06 10:43:44,175 | INFO | evac_sim.simulation.simulation_manager | Progress | frame=1250 | agents=32
2026-03-06 10:43:44,181 | INFO | evac_sim.simulation.simulation_manager | Reroute applied | frame=1250 | group=83 | agents=5 | curr=23 next=7 | old_len=49 new_len=55
2026-03-06 10:43:44,213 | INFO | evac_sim.simulation.simulation_manager | Progress | frame=1260 | agents=32
2026-03-06 10:43:44,234 | INFO | evac_sim.simulation.simulation_manager | Progress | frame=1270 | agents=32
2026-03-06 10:43:44,255 | INFO | evac_sim.simulation.simulation_manager | Progress | frame=1280 | agents=32
2026-03-06 10:43:44,276 | INFO | evac_sim.simulation.simulation_manager | Progress | frame=1290 | agents=32
2026-03-06 10:43:44,297 | INFO | evac_sim.simulation.simulation_manager | Progress | frame=1300 | agents=32
2026-03-06 10:43:44,331 | INFO | evac_sim.simulation.simulation_manager | Progress | frame=1310 | agents=32
2026-03-06 10:43:44,352 | INFO | evac_sim.simulation.simulation_manager | Progress | frame=1320 | agents=32
2026-03-06 10:43:44,374 | INFO | evac_sim.simulation.simulation_manager | Progress | frame=1330 | agents=32
2026-03-06 10:43:44,396 | INFO | evac_sim.simulation.simulation_manager | Progress | frame=1340 | agents=32
2026-03-06 10:43:44,420 | INFO | evac_sim.simulation.simulation_manager | Progress | frame=1350 | agents=32
2026-03-06 10:43:44,455 | INFO | evac_sim.simulation.simulation_manager | Progress | frame=1360 | agents=32
2026-03-06 10:43:44,476 | INFO | evac_sim.simulation.simulation_manager | Progress | frame=1370 | agents=32
2026-03-06 10:43:44,497 | INFO | evac_sim.simulation.simulation_manager | Progress | frame=1380 | agents=32
2026-03-06 10:43:44,517 | INFO | evac_sim.simulation.simulation_manager | Progress | frame=1390 | agents=32
2026-03-06 10:43:44,539 | INFO | evac_sim.simulation.simulation_manager | Progress | frame=1400 | agents=32
2026-03-06 10:43:44,575 | INFO | evac_sim.simulation.simulation_manager | Progress | frame=1410 | agents=32
2026-03-06 10:43:44,596 | INFO | evac_sim.simulation.simulation_manager | Progress | frame=1420 | agents=32
2026-03-06 10:43:44,617 | INFO | evac_sim.simulation.simulation_manager | Progress | frame=1430 | agents=32
2026-03-06 10:43:44,639 | INFO | evac_sim.simulation.simulation_manager | Progress | frame=1440 | agents=32
2026-03-06 10:43:44,660 | INFO | evac_sim.simulation.simulation_manager | Progress | frame=1450 | agents=32
2026-03-06 10:43:44,695 | INFO | evac_sim.simulation.simulation_manager | Progress | frame=1460 | agents=32
2026-03-06 10:43:44,717 | INFO | evac_sim.simulation.simulation_manager | Progress | frame=1470 | agents=32
2026-03-06 10:43:44,738 | INFO | evac_sim.simulation.simulation_manager | Progress | frame=1480 | agents=32
2026-03-06 10:43:44,760 | INFO | evac_sim.simulation.simulation_manager | Progress | frame=1490 | agents=32
2026-03-06 10:43:44,781 | INFO | evac_sim.simulation.simulation_manager | Progress | frame=1500 | agents=32
2026-03-06 10:43:44,816 | INFO | evac_sim.simulation.simulation_manager | Progress | frame=1510 | agents=32
2026-03-06 10:43:44,836 | INFO | evac_sim.simulation.simulation_manager | Progress | frame=1520 | agents=32
2026-03-06 10:43:44,858 | INFO | evac_sim.simulation.simulation_manager | Progress | frame=1530 | agents=32
2026-03-06 10:43:44,879 | INFO | evac_sim.simulation.simulation_manager | Progress | frame=1540 | agents=32
2026-03-06 10:43:44,902 | INFO | evac_sim.simulation.simulation_manager | Progress | frame=1550 | agents=32
2026-03-06 10:43:44,937 | INFO | evac_sim.simulation.simulation_manager | Progress | frame=1560 | agents=32
2026-03-06 10:43:44,958 | INFO | evac_sim.simulation.simulation_manager | Progress | frame=1570 | agents=32
2026-03-06 10:43:44,980 | INFO | evac_sim.simulation.simulation_manager | Progress | frame=1580 | agents=32
2026-03-06 10:43:45,001 | INFO | evac_sim.simulation.simulation_manager | Progress | frame=1590 | agents=32
2026-03-06 10:43:45,023 | INFO | evac_sim.simulation.simulation_manager | Progress | frame=1600 | agents=32
2026-03-06 10:43:45,059 | INFO | evac_sim.simulation.simulation_manager | Progress | frame=1610 | agents=32
2026-03-06 10:43:45,080 | INFO | evac_sim.simulation.simulation_manager | Progress | frame=1620 | agents=32
2026-03-06 10:43:45,102 | INFO | evac_sim.simulation.simulation_manager | Progress | frame=1630 | agents=32
2026-03-06 10:43:45,123 | INFO | evac_sim.simulation.simulation_manager | Progress | frame=1640 | agents=32
2026-03-06 10:43:45,144 | INFO | evac_sim.simulation.simulation_manager | Progress | frame=1650 | agents=32
2026-03-06 10:43:45,179 | INFO | evac_sim.simulation.simulation_manager | Progress | frame=1660 | agents=32
2026-03-06 10:43:45,201 | INFO | evac_sim.simulation.simulation_manager | Progress | frame=1670 | agents=32
2026-03-06 10:43:45,222 | INFO | evac_sim.simulation.simulation_manager | Progress | frame=1680 | agents=32
2026-03-06 10:43:45,244 | INFO | evac_sim.simulation.simulation_manager | Progress | frame=1690 | agents=32
2026-03-06 10:43:45,265 | INFO | evac_sim.simulation.simulation_manager | Progress | frame=1700 | agents=32
2026-03-06 10:43:45,300 | INFO | evac_sim.simulation.simulation_manager | Progress | frame=1710 | agents=32
2026-03-06 10:43:45,321 | INFO | evac_sim.simulation.simulation_manager | Progress | frame=1720 | agents=32
2026-03-06 10:43:45,343 | INFO | evac_sim.simulation.simulation_manager | Progress | frame=1730 | agents=32
2026-03-06 10:43:45,365 | INFO | evac_sim.simulation.simulation_manager | Progress | frame=1740 | agents=32
2026-03-06 10:43:45,390 | INFO | evac_sim.simulation.simulation_manager | Progress | frame=1750 | agents=32
2026-03-06 10:43:45,424 | INFO | evac_sim.simulation.simulation_manager | Progress | frame=1760 | agents=32
2026-03-06 10:43:45,446 | INFO | evac_sim.simulation.simulation_manager | Progress | frame=1770 | agents=32
2026-03-06 10:43:45,466 | INFO | evac_sim.simulation.simulation_manager | Progress | frame=1780 | agents=32
2026-03-06 10:43:45,488 | INFO | evac_sim.simulation.simulation_manager | Progress | frame=1790 | agents=32
2026-03-06 10:43:45,510 | INFO | evac_sim.simulation.simulation_manager | Progress | frame=1800 | agents=32
2026-03-06 10:43:45,544 | INFO | evac_sim.simulation.simulation_manager | Progress | frame=1810 | agents=32
2026-03-06 10:43:45,566 | INFO | evac_sim.simulation.simulation_manager | Progress | frame=1820 | agents=32
2026-03-06 10:43:45,587 | INFO | evac_sim.simulation.simulation_manager | Progress | frame=1830 | agents=32
2026-03-06 10:43:45,608 | INFO | evac_sim.simulation.simulation_manager | Progress | frame=1840 | agents=32
2026-03-06 10:43:45,631 | INFO | evac_sim.simulation.simulation_manager | Progress | frame=1850 | agents=32
2026-03-06 10:43:45,667 | INFO | evac_sim.simulation.simulation_manager | Progress | frame=1860 | agents=32
2026-03-06 10:43:45,688 | INFO | evac_sim.simulation.simulation_manager | Progress | frame=1870 | agents=32
2026-03-06 10:43:45,710 | INFO | evac_sim.simulation.simulation_manager | Progress | frame=1880 | agents=32
2026-03-06 10:43:45,731 | INFO | evac_sim.simulation.simulation_manager | Progress | frame=1890 | agents=32
2026-03-06 10:43:45,754 | INFO | evac_sim.simulation.simulation_manager | Progress | frame=1900 | agents=32
2026-03-06 10:43:45,788 | INFO | evac_sim.simulation.simulation_manager | Progress | frame=1910 | agents=32
2026-03-06 10:43:45,810 | INFO | evac_sim.simulation.simulation_manager | Progress | frame=1920 | agents=32
2026-03-06 10:43:45,832 | INFO | evac_sim.simulation.simulation_manager | Progress | frame=1930 | agents=32
2026-03-06 10:43:45,853 | INFO | evac_sim.simulation.simulation_manager | Progress | frame=1940 | agents=32
2026-03-06 10:43:45,874 | INFO | evac_sim.simulation.simulation_manager | Progress | frame=1950 | agents=32
2026-03-06 10:43:45,910 | INFO | evac_sim.simulation.simulation_manager | Progress | frame=1960 | agents=32
2026-03-06 10:43:45,931 | INFO | evac_sim.simulation.simulation_manager | Progress | frame=1970 | agents=32
2026-03-06 10:43:45,952 | INFO | evac_sim.simulation.simulation_manager | Progress | frame=1980 | agents=32
2026-03-06 10:43:45,975 | INFO | evac_sim.simulation.simulation_manager | Progress | frame=1990 | agents=32
2026-03-06 10:43:45,996 | INFO | evac_sim.simulation.simulation_manager | Progress | frame=2000 | agents=32
2026-03-06 10:43:46,032 | INFO | evac_sim.simulation.simulation_manager | Progress | frame=2010 | agents=32
2026-03-06 10:43:46,053 | INFO | evac_sim.simulation.simulation_manager | Progress | frame=2020 | agents=32
2026-03-06 10:43:46,074 | INFO | evac_sim.simulation.simulation_manager | Progress | frame=2030 | agents=32
2026-03-06 10:43:46,095 | INFO | evac_sim.simulation.simulation_manager | Progress | frame=2040 | agents=32
2026-03-06 10:43:46,116 | INFO | evac_sim.simulation.simulation_manager | Progress | frame=2050 | agents=32
2026-03-06 10:43:46,151 | INFO | evac_sim.simulation.simulation_manager | Progress | frame=2060 | agents=32
2026-03-06 10:43:46,173 | INFO | evac_sim.simulation.simulation_manager | Progress | frame=2070 | agents=32
2026-03-06 10:43:46,195 | INFO | evac_sim.simulation.simulation_manager | Progress | frame=2080 | agents=32
2026-03-06 10:43:46,215 | INFO | evac_sim.simulation.simulation_manager | Progress | frame=2090 | agents=32
2026-03-06 10:43:46,237 | INFO | evac_sim.simulation.simulation_manager | Progress | frame=2100 | agents=32
2026-03-06 10:43:46,272 | INFO | evac_sim.simulation.simulation_manager | Progress | frame=2110 | agents=32
2026-03-06 10:43:46,293 | INFO | evac_sim.simulation.simulation_manager | Progress | frame=2120 | agents=32
2026-03-06 10:43:46,315 | INFO | evac_sim.simulation.simulation_manager | Progress | frame=2130 | agents=32
2026-03-06 10:43:46,337 | INFO | evac_sim.simulation.simulation_manager | Progress | frame=2140 | agents=32
2026-03-06 10:43:46,358 | INFO | evac_sim.simulation.simulation_manager | Progress | frame=2150 | agents=32
2026-03-06 10:43:46,393 | INFO | evac_sim.simulation.simulation_manager | Progress | frame=2160 | agents=32
2026-03-06 10:43:46,415 | INFO | evac_sim.simulation.simulation_manager | Progress | frame=2170 | agents=32
2026-03-06 10:43:46,437 | INFO | evac_sim.simulation.simulation_manager | Progress | frame=2180 | agents=32
2026-03-06 10:43:46,459 | INFO | evac_sim.simulation.simulation_manager | Progress | frame=2190 | agents=32
2026-03-06 10:43:46,480 | INFO | evac_sim.simulation.simulation_manager | Progress | frame=2200 | agents=32
2026-03-06 10:43:46,514 | INFO | evac_sim.simulation.simulation_manager | Progress | frame=2210 | agents=32
2026-03-06 10:43:46,536 | INFO | evac_sim.simulation.simulation_manager | Progress | frame=2220 | agents=32
2026-03-06 10:43:46,557 | INFO | evac_sim.simulation.simulation_manager | Progress | frame=2230 | agents=32
2026-03-06 10:43:46,579 | INFO | evac_sim.simulation.simulation_manager | Progress | frame=2240 | agents=32
2026-03-06 10:43:46,600 | INFO | evac_sim.simulation.simulation_manager | Progress | frame=2250 | agents=32
2026-03-06 10:43:46,611 | INFO | evac_sim.simulation.simulation_manager | Reroute applied | frame=2250 | group=73 | agents=6 | curr=202 next=201 | old_len=50 new_len=60
2026-03-06 10:43:46,640 | INFO | evac_sim.simulation.simulation_manager | Progress | frame=2260 | agents=32
2026-03-06 10:43:46,661 | INFO | evac_sim.simulation.simulation_manager | Progress | frame=2270 | agents=32
2026-03-06 10:43:46,683 | INFO | evac_sim.simulation.simulation_manager | Progress | frame=2280 | agents=32
2026-03-06 10:43:46,704 | INFO | evac_sim.simulation.simulation_manager | Progress | frame=2290 | agents=32
2026-03-06 10:43:46,724 | INFO | evac_sim.simulation.simulation_manager | Progress | frame=2300 | agents=32
2026-03-06 10:43:46,762 | INFO | evac_sim.simulation.simulation_manager | Progress | frame=2310 | agents=32
2026-03-06 10:43:46,783 | INFO | evac_sim.simulation.simulation_manager | Progress | frame=2320 | agents=32
2026-03-06 10:43:46,803 | INFO | evac_sim.simulation.simulation_manager | Progress | frame=2330 | agents=32
2026-03-06 10:43:46,824 | INFO | evac_sim.simulation.simulation_manager | Progress | frame=2340 | agents=32
2026-03-06 10:43:46,844 | INFO | evac_sim.simulation.simulation_manager | Progress | frame=2350 | agents=32
2026-03-06 10:43:46,880 | INFO | evac_sim.simulation.simulation_manager | Progress | frame=2360 | agents=32
2026-03-06 10:43:46,901 | INFO | evac_sim.simulation.simulation_manager | Progress | frame=2370 | agents=32
2026-03-06 10:43:46,921 | INFO | evac_sim.simulation.simulation_manager | Progress | frame=2380 | agents=32
2026-03-06 10:43:46,941 | INFO | evac_sim.simulation.simulation_manager | Progress | frame=2390 | agents=32
2026-03-06 10:43:46,962 | INFO | evac_sim.simulation.simulation_manager | Progress | frame=2400 | agents=32
2026-03-06 10:43:46,996 | INFO | evac_sim.simulation.simulation_manager | Progress | frame=2410 | agents=32
2026-03-06 10:43:47,018 | INFO | evac_sim.simulation.simulation_manager | Progress | frame=2420 | agents=32
2026-03-06 10:43:47,038 | INFO | evac_sim.simulation.simulation_manager | Progress | frame=2430 | agents=32
2026-03-06 10:43:47,058 | INFO | evac_sim.simulation.simulation_manager | Progress | frame=2440 | agents=32
2026-03-06 10:43:47,079 | INFO | evac_sim.simulation.simulation_manager | Progress | frame=2450 | agents=32
2026-03-06 10:43:47,113 | INFO | evac_sim.simulation.simulation_manager | Progress | frame=2460 | agents=32
2026-03-06 10:43:47,133 | INFO | evac_sim.simulation.simulation_manager | Progress | frame=2470 | agents=32
2026-03-06 10:43:47,154 | INFO | evac_sim.simulation.simulation_manager | Progress | frame=2480 | agents=32
2026-03-06 10:43:47,174 | INFO | evac_sim.simulation.simulation_manager | Progress | frame=2490 | agents=32
2026-03-06 10:43:47,195 | INFO | evac_sim.simulation.simulation_manager | Progress | frame=2500 | agents=32
2026-03-06 10:43:47,229 | INFO | evac_sim.simulation.simulation_manager | Progress | frame=2510 | agents=32
2026-03-06 10:43:47,249 | INFO | evac_sim.simulation.simulation_manager | Progress | frame=2520 | agents=32
2026-03-06 10:43:47,270 | INFO | evac_sim.simulation.simulation_manager | Progress | frame=2530 | agents=32
2026-03-06 10:43:47,291 | INFO | evac_sim.simulation.simulation_manager | Progress | frame=2540 | agents=32
2026-03-06 10:43:47,312 | INFO | evac_sim.simulation.simulation_manager | Progress | frame=2550 | agents=32
2026-03-06 10:43:47,347 | INFO | evac_sim.simulation.simulation_manager | Progress | frame=2560 | agents=32
2026-03-06 10:43:47,368 | INFO | evac_sim.simulation.simulation_manager | Progress | frame=2570 | agents=32
2026-03-06 10:43:47,389 | INFO | evac_sim.simulation.simulation_manager | Progress | frame=2580 | agents=32
2026-03-06 10:43:47,410 | INFO | evac_sim.simulation.simulation_manager | Progress | frame=2590 | agents=32
2026-03-06 10:43:47,430 | INFO | evac_sim.simulation.simulation_manager | Progress | frame=2600 | agents=32
2026-03-06 10:43:47,445 | INFO | evac_sim.simulation.simulation_manager | Reroute applied | frame=2600 | group=92 | agents=10 | curr=202 next=201 | old_len=52 new_len=62
2026-03-06 10:43:47,468 | INFO | evac_sim.simulation.simulation_manager | Progress | frame=2610 | agents=32
2026-03-06 10:43:47,489 | INFO | evac_sim.simulation.simulation_manager | Progress | frame=2620 | agents=32
2026-03-06 10:43:47,510 | INFO | evac_sim.simulation.simulation_manager | Progress | frame=2630 | agents=32
2026-03-06 10:43:47,530 | INFO | evac_sim.simulation.simulation_manager | Progress | frame=2640 | agents=32
2026-03-06 10:43:47,551 | INFO | evac_sim.simulation.simulation_manager | Progress | frame=2650 | agents=32
2026-03-06 10:43:47,586 | INFO | evac_sim.simulation.simulation_manager | Progress | frame=2660 | agents=32
2026-03-06 10:43:47,607 | INFO | evac_sim.simulation.simulation_manager | Progress | frame=2670 | agents=32
2026-03-06 10:43:47,628 | INFO | evac_sim.simulation.simulation_manager | Progress | frame=2680 | agents=32
2026-03-06 10:43:47,648 | INFO | evac_sim.simulation.simulation_manager | Progress | frame=2690 | agents=32
2026-03-06 10:43:47,668 | INFO | evac_sim.simulation.simulation_manager | Progress | frame=2700 | agents=32
2026-03-06 10:43:47,703 | INFO | evac_sim.simulation.simulation_manager | Progress | frame=2710 | agents=32
2026-03-06 10:43:47,723 | INFO | evac_sim.simulation.simulation_manager | Progress | frame=2720 | agents=32
2026-03-06 10:43:47,745 | INFO | evac_sim.simulation.simulation_manager | Progress | frame=2730 | agents=32
2026-03-06 10:43:47,765 | INFO | evac_sim.simulation.simulation_manager | Progress | frame=2740 | agents=32
2026-03-06 10:43:47,786 | INFO | evac_sim.simulation.simulation_manager | Progress | frame=2750 | agents=32
2026-03-06 10:43:47,822 | INFO | evac_sim.simulation.simulation_manager | Progress | frame=2760 | agents=32
2026-03-06 10:43:47,843 | INFO | evac_sim.simulation.simulation_manager | Progress | frame=2770 | agents=32
2026-03-06 10:43:47,864 | INFO | evac_sim.simulation.simulation_manager | Progress | frame=2780 | agents=32
2026-03-06 10:43:47,885 | INFO | evac_sim.simulation.simulation_manager | Progress | frame=2790 | agents=32
2026-03-06 10:43:47,906 | INFO | evac_sim.simulation.simulation_manager | Progress | frame=2800 | agents=32
2026-03-06 10:43:47,912 | INFO | evac_sim.simulation.simulation_manager | Reroute applied | frame=2800 | group=82 | agents=5 | curr=202 next=201 | old_len=49 new_len=59
2026-03-06 10:43:47,947 | INFO | evac_sim.simulation.simulation_manager | Progress | frame=2810 | agents=32
2026-03-06 10:43:47,967 | INFO | evac_sim.simulation.simulation_manager | Progress | frame=2820 | agents=32
2026-03-06 10:43:47,989 | INFO | evac_sim.simulation.simulation_manager | Progress | frame=2830 | agents=31
2026-03-06 10:43:48,010 | INFO | evac_sim.simulation.simulation_manager | Progress | frame=2840 | agents=31
2026-03-06 10:43:48,030 | INFO | evac_sim.simulation.simulation_manager | Progress | frame=2850 | agents=31
2026-03-06 10:43:48,067 | INFO | evac_sim.simulation.simulation_manager | Progress | frame=2860 | agents=31
2026-03-06 10:43:48,088 | INFO | evac_sim.simulation.simulation_manager | Progress | frame=2870 | agents=31
2026-03-06 10:43:48,108 | INFO | evac_sim.simulation.simulation_manager | Progress | frame=2880 | agents=31
2026-03-06 10:43:48,130 | INFO | evac_sim.simulation.simulation_manager | Progress | frame=2890 | agents=31
2026-03-06 10:43:48,151 | INFO | evac_sim.simulation.simulation_manager | Progress | frame=2900 | agents=31
2026-03-06 10:43:48,184 | INFO | evac_sim.simulation.simulation_manager | Progress | frame=2910 | agents=30
2026-03-06 10:43:48,205 | INFO | evac_sim.simulation.simulation_manager | Progress | frame=2920 | agents=30
2026-03-06 10:43:48,225 | INFO | evac_sim.simulation.simulation_manager | Progress | frame=2930 | agents=30
2026-03-06 10:43:48,245 | INFO | evac_sim.simulation.simulation_manager | Progress | frame=2940 | agents=30
2026-03-06 10:43:48,265 | INFO | evac_sim.simulation.simulation_manager | Progress | frame=2950 | agents=30
2026-03-06 10:43:48,303 | INFO | evac_sim.simulation.simulation_manager | Progress | frame=2960 | agents=30
2026-03-06 10:43:48,327 | INFO | evac_sim.simulation.simulation_manager | Progress | frame=2970 | agents=29
2026-03-06 10:43:48,349 | INFO | evac_sim.simulation.simulation_manager | Progress | frame=2980 | agents=29
2026-03-06 10:43:48,374 | INFO | evac_sim.simulation.simulation_manager | Progress | frame=2990 | agents=29
2026-03-06 10:43:48,398 | INFO | evac_sim.simulation.simulation_manager | Progress | frame=3000 | agents=29
2026-03-06 10:43:48,439 | INFO | evac_sim.simulation.simulation_manager | Progress | frame=3010 | agents=29
2026-03-06 10:43:48,463 | INFO | evac_sim.simulation.simulation_manager | Progress | frame=3020 | agents=29
2026-03-06 10:43:48,487 | INFO | evac_sim.simulation.simulation_manager | Progress | frame=3030 | agents=28
2026-03-06 10:43:48,511 | INFO | evac_sim.simulation.simulation_manager | Progress | frame=3040 | agents=28
2026-03-06 10:43:48,535 | INFO | evac_sim.simulation.simulation_manager | Progress | frame=3050 | agents=28
2026-03-06 10:43:48,590 | INFO | evac_sim.simulation.simulation_manager | Progress | frame=3060 | agents=28
2026-03-06 10:43:48,614 | INFO | evac_sim.simulation.simulation_manager | Progress | frame=3070 | agents=28
2026-03-06 10:43:48,638 | INFO | evac_sim.simulation.simulation_manager | Progress | frame=3080 | agents=27
2026-03-06 10:43:48,662 | INFO | evac_sim.simulation.simulation_manager | Progress | frame=3090 | agents=27
2026-03-06 10:43:48,687 | INFO | evac_sim.simulation.simulation_manager | Progress | frame=3100 | agents=27
2026-03-06 10:43:48,725 | INFO | evac_sim.simulation.simulation_manager | Progress | frame=3110 | agents=27
2026-03-06 10:43:48,750 | INFO | evac_sim.simulation.simulation_manager | Progress | frame=3120 | agents=27
2026-03-06 10:43:48,776 | INFO | evac_sim.simulation.simulation_manager | Progress | frame=3130 | agents=27
2026-03-06 10:43:48,799 | INFO | evac_sim.simulation.simulation_manager | Progress | frame=3140 | agents=26
2026-03-06 10:43:48,822 | INFO | evac_sim.simulation.simulation_manager | Progress | frame=3150 | agents=26
2026-03-06 10:43:48,861 | INFO | evac_sim.simulation.simulation_manager | Progress | frame=3160 | agents=26
2026-03-06 10:43:48,884 | INFO | evac_sim.simulation.simulation_manager | Progress | frame=3170 | agents=26
2026-03-06 10:43:48,908 | INFO | evac_sim.simulation.simulation_manager | Progress | frame=3180 | agents=26
2026-03-06 10:43:48,933 | INFO | evac_sim.simulation.simulation_manager | Progress | frame=3190 | agents=26
2026-03-06 10:43:48,955 | INFO | evac_sim.simulation.simulation_manager | Progress | frame=3200 | agents=26
2026-03-06 10:43:48,993 | INFO | evac_sim.simulation.simulation_manager | Progress | frame=3210 | agents=26
2026-03-06 10:43:49,018 | INFO | evac_sim.simulation.simulation_manager | Progress | frame=3220 | agents=26
2026-03-06 10:43:49,037 | INFO | evac_sim.simulation.simulation_manager | Progress | frame=3230 | agents=26
2026-03-06 10:43:49,058 | INFO | evac_sim.simulation.simulation_manager | Progress | frame=3240 | agents=26
2026-03-06 10:43:49,077 | INFO | evac_sim.simulation.simulation_manager | Progress | frame=3250 | agents=26
2026-03-06 10:43:49,108 | INFO | evac_sim.simulation.simulation_manager | Progress | frame=3260 | agents=26
2026-03-06 10:43:49,126 | INFO | evac_sim.simulation.simulation_manager | Progress | frame=3270 | agents=26
2026-03-06 10:43:49,146 | INFO | evac_sim.simulation.simulation_manager | Progress | frame=3280 | agents=26
2026-03-06 10:43:49,166 | INFO | evac_sim.simulation.simulation_manager | Progress | frame=3290 | agents=26
2026-03-06 10:43:49,186 | INFO | evac_sim.simulation.simulation_manager | Progress | frame=3300 | agents=26
2026-03-06 10:43:49,216 | INFO | evac_sim.simulation.simulation_manager | Progress | frame=3310 | agents=26
2026-03-06 10:43:49,237 | INFO | evac_sim.simulation.simulation_manager | Progress | frame=3320 | agents=26
2026-03-06 10:43:49,257 | INFO | evac_sim.simulation.simulation_manager | Progress | frame=3330 | agents=26
2026-03-06 10:43:49,276 | INFO | evac_sim.simulation.simulation_manager | Progress | frame=3340 | agents=26
2026-03-06 10:43:49,297 | INFO | evac_sim.simulation.simulation_manager | Progress | frame=3350 | agents=26
2026-03-06 10:43:49,329 | INFO | evac_sim.simulation.simulation_manager | Progress | frame=3360 | agents=26
2026-03-06 10:43:49,348 | INFO | evac_sim.simulation.simulation_manager | Progress | frame=3370 | agents=26
2026-03-06 10:43:49,368 | INFO | evac_sim.simulation.simulation_manager | Progress | frame=3380 | agents=26
2026-03-06 10:43:49,388 | INFO | evac_sim.simulation.simulation_manager | Progress | frame=3390 | agents=26
2026-03-06 10:43:49,408 | INFO | evac_sim.simulation.simulation_manager | Progress | frame=3400 | agents=26
2026-03-06 10:43:49,415 | INFO | evac_sim.simulation.simulation_manager | Reroute applied | frame=3400 | group=83 | agents=5 | curr=202 next=201 | old_len=55 new_len=65
2026-03-06 10:43:49,443 | INFO | evac_sim.simulation.simulation_manager | Progress | frame=3410 | agents=26
2026-03-06 10:43:49,464 | INFO | evac_sim.simulation.simulation_manager | Progress | frame=3420 | agents=26
2026-03-06 10:43:49,485 | INFO | evac_sim.simulation.simulation_manager | Progress | frame=3430 | agents=26
2026-03-06 10:43:49,505 | INFO | evac_sim.simulation.simulation_manager | Progress | frame=3440 | agents=26
2026-03-06 10:43:49,525 | INFO | evac_sim.simulation.simulation_manager | Progress | frame=3450 | agents=26
2026-03-06 10:43:49,556 | INFO | evac_sim.simulation.simulation_manager | Progress | frame=3460 | agents=26
2026-03-06 10:43:49,575 | INFO | evac_sim.simulation.simulation_manager | Progress | frame=3470 | agents=26
2026-03-06 10:43:49,596 | INFO | evac_sim.simulation.simulation_manager | Progress | frame=3480 | agents=26
2026-03-06 10:43:49,616 | INFO | evac_sim.simulation.simulation_manager | Progress | frame=3490 | agents=26
2026-03-06 10:43:49,636 | INFO | evac_sim.simulation.simulation_manager | Progress | frame=3500 | agents=26
2026-03-06 10:43:49,667 | INFO | evac_sim.simulation.simulation_manager | Progress | frame=3510 | agents=26
2026-03-06 10:43:49,686 | INFO | evac_sim.simulation.simulation_manager | Progress | frame=3520 | agents=26
2026-03-06 10:43:49,706 | INFO | evac_sim.simulation.simulation_manager | Progress | frame=3530 | agents=26
2026-03-06 10:43:49,726 | INFO | evac_sim.simulation.simulation_manager | Progress | frame=3540 | agents=26
2026-03-06 10:43:49,745 | INFO | evac_sim.simulation.simulation_manager | Progress | frame=3550 | agents=26
2026-03-06 10:43:49,777 | INFO | evac_sim.simulation.simulation_manager | Progress | frame=3560 | agents=26
2026-03-06 10:43:49,796 | INFO | evac_sim.simulation.simulation_manager | Progress | frame=3570 | agents=26
2026-03-06 10:43:49,816 | INFO | evac_sim.simulation.simulation_manager | Progress | frame=3580 | agents=26
2026-03-06 10:43:49,835 | INFO | evac_sim.simulation.simulation_manager | Progress | frame=3590 | agents=26
2026-03-06 10:43:49,855 | INFO | evac_sim.simulation.simulation_manager | Progress | frame=3600 | agents=26
2026-03-06 10:43:49,886 | INFO | evac_sim.simulation.simulation_manager | Progress | frame=3610 | agents=26
2026-03-06 10:43:49,906 | INFO | evac_sim.simulation.simulation_manager | Progress | frame=3620 | agents=26
2026-03-06 10:43:49,925 | INFO | evac_sim.simulation.simulation_manager | Progress | frame=3630 | agents=26
2026-03-06 10:43:49,946 | INFO | evac_sim.simulation.simulation_manager | Progress | frame=3640 | agents=26
2026-03-06 10:43:49,965 | INFO | evac_sim.simulation.simulation_manager | Progress | frame=3650 | agents=26
2026-03-06 10:43:49,997 | INFO | evac_sim.simulation.simulation_manager | Progress | frame=3660 | agents=26
2026-03-06 10:43:50,016 | INFO | evac_sim.simulation.simulation_manager | Progress | frame=3670 | agents=26
2026-03-06 10:43:50,037 | INFO | evac_sim.simulation.simulation_manager | Progress | frame=3680 | agents=26
2026-03-06 10:43:50,056 | INFO | evac_sim.simulation.simulation_manager | Progress | frame=3690 | agents=26
2026-03-06 10:43:50,076 | INFO | evac_sim.simulation.simulation_manager | Progress | frame=3700 | agents=26
2026-03-06 10:43:50,107 | INFO | evac_sim.simulation.simulation_manager | Progress | frame=3710 | agents=26
2026-03-06 10:43:50,128 | INFO | evac_sim.simulation.simulation_manager | Progress | frame=3720 | agents=26
2026-03-06 10:43:50,146 | INFO | evac_sim.simulation.simulation_manager | Progress | frame=3730 | agents=25
2026-03-06 10:43:50,166 | INFO | evac_sim.simulation.simulation_manager | Progress | frame=3740 | agents=25
2026-03-06 10:43:50,185 | INFO | evac_sim.simulation.simulation_manager | Progress | frame=3750 | agents=25
2026-03-06 10:43:50,217 | INFO | evac_sim.simulation.simulation_manager | Progress | frame=3760 | agents=25
2026-03-06 10:43:50,236 | INFO | evac_sim.simulation.simulation_manager | Progress | frame=3770 | agents=25
2026-03-06 10:43:50,256 | INFO | evac_sim.simulation.simulation_manager | Progress | frame=3780 | agents=25
2026-03-06 10:43:50,276 | INFO | evac_sim.simulation.simulation_manager | Progress | frame=3790 | agents=25
2026-03-06 10:43:50,295 | INFO | evac_sim.simulation.simulation_manager | Progress | frame=3800 | agents=24
2026-03-06 10:43:50,326 | INFO | evac_sim.simulation.simulation_manager | Progress | frame=3810 | agents=24
2026-03-06 10:43:50,345 | INFO | evac_sim.simulation.simulation_manager | Progress | frame=3820 | agents=24
2026-03-06 10:43:50,365 | INFO | evac_sim.simulation.simulation_manager | Progress | frame=3830 | agents=24
2026-03-06 10:43:50,384 | INFO | evac_sim.simulation.simulation_manager | Progress | frame=3840 | agents=24
2026-03-06 10:43:50,403 | INFO | evac_sim.simulation.simulation_manager | Progress | frame=3850 | agents=23
2026-03-06 10:43:50,432 | INFO | evac_sim.simulation.simulation_manager | Progress | frame=3860 | agents=23
2026-03-06 10:43:50,452 | INFO | evac_sim.simulation.simulation_manager | Progress | frame=3870 | agents=23
2026-03-06 10:43:50,471 | INFO | evac_sim.simulation.simulation_manager | Progress | frame=3880 | agents=23
2026-03-06 10:43:50,491 | INFO | evac_sim.simulation.simulation_manager | Progress | frame=3890 | agents=22
2026-03-06 10:43:50,509 | INFO | evac_sim.simulation.simulation_manager | Progress | frame=3900 | agents=22
2026-03-06 10:43:50,540 | INFO | evac_sim.simulation.simulation_manager | Progress | frame=3910 | agents=22
2026-03-06 10:43:50,559 | INFO | evac_sim.simulation.simulation_manager | Progress | frame=3920 | agents=22
2026-03-06 10:43:50,579 | INFO | evac_sim.simulation.simulation_manager | Progress | frame=3930 | agents=22
2026-03-06 10:43:50,597 | INFO | evac_sim.simulation.simulation_manager | Progress | frame=3940 | agents=21
2026-03-06 10:43:50,617 | INFO | evac_sim.simulation.simulation_manager | Progress | frame=3950 | agents=21
2026-03-06 10:43:50,648 | INFO | evac_sim.simulation.simulation_manager | Progress | frame=3960 | agents=21
2026-03-06 10:43:50,667 | INFO | evac_sim.simulation.simulation_manager | Progress | frame=3970 | agents=21
2026-03-06 10:43:50,686 | INFO | evac_sim.simulation.simulation_manager | Progress | frame=3980 | agents=20
2026-03-06 10:43:50,706 | INFO | evac_sim.simulation.simulation_manager | Progress | frame=3990 | agents=20
2026-03-06 10:43:50,726 | INFO | evac_sim.simulation.simulation_manager | Progress | frame=4000 | agents=20
2026-03-06 10:43:50,753 | INFO | evac_sim.simulation.simulation_manager | Progress | frame=4010 | agents=20
2026-03-06 10:43:50,773 | INFO | evac_sim.simulation.simulation_manager | Progress | frame=4020 | agents=20
2026-03-06 10:43:50,792 | INFO | evac_sim.simulation.simulation_manager | Progress | frame=4030 | agents=20
2026-03-06 10:43:50,810 | INFO | evac_sim.simulation.simulation_manager | Progress | frame=4040 | agents=20
2026-03-06 10:43:50,829 | INFO | evac_sim.simulation.simulation_manager | Progress | frame=4050 | agents=20
2026-03-06 10:43:50,859 | INFO | evac_sim.simulation.simulation_manager | Progress | frame=4060 | agents=20
2026-03-06 10:43:50,878 | INFO | evac_sim.simulation.simulation_manager | Progress | frame=4070 | agents=20
2026-03-06 10:43:50,897 | INFO | evac_sim.simulation.simulation_manager | Progress | frame=4080 | agents=20
2026-03-06 10:43:50,916 | INFO | evac_sim.simulation.simulation_manager | Progress | frame=4090 | agents=19
2026-03-06 10:43:50,935 | INFO | evac_sim.simulation.simulation_manager | Progress | frame=4100 | agents=19
2026-03-06 10:43:50,962 | INFO | evac_sim.simulation.simulation_manager | Progress | frame=4110 | agents=19
2026-03-06 10:43:50,980 | INFO | evac_sim.simulation.simulation_manager | Progress | frame=4120 | agents=19
2026-03-06 10:43:50,999 | INFO | evac_sim.simulation.simulation_manager | Progress | frame=4130 | agents=19
2026-03-06 10:43:51,019 | INFO | evac_sim.simulation.simulation_manager | Progress | frame=4140 | agents=18
2026-03-06 10:43:51,038 | INFO | evac_sim.simulation.simulation_manager | Progress | frame=4150 | agents=18
2026-03-06 10:43:51,066 | INFO | evac_sim.simulation.simulation_manager | Progress | frame=4160 | agents=18
2026-03-06 10:43:51,084 | INFO | evac_sim.simulation.simulation_manager | Progress | frame=4170 | agents=18
2026-03-06 10:43:51,103 | INFO | evac_sim.simulation.simulation_manager | Progress | frame=4180 | agents=18
2026-03-06 10:43:51,129 | INFO | evac_sim.simulation.simulation_manager | Progress | frame=4190 | agents=17
2026-03-06 10:43:51,151 | INFO | evac_sim.simulation.simulation_manager | Progress | frame=4200 | agents=17
2026-03-06 10:43:51,182 | INFO | evac_sim.simulation.simulation_manager | Progress | frame=4210 | agents=17
2026-03-06 10:43:51,205 | INFO | evac_sim.simulation.simulation_manager | Progress | frame=4220 | agents=17
2026-03-06 10:43:51,228 | INFO | evac_sim.simulation.simulation_manager | Progress | frame=4230 | agents=17
2026-03-06 10:43:51,250 | INFO | evac_sim.simulation.simulation_manager | Progress | frame=4240 | agents=17
2026-03-06 10:43:51,273 | INFO | evac_sim.simulation.simulation_manager | Progress | frame=4250 | agents=17
2026-03-06 10:43:51,304 | INFO | evac_sim.simulation.simulation_manager | Progress | frame=4260 | agents=16
2026-03-06 10:43:51,327 | INFO | evac_sim.simulation.simulation_manager | Progress | frame=4270 | agents=16
2026-03-06 10:43:51,349 | INFO | evac_sim.simulation.simulation_manager | Progress | frame=4280 | agents=16
2026-03-06 10:43:51,372 | INFO | evac_sim.simulation.simulation_manager | Progress | frame=4290 | agents=16
2026-03-06 10:43:51,394 | INFO | evac_sim.simulation.simulation_manager | Progress | frame=4300 | agents=16
2026-03-06 10:43:51,426 | INFO | evac_sim.simulation.simulation_manager | Progress | frame=4310 | agents=15
2026-03-06 10:43:51,448 | INFO | evac_sim.simulation.simulation_manager | Progress | frame=4320 | agents=15
2026-03-06 10:43:51,469 | INFO | evac_sim.simulation.simulation_manager | Progress | frame=4330 | agents=15
2026-03-06 10:43:51,495 | INFO | evac_sim.simulation.simulation_manager | Progress | frame=4340 | agents=15
2026-03-06 10:43:51,520 | INFO | evac_sim.simulation.simulation_manager | Progress | frame=4350 | agents=15
2026-03-06 10:43:51,546 | INFO | evac_sim.simulation.simulation_manager | Progress | frame=4360 | agents=14
2026-03-06 10:43:51,565 | INFO | evac_sim.simulation.simulation_manager | Progress | frame=4370 | agents=14
2026-03-06 10:43:51,583 | INFO | evac_sim.simulation.simulation_manager | Progress | frame=4380 | agents=14
2026-03-06 10:43:51,602 | INFO | evac_sim.simulation.simulation_manager | Progress | frame=4390 | agents=14
2026-03-06 10:43:51,621 | INFO | evac_sim.simulation.simulation_manager | Progress | frame=4400 | agents=14
2026-03-06 10:43:51,647 | INFO | evac_sim.simulation.simulation_manager | Progress | frame=4410 | agents=13
2026-03-06 10:43:51,666 | INFO | evac_sim.simulation.simulation_manager | Progress | frame=4420 | agents=13
2026-03-06 10:43:51,684 | INFO | evac_sim.simulation.simulation_manager | Progress | frame=4430 | agents=13
2026-03-06 10:43:51,703 | INFO | evac_sim.simulation.simulation_manager | Progress | frame=4440 | agents=13
2026-03-06 10:43:51,721 | INFO | evac_sim.simulation.simulation_manager | Progress | frame=4450 | agents=13
2026-03-06 10:43:51,748 | INFO | evac_sim.simulation.simulation_manager | Progress | frame=4460 | agents=12
2026-03-06 10:43:51,765 | INFO | evac_sim.simulation.simulation_manager | Progress | frame=4470 | agents=12
2026-03-06 10:43:51,784 | INFO | evac_sim.simulation.simulation_manager | Progress | frame=4480 | agents=12
2026-03-06 10:43:51,802 | INFO | evac_sim.simulation.simulation_manager | Progress | frame=4490 | agents=12
2026-03-06 10:43:51,821 | INFO | evac_sim.simulation.simulation_manager | Progress | frame=4500 | agents=11
2026-03-06 10:43:51,848 | INFO | evac_sim.simulation.simulation_manager | Progress | frame=4510 | agents=11
2026-03-06 10:43:51,866 | INFO | evac_sim.simulation.simulation_manager | Progress | frame=4520 | agents=11
2026-03-06 10:43:51,884 | INFO | evac_sim.simulation.simulation_manager | Progress | frame=4530 | agents=11
2026-03-06 10:43:51,902 | INFO | evac_sim.simulation.simulation_manager | Progress | frame=4540 | agents=11
2026-03-06 10:43:51,920 | INFO | evac_sim.simulation.simulation_manager | Progress | frame=4550 | agents=10
2026-03-06 10:43:51,947 | INFO | evac_sim.simulation.simulation_manager | Progress | frame=4560 | agents=10
2026-03-06 10:43:51,965 | INFO | evac_sim.simulation.simulation_manager | Progress | frame=4570 | agents=10
2026-03-06 10:43:51,984 | INFO | evac_sim.simulation.simulation_manager | Progress | frame=4580 | agents=10
2026-03-06 10:43:52,002 | INFO | evac_sim.simulation.simulation_manager | Progress | frame=4590 | agents=9
2026-03-06 10:43:52,020 | INFO | evac_sim.simulation.simulation_manager | Progress | frame=4600 | agents=9
2026-03-06 10:43:52,045 | INFO | evac_sim.simulation.simulation_manager | Progress | frame=4610 | agents=9
2026-03-06 10:43:52,064 | INFO | evac_sim.simulation.simulation_manager | Progress | frame=4620 | agents=9
2026-03-06 10:43:52,081 | INFO | evac_sim.simulation.simulation_manager | Progress | frame=4630 | agents=9
2026-03-06 10:43:52,099 | INFO | evac_sim.simulation.simulation_manager | Progress | frame=4640 | agents=8
2026-03-06 10:43:52,118 | INFO | evac_sim.simulation.simulation_manager | Progress | frame=4650 | agents=8
2026-03-06 10:43:52,143 | INFO | evac_sim.simulation.simulation_manager | Progress | frame=4660 | agents=8
2026-03-06 10:43:52,161 | INFO | evac_sim.simulation.simulation_manager | Progress | frame=4670 | agents=8
2026-03-06 10:43:52,179 | INFO | evac_sim.simulation.simulation_manager | Progress | frame=4680 | agents=7
2026-03-06 10:43:52,198 | INFO | evac_sim.simulation.simulation_manager | Progress | frame=4690 | agents=7
2026-03-06 10:43:52,217 | INFO | evac_sim.simulation.simulation_manager | Progress | frame=4700 | agents=7
2026-03-06 10:43:52,243 | INFO | evac_sim.simulation.simulation_manager | Progress | frame=4710 | agents=7
2026-03-06 10:43:52,261 | INFO | evac_sim.simulation.simulation_manager | Progress | frame=4720 | agents=7
2026-03-06 10:43:52,278 | INFO | evac_sim.simulation.simulation_manager | Progress | frame=4730 | agents=6
2026-03-06 10:43:52,297 | INFO | evac_sim.simulation.simulation_manager | Progress | frame=4740 | agents=6
2026-03-06 10:43:52,314 | INFO | evac_sim.simulation.simulation_manager | Progress | frame=4750 | agents=6
2026-03-06 10:43:52,336 | INFO | evac_sim.simulation.simulation_manager | Progress | frame=4760 | agents=6
2026-03-06 10:43:52,354 | INFO | evac_sim.simulation.simulation_manager | Progress | frame=4770 | agents=6
2026-03-06 10:43:52,372 | INFO | evac_sim.simulation.simulation_manager | Progress | frame=4780 | agents=5
2026-03-06 10:43:52,389 | INFO | evac_sim.simulation.simulation_manager | Progress | frame=4790 | agents=5
2026-03-06 10:43:52,407 | INFO | evac_sim.simulation.simulation_manager | Progress | frame=4800 | agents=5
2026-03-06 10:43:52,427 | INFO | evac_sim.simulation.simulation_manager | Progress | frame=4810 | agents=5
2026-03-06 10:43:52,444 | INFO | evac_sim.simulation.simulation_manager | Progress | frame=4820 | agents=5
2026-03-06 10:43:52,462 | INFO | evac_sim.simulation.simulation_manager | Progress | frame=4830 | agents=5
2026-03-06 10:43:52,479 | INFO | evac_sim.simulation.simulation_manager | Progress | frame=4840 | agents=5
2026-03-06 10:43:52,497 | INFO | evac_sim.simulation.simulation_manager | Progress | frame=4850 | agents=5
2026-03-06 10:43:52,518 | INFO | evac_sim.simulation.simulation_manager | Progress | frame=4860 | agents=4
2026-03-06 10:43:52,536 | INFO | evac_sim.simulation.simulation_manager | Progress | frame=4870 | agents=4
2026-03-06 10:43:52,554 | INFO | evac_sim.simulation.simulation_manager | Progress | frame=4880 | agents=4
2026-03-06 10:43:52,573 | INFO | evac_sim.simulation.simulation_manager | Progress | frame=4890 | agents=4
2026-03-06 10:43:52,590 | INFO | evac_sim.simulation.simulation_manager | Progress | frame=4900 | agents=4
2026-03-06 10:43:52,610 | INFO | evac_sim.simulation.simulation_manager | Progress | frame=4910 | agents=3
2026-03-06 10:43:52,627 | INFO | evac_sim.simulation.simulation_manager | Progress | frame=4920 | agents=3
2026-03-06 10:43:52,644 | INFO | evac_sim.simulation.simulation_manager | Progress | frame=4930 | agents=3
2026-03-06 10:43:52,662 | INFO | evac_sim.simulation.simulation_manager | Progress | frame=4940 | agents=3
2026-03-06 10:43:52,680 | INFO | evac_sim.simulation.simulation_manager | Progress | frame=4950 | agents=3
2026-03-06 10:43:52,701 | INFO | evac_sim.simulation.simulation_manager | Progress | frame=4960 | agents=2
2026-03-06 10:43:52,718 | INFO | evac_sim.simulation.simulation_manager | Progress | frame=4970 | agents=2
2026-03-06 10:43:52,736 | INFO | evac_sim.simulation.simulation_manager | Progress | frame=4980 | agents=2
2026-03-06 10:43:52,753 | INFO | evac_sim.simulation.simulation_manager | Progress | frame=4990 | agents=2
2026-03-06 10:43:52,771 | INFO | evac_sim.simulation.simulation_manager | Progress | frame=5000 | agents=2
2026-03-06 10:43:52,790 | INFO | evac_sim.simulation.simulation_manager | Progress | frame=5010 | agents=1
2026-03-06 10:43:52,807 | INFO | evac_sim.simulation.simulation_manager | Progress | frame=5020 | agents=1
2026-03-06 10:43:52,825 | INFO | evac_sim.simulation.simulation_manager | Progress | frame=5030 | agents=1
2026-03-06 10:43:52,841 | INFO | evac_sim.simulation.simulation_manager | Progress | frame=5040 | agents=1
2026-03-06 10:43:52,859 | INFO | evac_sim.simulation.simulation_manager | Progress | frame=5050 | agents=1
2026-03-06 10:43:52,867 | INFO | evac_sim.simulation.simulation_manager | Simulation end | last_frame=5053
2026-03-06 10:43:52,898 | INFO | evac_sim.runner | Metrics preview | mode=2 group=82 agents=5 min=130.680 avg=135.120 median=133.500 p90=140.076 max=141.720
2026-03-06 10:43:52,908 | INFO | evac_sim.runner | Metrics preview | mode=2 group=83 agents=5 min=145.740 avg=148.680 median=148.740 p90=151.026 max=151.590
2026-03-06 10:43:52,919 | INFO | evac_sim.runner | Metrics preview | mode=2 group=73 agents=6 min=111.870 avg=115.815 median=115.920 p90=118.695 max=119.370
2026-03-06 10:43:52,928 | INFO | evac_sim.runner | Metrics preview | mode=2 group=77 agents=6 min=84.720 avg=89.600 median=89.760 p90=93.075 max=93.900
2026-03-06 10:43:52,942 | INFO | evac_sim.runner | Metrics preview | mode=2 group=92 agents=10 min=122.610 avg=132.300 median=132.045 p90=140.643 max=143.100
2026-03-06 10:43:52,943 | INFO | evac_sim.runner | Finished mode=2
2026-03-06 10:43:52,943 | INFO | evac_sim.runner | Mode start | mode=3 env=Cruise_Ship case=unknown
2026-03-06 10:43:53,002 | INFO | evac_sim.simulation.simulation_manager | Simulation start | agents=32
2026-03-06 10:43:53,041 | INFO | evac_sim.simulation.simulation_manager | Progress | frame=10 | agents=32
2026-03-06 10:43:53,062 | INFO | evac_sim.simulation.simulation_manager | Progress | frame=20 | agents=32
2026-03-06 10:43:53,082 | INFO | evac_sim.simulation.simulation_manager | Progress | frame=30 | agents=32
2026-03-06 10:43:53,102 | INFO | evac_sim.simulation.simulation_manager | Progress | frame=40 | agents=32
2026-03-06 10:43:53,123 | INFO | evac_sim.simulation.simulation_manager | Progress | frame=50 | agents=32
2026-03-06 10:43:53,157 | INFO | evac_sim.simulation.simulation_manager | Progress | frame=60 | agents=32
2026-03-06 10:43:53,178 | INFO | evac_sim.simulation.simulation_manager | Progress | frame=70 | agents=32
2026-03-06 10:43:53,199 | INFO | evac_sim.simulation.simulation_manager | Progress | frame=80 | agents=32
2026-03-06 10:43:53,221 | INFO | evac_sim.simulation.simulation_manager | Progress | frame=90 | agents=32
2026-03-06 10:43:53,242 | INFO | evac_sim.simulation.simulation_manager | Progress | frame=100 | agents=32
2026-03-06 10:43:53,283 | INFO | evac_sim.simulation.simulation_manager | Progress | frame=110 | agents=32
2026-03-06 10:43:53,303 | INFO | evac_sim.simulation.simulation_manager | Progress | frame=120 | agents=32
2026-03-06 10:43:53,325 | INFO | evac_sim.simulation.simulation_manager | Progress | frame=130 | agents=32
2026-03-06 10:43:53,347 | INFO | evac_sim.simulation.simulation_manager | Progress | frame=140 | agents=32
2026-03-06 10:43:53,370 | INFO | evac_sim.simulation.simulation_manager | Progress | frame=150 | agents=32
2026-03-06 10:43:53,405 | INFO | evac_sim.simulation.simulation_manager | Progress | frame=160 | agents=32
2026-03-06 10:43:53,426 | INFO | evac_sim.simulation.simulation_manager | Progress | frame=170 | agents=32
2026-03-06 10:43:53,449 | INFO | evac_sim.simulation.simulation_manager | Progress | frame=180 | agents=32
2026-03-06 10:43:53,478 | INFO | evac_sim.simulation.simulation_manager | Progress | frame=190 | agents=32
2026-03-06 10:43:53,505 | INFO | evac_sim.simulation.simulation_manager | Progress | frame=200 | agents=32
2026-03-06 10:43:53,550 | INFO | evac_sim.simulation.simulation_manager | Progress | frame=210 | agents=32
2026-03-06 10:43:53,577 | INFO | evac_sim.simulation.simulation_manager | Progress | frame=220 | agents=32
2026-03-06 10:43:53,602 | INFO | evac_sim.simulation.simulation_manager | Progress | frame=230 | agents=32
2026-03-06 10:43:53,628 | INFO | evac_sim.simulation.simulation_manager | Progress | frame=240 | agents=32
2026-03-06 10:43:53,654 | INFO | evac_sim.simulation.simulation_manager | Progress | frame=250 | agents=32
2026-03-06 10:43:53,697 | INFO | evac_sim.simulation.simulation_manager | Progress | frame=260 | agents=32
2026-03-06 10:43:53,721 | INFO | evac_sim.simulation.simulation_manager | Progress | frame=270 | agents=32
2026-03-06 10:43:53,746 | INFO | evac_sim.simulation.simulation_manager | Progress | frame=280 | agents=32
2026-03-06 10:43:53,773 | INFO | evac_sim.simulation.simulation_manager | Progress | frame=290 | agents=32
2026-03-06 10:43:53,796 | INFO | evac_sim.simulation.simulation_manager | Progress | frame=300 | agents=32
2026-03-06 10:43:53,831 | INFO | evac_sim.simulation.simulation_manager | Progress | frame=310 | agents=32
2026-03-06 10:43:53,853 | INFO | evac_sim.simulation.simulation_manager | Progress | frame=320 | agents=32
2026-03-06 10:43:53,874 | INFO | evac_sim.simulation.simulation_manager | Progress | frame=330 | agents=32
2026-03-06 10:43:53,898 | INFO | evac_sim.simulation.simulation_manager | Progress | frame=340 | agents=32
2026-03-06 10:43:53,924 | INFO | evac_sim.simulation.simulation_manager | Progress | frame=350 | agents=32
2026-03-06 10:43:53,965 | INFO | evac_sim.simulation.simulation_manager | Progress | frame=360 | agents=32
2026-03-06 10:43:53,986 | INFO | evac_sim.simulation.simulation_manager | Progress | frame=370 | agents=32
2026-03-06 10:43:54,006 | INFO | evac_sim.simulation.simulation_manager | Progress | frame=380 | agents=32
2026-03-06 10:43:54,027 | INFO | evac_sim.simulation.simulation_manager | Progress | frame=390 | agents=32
2026-03-06 10:43:54,047 | INFO | evac_sim.simulation.simulation_manager | Progress | frame=400 | agents=32
2026-03-06 10:43:54,053 | INFO | evac_sim.simulation.simulation_manager | Reroute applied | frame=400 | group=83 | agents=5 | curr=92 next=91 | old_len=49 new_len=49
2026-03-06 10:43:54,289 | INFO | evac_sim.simulation.simulation_manager | Reroute applied | frame=400 | group=73 | agents=6 | curr=57 next=56 | old_len=44 new_len=47
2026-03-06 10:43:54,297 | INFO | evac_sim.simulation.simulation_manager | Reroute applied | frame=400 | group=92 | agents=10 | curr=61 next=60 | old_len=46 new_len=49
2026-03-06 10:43:54,318 | INFO | evac_sim.simulation.simulation_manager | Progress | frame=410 | agents=32
2026-03-06 10:43:54,339 | INFO | evac_sim.simulation.simulation_manager | Progress | frame=420 | agents=32
2026-03-06 10:43:54,359 | INFO | evac_sim.simulation.simulation_manager | Progress | frame=430 | agents=32
2026-03-06 10:43:54,381 | INFO | evac_sim.simulation.simulation_manager | Progress | frame=440 | agents=32
2026-03-06 10:43:54,401 | INFO | evac_sim.simulation.simulation_manager | Progress | frame=450 | agents=32
2026-03-06 10:43:54,435 | INFO | evac_sim.simulation.simulation_manager | Progress | frame=460 | agents=32
2026-03-06 10:43:54,456 | INFO | evac_sim.simulation.simulation_manager | Progress | frame=470 | agents=32
2026-03-06 10:43:54,477 | INFO | evac_sim.simulation.simulation_manager | Progress | frame=480 | agents=32
2026-03-06 10:43:54,497 | INFO | evac_sim.simulation.simulation_manager | Progress | frame=490 | agents=32
2026-03-06 10:43:54,517 | INFO | evac_sim.simulation.simulation_manager | Progress | frame=500 | agents=32
2026-03-06 10:43:54,553 | INFO | evac_sim.simulation.simulation_manager | Progress | frame=510 | agents=32
2026-03-06 10:43:54,573 | INFO | evac_sim.simulation.simulation_manager | Progress | frame=520 | agents=32
2026-03-06 10:43:54,594 | INFO | evac_sim.simulation.simulation_manager | Progress | frame=530 | agents=32
2026-03-06 10:43:54,616 | INFO | evac_sim.simulation.simulation_manager | Progress | frame=540 | agents=32
2026-03-06 10:43:54,636 | INFO | evac_sim.simulation.simulation_manager | Progress | frame=550 | agents=32
2026-03-06 10:43:54,671 | INFO | evac_sim.simulation.simulation_manager | Progress | frame=560 | agents=32
2026-03-06 10:43:54,692 | INFO | evac_sim.simulation.simulation_manager | Progress | frame=570 | agents=32
2026-03-06 10:43:54,714 | INFO | evac_sim.simulation.simulation_manager | Progress | frame=580 | agents=32
2026-03-06 10:43:54,734 | INFO | evac_sim.simulation.simulation_manager | Progress | frame=590 | agents=32
2026-03-06 10:43:54,756 | INFO | evac_sim.simulation.simulation_manager | Progress | frame=600 | agents=32
2026-03-06 10:43:54,791 | INFO | evac_sim.simulation.simulation_manager | Progress | frame=610 | agents=32
2026-03-06 10:43:54,812 | INFO | evac_sim.simulation.simulation_manager | Progress | frame=620 | agents=32
2026-03-06 10:43:54,834 | INFO | evac_sim.simulation.simulation_manager | Progress | frame=630 | agents=32
2026-03-06 10:43:54,856 | INFO | evac_sim.simulation.simulation_manager | Progress | frame=640 | agents=32
2026-03-06 10:43:54,877 | INFO | evac_sim.simulation.simulation_manager | Progress | frame=650 | agents=32
2026-03-06 10:43:54,913 | INFO | evac_sim.simulation.simulation_manager | Progress | frame=660 | agents=32
2026-03-06 10:43:54,936 | INFO | evac_sim.simulation.simulation_manager | Progress | frame=670 | agents=32
2026-03-06 10:43:54,958 | INFO | evac_sim.simulation.simulation_manager | Progress | frame=680 | agents=32
2026-03-06 10:43:54,978 | INFO | evac_sim.simulation.simulation_manager | Progress | frame=690 | agents=32
2026-03-06 10:43:54,999 | INFO | evac_sim.simulation.simulation_manager | Progress | frame=700 | agents=32
2026-03-06 10:43:55,033 | INFO | evac_sim.simulation.simulation_manager | Progress | frame=710 | agents=32
2026-03-06 10:43:55,055 | INFO | evac_sim.simulation.simulation_manager | Progress | frame=720 | agents=32
2026-03-06 10:43:55,076 | INFO | evac_sim.simulation.simulation_manager | Progress | frame=730 | agents=32
2026-03-06 10:43:55,098 | INFO | evac_sim.simulation.simulation_manager | Progress | frame=740 | agents=32
2026-03-06 10:43:55,118 | INFO | evac_sim.simulation.simulation_manager | Progress | frame=750 | agents=32
2026-03-06 10:43:55,154 | INFO | evac_sim.simulation.simulation_manager | Progress | frame=760 | agents=32
2026-03-06 10:43:55,175 | INFO | evac_sim.simulation.simulation_manager | Progress | frame=770 | agents=32
2026-03-06 10:43:55,195 | INFO | evac_sim.simulation.simulation_manager | Progress | frame=780 | agents=32
2026-03-06 10:43:55,217 | INFO | evac_sim.simulation.simulation_manager | Progress | frame=790 | agents=32
2026-03-06 10:43:55,238 | INFO | evac_sim.simulation.simulation_manager | Progress | frame=800 | agents=32
2026-03-06 10:43:55,273 | INFO | evac_sim.simulation.simulation_manager | Progress | frame=810 | agents=32
2026-03-06 10:43:55,294 | INFO | evac_sim.simulation.simulation_manager | Progress | frame=820 | agents=32
2026-03-06 10:43:55,314 | INFO | evac_sim.simulation.simulation_manager | Progress | frame=830 | agents=32
2026-03-06 10:43:55,335 | INFO | evac_sim.simulation.simulation_manager | Progress | frame=840 | agents=32
2026-03-06 10:43:55,356 | INFO | evac_sim.simulation.simulation_manager | Progress | frame=850 | agents=32
2026-03-06 10:43:55,391 | INFO | evac_sim.simulation.simulation_manager | Progress | frame=860 | agents=32
2026-03-06 10:43:55,412 | INFO | evac_sim.simulation.simulation_manager | Progress | frame=870 | agents=32
2026-03-06 10:43:55,434 | INFO | evac_sim.simulation.simulation_manager | Progress | frame=880 | agents=32
2026-03-06 10:43:55,455 | INFO | evac_sim.simulation.simulation_manager | Progress | frame=890 | agents=32
2026-03-06 10:43:55,476 | INFO | evac_sim.simulation.simulation_manager | Progress | frame=900 | agents=32
2026-03-06 10:43:55,510 | INFO | evac_sim.simulation.simulation_manager | Progress | frame=910 | agents=32
2026-03-06 10:43:55,532 | INFO | evac_sim.simulation.simulation_manager | Progress | frame=920 | agents=32
2026-03-06 10:43:55,552 | INFO | evac_sim.simulation.simulation_manager | Progress | frame=930 | agents=32
2026-03-06 10:43:55,573 | INFO | evac_sim.simulation.simulation_manager | Progress | frame=940 | agents=32
2026-03-06 10:43:55,594 | INFO | evac_sim.simulation.simulation_manager | Progress | frame=950 | agents=32
2026-03-06 10:43:55,629 | INFO | evac_sim.simulation.simulation_manager | Progress | frame=960 | agents=32
2026-03-06 10:43:55,649 | INFO | evac_sim.simulation.simulation_manager | Progress | frame=970 | agents=32
2026-03-06 10:43:55,670 | INFO | evac_sim.simulation.simulation_manager | Progress | frame=980 | agents=32
2026-03-06 10:43:55,691 | INFO | evac_sim.simulation.simulation_manager | Progress | frame=990 | agents=32
2026-03-06 10:43:55,713 | INFO | evac_sim.simulation.simulation_manager | Progress | frame=1000 | agents=32
2026-03-06 10:43:55,748 | INFO | evac_sim.simulation.simulation_manager | Progress | frame=1010 | agents=32
2026-03-06 10:43:55,770 | INFO | evac_sim.simulation.simulation_manager | Progress | frame=1020 | agents=32
2026-03-06 10:43:55,790 | INFO | evac_sim.simulation.simulation_manager | Progress | frame=1030 | agents=32
2026-03-06 10:43:55,811 | INFO | evac_sim.simulation.simulation_manager | Progress | frame=1040 | agents=32
2026-03-06 10:43:55,832 | INFO | evac_sim.simulation.simulation_manager | Progress | frame=1050 | agents=32
2026-03-06 10:43:55,866 | INFO | evac_sim.simulation.simulation_manager | Progress | frame=1060 | agents=32
2026-03-06 10:43:55,887 | INFO | evac_sim.simulation.simulation_manager | Progress | frame=1070 | agents=32
2026-03-06 10:43:55,908 | INFO | evac_sim.simulation.simulation_manager | Progress | frame=1080 | agents=32
2026-03-06 10:43:55,929 | INFO | evac_sim.simulation.simulation_manager | Progress | frame=1090 | agents=32
2026-03-06 10:43:55,951 | INFO | evac_sim.simulation.simulation_manager | Progress | frame=1100 | agents=32
2026-03-06 10:43:55,985 | INFO | evac_sim.simulation.simulation_manager | Progress | frame=1110 | agents=32
2026-03-06 10:43:56,006 | INFO | evac_sim.simulation.simulation_manager | Progress | frame=1120 | agents=32
2026-03-06 10:43:56,028 | INFO | evac_sim.simulation.simulation_manager | Progress | frame=1130 | agents=32
2026-03-06 10:43:56,048 | INFO | evac_sim.simulation.simulation_manager | Progress | frame=1140 | agents=32
2026-03-06 10:43:56,069 | INFO | evac_sim.simulation.simulation_manager | Progress | frame=1150 | agents=32
2026-03-06 10:43:56,106 | INFO | evac_sim.simulation.simulation_manager | Progress | frame=1160 | agents=32
2026-03-06 10:43:56,127 | INFO | evac_sim.simulation.simulation_manager | Progress | frame=1170 | agents=32
2026-03-06 10:43:56,147 | INFO | evac_sim.simulation.simulation_manager | Progress | frame=1180 | agents=32
2026-03-06 10:43:56,169 | INFO | evac_sim.simulation.simulation_manager | Progress | frame=1190 | agents=32
2026-03-06 10:43:56,190 | INFO | evac_sim.simulation.simulation_manager | Progress | frame=1200 | agents=32
2026-03-06 10:43:56,225 | INFO | evac_sim.simulation.simulation_manager | Progress | frame=1210 | agents=32
2026-03-06 10:43:56,247 | INFO | evac_sim.simulation.simulation_manager | Progress | frame=1220 | agents=32
2026-03-06 10:43:56,269 | INFO | evac_sim.simulation.simulation_manager | Progress | frame=1230 | agents=32
2026-03-06 10:43:56,290 | INFO | evac_sim.simulation.simulation_manager | Progress | frame=1240 | agents=32
2026-03-06 10:43:56,313 | INFO | evac_sim.simulation.simulation_manager | Progress | frame=1250 | agents=32
2026-03-06 10:43:56,347 | INFO | evac_sim.simulation.simulation_manager | Progress | frame=1260 | agents=32
2026-03-06 10:43:56,369 | INFO | evac_sim.simulation.simulation_manager | Progress | frame=1270 | agents=32
2026-03-06 10:43:56,390 | INFO | evac_sim.simulation.simulation_manager | Progress | frame=1280 | agents=32
2026-03-06 10:43:56,411 | INFO | evac_sim.simulation.simulation_manager | Progress | frame=1290 | agents=32
2026-03-06 10:43:56,432 | INFO | evac_sim.simulation.simulation_manager | Progress | frame=1300 | agents=32
2026-03-06 10:43:56,467 | INFO | evac_sim.simulation.simulation_manager | Progress | frame=1310 | agents=32
2026-03-06 10:43:56,489 | INFO | evac_sim.simulation.simulation_manager | Progress | frame=1320 | agents=32
2026-03-06 10:43:56,511 | INFO | evac_sim.simulation.simulation_manager | Progress | frame=1330 | agents=32
2026-03-06 10:43:56,532 | INFO | evac_sim.simulation.simulation_manager | Progress | frame=1340 | agents=32
2026-03-06 10:43:56,554 | INFO | evac_sim.simulation.simulation_manager | Progress | frame=1350 | agents=32
2026-03-06 10:43:56,590 | INFO | evac_sim.simulation.simulation_manager | Progress | frame=1360 | agents=32
2026-03-06 10:43:56,610 | INFO | evac_sim.simulation.simulation_manager | Progress | frame=1370 | agents=32
2026-03-06 10:43:56,631 | INFO | evac_sim.simulation.simulation_manager | Progress | frame=1380 | agents=32
2026-03-06 10:43:56,653 | INFO | evac_sim.simulation.simulation_manager | Progress | frame=1390 | agents=32
2026-03-06 10:43:56,674 | INFO | evac_sim.simulation.simulation_manager | Progress | frame=1400 | agents=32
2026-03-06 10:43:56,709 | INFO | evac_sim.simulation.simulation_manager | Progress | frame=1410 | agents=32
2026-03-06 10:43:56,730 | INFO | evac_sim.simulation.simulation_manager | Progress | frame=1420 | agents=32
2026-03-06 10:43:56,752 | INFO | evac_sim.simulation.simulation_manager | Progress | frame=1430 | agents=32
2026-03-06 10:43:56,774 | INFO | evac_sim.simulation.simulation_manager | Progress | frame=1440 | agents=32
2026-03-06 10:43:56,794 | INFO | evac_sim.simulation.simulation_manager | Progress | frame=1450 | agents=32
2026-03-06 10:43:56,830 | INFO | evac_sim.simulation.simulation_manager | Progress | frame=1460 | agents=32
2026-03-06 10:43:56,850 | INFO | evac_sim.simulation.simulation_manager | Progress | frame=1470 | agents=32
2026-03-06 10:43:56,872 | INFO | evac_sim.simulation.simulation_manager | Progress | frame=1480 | agents=32
2026-03-06 10:43:56,893 | INFO | evac_sim.simulation.simulation_manager | Progress | frame=1490 | agents=32
2026-03-06 10:43:56,915 | INFO | evac_sim.simulation.simulation_manager | Progress | frame=1500 | agents=32
2026-03-06 10:43:56,949 | INFO | evac_sim.simulation.simulation_manager | Progress | frame=1510 | agents=32
2026-03-06 10:43:56,970 | INFO | evac_sim.simulation.simulation_manager | Progress | frame=1520 | agents=32
2026-03-06 10:43:56,993 | INFO | evac_sim.simulation.simulation_manager | Progress | frame=1530 | agents=32
2026-03-06 10:43:57,014 | INFO | evac_sim.simulation.simulation_manager | Progress | frame=1540 | agents=32
2026-03-06 10:43:57,034 | INFO | evac_sim.simulation.simulation_manager | Progress | frame=1550 | agents=32
2026-03-06 10:43:57,069 | INFO | evac_sim.simulation.simulation_manager | Progress | frame=1560 | agents=32
2026-03-06 10:43:57,091 | INFO | evac_sim.simulation.simulation_manager | Progress | frame=1570 | agents=32
2026-03-06 10:43:57,113 | INFO | evac_sim.simulation.simulation_manager | Progress | frame=1580 | agents=32
2026-03-06 10:43:57,136 | INFO | evac_sim.simulation.simulation_manager | Progress | frame=1590 | agents=32
2026-03-06 10:43:57,162 | INFO | evac_sim.simulation.simulation_manager | Progress | frame=1600 | agents=32
2026-03-06 10:43:57,199 | INFO | evac_sim.simulation.simulation_manager | Progress | frame=1610 | agents=32
2026-03-06 10:43:57,222 | INFO | evac_sim.simulation.simulation_manager | Progress | frame=1620 | agents=32
2026-03-06 10:43:57,244 | INFO | evac_sim.simulation.simulation_manager | Progress | frame=1630 | agents=32
2026-03-06 10:43:57,266 | INFO | evac_sim.simulation.simulation_manager | Progress | frame=1640 | agents=32
2026-03-06 10:43:57,289 | INFO | evac_sim.simulation.simulation_manager | Progress | frame=1650 | agents=32
2026-03-06 10:43:57,324 | INFO | evac_sim.simulation.simulation_manager | Progress | frame=1660 | agents=32
2026-03-06 10:43:57,346 | INFO | evac_sim.simulation.simulation_manager | Progress | frame=1670 | agents=32
2026-03-06 10:43:57,369 | INFO | evac_sim.simulation.simulation_manager | Progress | frame=1680 | agents=32
2026-03-06 10:43:57,393 | INFO | evac_sim.simulation.simulation_manager | Progress | frame=1690 | agents=32
2026-03-06 10:43:57,415 | INFO | evac_sim.simulation.simulation_manager | Progress | frame=1700 | agents=32
2026-03-06 10:43:57,453 | INFO | evac_sim.simulation.simulation_manager | Progress | frame=1710 | agents=32
2026-03-06 10:43:57,478 | INFO | evac_sim.simulation.simulation_manager | Progress | frame=1720 | agents=32
2026-03-06 10:43:57,500 | INFO | evac_sim.simulation.simulation_manager | Progress | frame=1730 | agents=32
2026-03-06 10:43:57,523 | INFO | evac_sim.simulation.simulation_manager | Progress | frame=1740 | agents=32
2026-03-06 10:43:57,566 | INFO | evac_sim.simulation.simulation_manager | Progress | frame=1750 | agents=32
2026-03-06 10:43:57,614 | INFO | evac_sim.simulation.simulation_manager | Progress | frame=1760 | agents=32
2026-03-06 10:43:57,639 | INFO | evac_sim.simulation.simulation_manager | Progress | frame=1770 | agents=32
2026-03-06 10:43:57,662 | INFO | evac_sim.simulation.simulation_manager | Progress | frame=1780 | agents=32
2026-03-06 10:43:57,685 | INFO | evac_sim.simulation.simulation_manager | Progress | frame=1790 | agents=32
2026-03-06 10:43:57,706 | INFO | evac_sim.simulation.simulation_manager | Progress | frame=1800 | agents=32
2026-03-06 10:43:57,741 | INFO | evac_sim.simulation.simulation_manager | Progress | frame=1810 | agents=32
2026-03-06 10:43:57,762 | INFO | evac_sim.simulation.simulation_manager | Progress | frame=1820 | agents=32
2026-03-06 10:43:57,784 | INFO | evac_sim.simulation.simulation_manager | Progress | frame=1830 | agents=32
2026-03-06 10:43:57,806 | INFO | evac_sim.simulation.simulation_manager | Progress | frame=1840 | agents=32
2026-03-06 10:43:57,827 | INFO | evac_sim.simulation.simulation_manager | Progress | frame=1850 | agents=32
2026-03-06 10:43:57,863 | INFO | evac_sim.simulation.simulation_manager | Progress | frame=1860 | agents=32
2026-03-06 10:43:57,883 | INFO | evac_sim.simulation.simulation_manager | Progress | frame=1870 | agents=32
2026-03-06 10:43:57,905 | INFO | evac_sim.simulation.simulation_manager | Progress | frame=1880 | agents=32
2026-03-06 10:43:57,926 | INFO | evac_sim.simulation.simulation_manager | Progress | frame=1890 | agents=32
2026-03-06 10:43:57,949 | INFO | evac_sim.simulation.simulation_manager | Progress | frame=1900 | agents=32
2026-03-06 10:43:57,984 | INFO | evac_sim.simulation.simulation_manager | Progress | frame=1910 | agents=32
2026-03-06 10:43:58,005 | INFO | evac_sim.simulation.simulation_manager | Progress | frame=1920 | agents=32
2026-03-06 10:43:58,026 | INFO | evac_sim.simulation.simulation_manager | Progress | frame=1930 | agents=32
2026-03-06 10:43:58,047 | INFO | evac_sim.simulation.simulation_manager | Progress | frame=1940 | agents=32
2026-03-06 10:43:58,069 | INFO | evac_sim.simulation.simulation_manager | Progress | frame=1950 | agents=32
2026-03-06 10:43:58,105 | INFO | evac_sim.simulation.simulation_manager | Progress | frame=1960 | agents=32
2026-03-06 10:43:58,126 | INFO | evac_sim.simulation.simulation_manager | Progress | frame=1970 | agents=32
2026-03-06 10:43:58,147 | INFO | evac_sim.simulation.simulation_manager | Progress | frame=1980 | agents=32
2026-03-06 10:43:58,170 | INFO | evac_sim.simulation.simulation_manager | Progress | frame=1990 | agents=32
2026-03-06 10:43:58,190 | INFO | evac_sim.simulation.simulation_manager | Progress | frame=2000 | agents=32
2026-03-06 10:43:58,226 | INFO | evac_sim.simulation.simulation_manager | Progress | frame=2010 | agents=32
2026-03-06 10:43:58,248 | INFO | evac_sim.simulation.simulation_manager | Progress | frame=2020 | agents=32
2026-03-06 10:43:58,268 | INFO | evac_sim.simulation.simulation_manager | Progress | frame=2030 | agents=32
2026-03-06 10:43:58,290 | INFO | evac_sim.simulation.simulation_manager | Progress | frame=2040 | agents=32
2026-03-06 10:43:58,311 | INFO | evac_sim.simulation.simulation_manager | Progress | frame=2050 | agents=32
2026-03-06 10:43:58,347 | INFO | evac_sim.simulation.simulation_manager | Progress | frame=2060 | agents=32
2026-03-06 10:43:58,375 | INFO | evac_sim.simulation.simulation_manager | Progress | frame=2070 | agents=32
2026-03-06 10:43:58,396 | INFO | evac_sim.simulation.simulation_manager | Progress | frame=2080 | agents=32
2026-03-06 10:43:58,419 | INFO | evac_sim.simulation.simulation_manager | Progress | frame=2090 | agents=32
2026-03-06 10:43:58,441 | INFO | evac_sim.simulation.simulation_manager | Progress | frame=2100 | agents=32
2026-03-06 10:43:58,475 | INFO | evac_sim.simulation.simulation_manager | Progress | frame=2110 | agents=32
2026-03-06 10:43:58,497 | INFO | evac_sim.simulation.simulation_manager | Progress | frame=2120 | agents=32
2026-03-06 10:43:58,518 | INFO | evac_sim.simulation.simulation_manager | Progress | frame=2130 | agents=32
2026-03-06 10:43:58,540 | INFO | evac_sim.simulation.simulation_manager | Progress | frame=2140 | agents=32
2026-03-06 10:43:58,561 | INFO | evac_sim.simulation.simulation_manager | Progress | frame=2150 | agents=32
2026-03-06 10:43:58,596 | INFO | evac_sim.simulation.simulation_manager | Progress | frame=2160 | agents=32
2026-03-06 10:43:58,617 | INFO | evac_sim.simulation.simulation_manager | Progress | frame=2170 | agents=32
2026-03-06 10:43:58,638 | INFO | evac_sim.simulation.simulation_manager | Progress | frame=2180 | agents=32
2026-03-06 10:43:58,659 | INFO | evac_sim.simulation.simulation_manager | Progress | frame=2190 | agents=32
2026-03-06 10:43:58,680 | INFO | evac_sim.simulation.simulation_manager | Progress | frame=2200 | agents=32
2026-03-06 10:43:58,808 | INFO | evac_sim.simulation.simulation_manager | Reroute applied | frame=2200 | group=82 | agents=5 | curr=52 next=53 | old_len=49 new_len=56
2026-03-06 10:43:58,933 | INFO | evac_sim.simulation.simulation_manager | Reroute applied | frame=2200 | group=83 | agents=5 | curr=53 next=54 | old_len=49 new_len=52
2026-03-06 10:43:58,939 | INFO | evac_sim.simulation.simulation_manager | Reroute applied | frame=2200 | group=73 | agents=6 | curr=202 next=201 | old_len=47 new_len=57
2026-03-06 10:43:58,947 | INFO | evac_sim.simulation.simulation_manager | Reroute applied | frame=2200 | group=92 | agents=10 | curr=139 next=138 | old_len=49 new_len=52
2026-03-06 10:43:58,970 | INFO | evac_sim.simulation.simulation_manager | Progress | frame=2210 | agents=32
2026-03-06 10:43:58,991 | INFO | evac_sim.simulation.simulation_manager | Progress | frame=2220 | agents=32
2026-03-06 10:43:59,012 | INFO | evac_sim.simulation.simulation_manager | Progress | frame=2230 | agents=32
2026-03-06 10:43:59,036 | INFO | evac_sim.simulation.simulation_manager | Progress | frame=2240 | agents=32
2026-03-06 10:43:59,058 | INFO | evac_sim.simulation.simulation_manager | Progress | frame=2250 | agents=32
2026-03-06 10:43:59,063 | INFO | evac_sim.simulation.simulation_manager | Reroute applied | frame=2250 | group=83 | agents=5 | curr=53 next=54 | old_len=52 new_len=56
2026-03-06 10:43:59,074 | INFO | evac_sim.simulation.simulation_manager | Reroute applied | frame=2250 | group=92 | agents=10 | curr=139 next=140 | old_len=52 new_len=56
2026-03-06 10:43:59,096 | INFO | evac_sim.simulation.simulation_manager | Progress | frame=2260 | agents=32
2026-03-06 10:43:59,117 | INFO | evac_sim.simulation.simulation_manager | Progress | frame=2270 | agents=32
2026-03-06 10:43:59,138 | INFO | evac_sim.simulation.simulation_manager | Progress | frame=2280 | agents=32
2026-03-06 10:43:59,160 | INFO | evac_sim.simulation.simulation_manager | Progress | frame=2290 | agents=32
2026-03-06 10:43:59,181 | INFO | evac_sim.simulation.simulation_manager | Progress | frame=2300 | agents=32
2026-03-06 10:43:59,215 | INFO | evac_sim.simulation.simulation_manager | Progress | frame=2310 | agents=32
2026-03-06 10:43:59,239 | INFO | evac_sim.simulation.simulation_manager | Progress | frame=2320 | agents=32
2026-03-06 10:43:59,261 | INFO | evac_sim.simulation.simulation_manager | Progress | frame=2330 | agents=32
2026-03-06 10:43:59,282 | INFO | evac_sim.simulation.simulation_manager | Progress | frame=2340 | agents=32
2026-03-06 10:43:59,303 | INFO | evac_sim.simulation.simulation_manager | Progress | frame=2350 | agents=32
2026-03-06 10:43:59,341 | INFO | evac_sim.simulation.simulation_manager | Progress | frame=2360 | agents=32
2026-03-06 10:43:59,365 | INFO | evac_sim.simulation.simulation_manager | Progress | frame=2370 | agents=32
2026-03-06 10:43:59,390 | INFO | evac_sim.simulation.simulation_manager | Progress | frame=2380 | agents=32
2026-03-06 10:43:59,415 | INFO | evac_sim.simulation.simulation_manager | Progress | frame=2390 | agents=32
2026-03-06 10:43:59,438 | INFO | evac_sim.simulation.simulation_manager | Progress | frame=2400 | agents=32
2026-03-06 10:43:59,474 | INFO | evac_sim.simulation.simulation_manager | Progress | frame=2410 | agents=32
2026-03-06 10:43:59,499 | INFO | evac_sim.simulation.simulation_manager | Progress | frame=2420 | agents=32
2026-03-06 10:43:59,525 | INFO | evac_sim.simulation.simulation_manager | Progress | frame=2430 | agents=32
2026-03-06 10:43:59,547 | INFO | evac_sim.simulation.simulation_manager | Progress | frame=2440 | agents=32
2026-03-06 10:43:59,572 | INFO | evac_sim.simulation.simulation_manager | Progress | frame=2450 | agents=32
2026-03-06 10:43:59,615 | INFO | evac_sim.simulation.simulation_manager | Progress | frame=2460 | agents=32
2026-03-06 10:43:59,639 | INFO | evac_sim.simulation.simulation_manager | Progress | frame=2470 | agents=32
2026-03-06 10:43:59,664 | INFO | evac_sim.simulation.simulation_manager | Progress | frame=2480 | agents=32
2026-03-06 10:43:59,688 | INFO | evac_sim.simulation.simulation_manager | Progress | frame=2490 | agents=32
2026-03-06 10:43:59,714 | INFO | evac_sim.simulation.simulation_manager | Progress | frame=2500 | agents=32
2026-03-06 10:43:59,757 | INFO | evac_sim.simulation.simulation_manager | Progress | frame=2510 | agents=32
2026-03-06 10:43:59,780 | INFO | evac_sim.simulation.simulation_manager | Progress | frame=2520 | agents=32
2026-03-06 10:43:59,807 | INFO | evac_sim.simulation.simulation_manager | Progress | frame=2530 | agents=32
2026-03-06 10:43:59,837 | INFO | evac_sim.simulation.simulation_manager | Progress | frame=2540 | agents=32
2026-03-06 10:43:59,867 | INFO | evac_sim.simulation.simulation_manager | Progress | frame=2550 | agents=32
2026-03-06 10:43:59,914 | INFO | evac_sim.simulation.simulation_manager | Progress | frame=2560 | agents=32
2026-03-06 10:43:59,941 | INFO | evac_sim.simulation.simulation_manager | Progress | frame=2570 | agents=32
2026-03-06 10:43:59,964 | INFO | evac_sim.simulation.simulation_manager | Progress | frame=2580 | agents=32
2026-03-06 10:43:59,990 | INFO | evac_sim.simulation.simulation_manager | Progress | frame=2590 | agents=32
2026-03-06 10:44:00,018 | INFO | evac_sim.simulation.simulation_manager | Progress | frame=2600 | agents=32
2026-03-06 10:44:00,061 | INFO | evac_sim.simulation.simulation_manager | Progress | frame=2610 | agents=32
2026-03-06 10:44:00,084 | INFO | evac_sim.simulation.simulation_manager | Progress | frame=2620 | agents=32
2026-03-06 10:44:00,111 | INFO | evac_sim.simulation.simulation_manager | Progress | frame=2630 | agents=32
2026-03-06 10:44:00,135 | INFO | evac_sim.simulation.simulation_manager | Progress | frame=2640 | agents=32
2026-03-06 10:44:00,161 | INFO | evac_sim.simulation.simulation_manager | Progress | frame=2650 | agents=32
2026-03-06 10:44:00,202 | INFO | evac_sim.simulation.simulation_manager | Progress | frame=2660 | agents=32
2026-03-06 10:44:00,227 | INFO | evac_sim.simulation.simulation_manager | Progress | frame=2670 | agents=32
2026-03-06 10:44:00,250 | INFO | evac_sim.simulation.simulation_manager | Progress | frame=2680 | agents=32
2026-03-06 10:44:00,277 | INFO | evac_sim.simulation.simulation_manager | Progress | frame=2690 | agents=32
2026-03-06 10:44:00,307 | INFO | evac_sim.simulation.simulation_manager | Progress | frame=2700 | agents=32
2026-03-06 10:44:00,343 | INFO | evac_sim.simulation.simulation_manager | Progress | frame=2710 | agents=32
2026-03-06 10:44:00,364 | INFO | evac_sim.simulation.simulation_manager | Progress | frame=2720 | agents=32
2026-03-06 10:44:00,384 | INFO | evac_sim.simulation.simulation_manager | Progress | frame=2730 | agents=32
2026-03-06 10:44:00,407 | INFO | evac_sim.simulation.simulation_manager | Progress | frame=2740 | agents=32
2026-03-06 10:44:00,427 | INFO | evac_sim.simulation.simulation_manager | Progress | frame=2750 | agents=32
2026-03-06 10:44:00,463 | INFO | evac_sim.simulation.simulation_manager | Progress | frame=2760 | agents=32
2026-03-06 10:44:00,484 | INFO | evac_sim.simulation.simulation_manager | Progress | frame=2770 | agents=32
2026-03-06 10:44:00,504 | INFO | evac_sim.simulation.simulation_manager | Progress | frame=2780 | agents=32
2026-03-06 10:44:00,524 | INFO | evac_sim.simulation.simulation_manager | Progress | frame=2790 | agents=32
2026-03-06 10:44:00,545 | INFO | evac_sim.simulation.simulation_manager | Progress | frame=2800 | agents=32
2026-03-06 10:44:00,580 | INFO | evac_sim.simulation.simulation_manager | Progress | frame=2810 | agents=32
2026-03-06 10:44:00,600 | INFO | evac_sim.simulation.simulation_manager | Progress | frame=2820 | agents=32
2026-03-06 10:44:00,621 | INFO | evac_sim.simulation.simulation_manager | Progress | frame=2830 | agents=31
2026-03-06 10:44:00,642 | INFO | evac_sim.simulation.simulation_manager | Progress | frame=2840 | agents=31
2026-03-06 10:44:00,662 | INFO | evac_sim.simulation.simulation_manager | Progress | frame=2850 | agents=31
2026-03-06 10:44:00,698 | INFO | evac_sim.simulation.simulation_manager | Progress | frame=2860 | agents=31
2026-03-06 10:44:00,718 | INFO | evac_sim.simulation.simulation_manager | Progress | frame=2870 | agents=31
2026-03-06 10:44:00,738 | INFO | evac_sim.simulation.simulation_manager | Progress | frame=2880 | agents=31
2026-03-06 10:44:00,759 | INFO | evac_sim.simulation.simulation_manager | Progress | frame=2890 | agents=31
2026-03-06 10:44:00,781 | INFO | evac_sim.simulation.simulation_manager | Progress | frame=2900 | agents=31
2026-03-06 10:44:00,815 | INFO | evac_sim.simulation.simulation_manager | Progress | frame=2910 | agents=30
2026-03-06 10:44:00,835 | INFO | evac_sim.simulation.simulation_manager | Progress | frame=2920 | agents=30
2026-03-06 10:44:00,855 | INFO | evac_sim.simulation.simulation_manager | Progress | frame=2930 | agents=30
2026-03-06 10:44:00,875 | INFO | evac_sim.simulation.simulation_manager | Progress | frame=2940 | agents=30
2026-03-06 10:44:00,896 | INFO | evac_sim.simulation.simulation_manager | Progress | frame=2950 | agents=30
2026-03-06 10:44:00,931 | INFO | evac_sim.simulation.simulation_manager | Progress | frame=2960 | agents=30
2026-03-06 10:44:00,952 | INFO | evac_sim.simulation.simulation_manager | Progress | frame=2970 | agents=29
2026-03-06 10:44:00,971 | INFO | evac_sim.simulation.simulation_manager | Progress | frame=2980 | agents=29
2026-03-06 10:44:00,991 | INFO | evac_sim.simulation.simulation_manager | Progress | frame=2990 | agents=29
2026-03-06 10:44:01,011 | INFO | evac_sim.simulation.simulation_manager | Progress | frame=3000 | agents=29
2026-03-06 10:44:01,045 | INFO | evac_sim.simulation.simulation_manager | Progress | frame=3010 | agents=29
2026-03-06 10:44:01,065 | INFO | evac_sim.simulation.simulation_manager | Progress | frame=3020 | agents=29
2026-03-06 10:44:01,085 | INFO | evac_sim.simulation.simulation_manager | Progress | frame=3030 | agents=28
2026-03-06 10:44:01,106 | INFO | evac_sim.simulation.simulation_manager | Progress | frame=3040 | agents=28
2026-03-06 10:44:01,126 | INFO | evac_sim.simulation.simulation_manager | Progress | frame=3050 | agents=28
2026-03-06 10:44:01,160 | INFO | evac_sim.simulation.simulation_manager | Progress | frame=3060 | agents=28
2026-03-06 10:44:01,180 | INFO | evac_sim.simulation.simulation_manager | Progress | frame=3070 | agents=28
2026-03-06 10:44:01,199 | INFO | evac_sim.simulation.simulation_manager | Progress | frame=3080 | agents=27
2026-03-06 10:44:01,219 | INFO | evac_sim.simulation.simulation_manager | Progress | frame=3090 | agents=27
2026-03-06 10:44:01,238 | INFO | evac_sim.simulation.simulation_manager | Progress | frame=3100 | agents=27
2026-03-06 10:44:01,272 | INFO | evac_sim.simulation.simulation_manager | Progress | frame=3110 | agents=27
2026-03-06 10:44:01,291 | INFO | evac_sim.simulation.simulation_manager | Progress | frame=3120 | agents=27
2026-03-06 10:44:01,311 | INFO | evac_sim.simulation.simulation_manager | Progress | frame=3130 | agents=27
2026-03-06 10:44:01,331 | INFO | evac_sim.simulation.simulation_manager | Progress | frame=3140 | agents=27
2026-03-06 10:44:01,351 | INFO | evac_sim.simulation.simulation_manager | Progress | frame=3150 | agents=27
2026-03-06 10:44:01,384 | INFO | evac_sim.simulation.simulation_manager | Progress | frame=3160 | agents=27
2026-03-06 10:44:01,404 | INFO | evac_sim.simulation.simulation_manager | Progress | frame=3170 | agents=27
2026-03-06 10:44:01,424 | INFO | evac_sim.simulation.simulation_manager | Progress | frame=3180 | agents=27
2026-03-06 10:44:01,443 | INFO | evac_sim.simulation.simulation_manager | Progress | frame=3190 | agents=27
2026-03-06 10:44:01,463 | INFO | evac_sim.simulation.simulation_manager | Progress | frame=3200 | agents=27
2026-03-06 10:44:01,497 | INFO | evac_sim.simulation.simulation_manager | Progress | frame=3210 | agents=27
2026-03-06 10:44:01,516 | INFO | evac_sim.simulation.simulation_manager | Progress | frame=3220 | agents=27
2026-03-06 10:44:01,536 | INFO | evac_sim.simulation.simulation_manager | Progress | frame=3230 | agents=27
2026-03-06 10:44:01,556 | INFO | evac_sim.simulation.simulation_manager | Progress | frame=3240 | agents=27
2026-03-06 10:44:01,576 | INFO | evac_sim.simulation.simulation_manager | Progress | frame=3250 | agents=27
2026-03-06 10:44:01,609 | INFO | evac_sim.simulation.simulation_manager | Progress | frame=3260 | agents=27
2026-03-06 10:44:01,628 | INFO | evac_sim.simulation.simulation_manager | Progress | frame=3270 | agents=27
2026-03-06 10:44:01,648 | INFO | evac_sim.simulation.simulation_manager | Progress | frame=3280 | agents=27
2026-03-06 10:44:01,667 | INFO | evac_sim.simulation.simulation_manager | Progress | frame=3290 | agents=27
2026-03-06 10:44:01,687 | INFO | evac_sim.simulation.simulation_manager | Progress | frame=3300 | agents=27
2026-03-06 10:44:01,721 | INFO | evac_sim.simulation.simulation_manager | Progress | frame=3310 | agents=27
2026-03-06 10:44:01,741 | INFO | evac_sim.simulation.simulation_manager | Progress | frame=3320 | agents=27
2026-03-06 10:44:01,762 | INFO | evac_sim.simulation.simulation_manager | Progress | frame=3330 | agents=26
2026-03-06 10:44:01,781 | INFO | evac_sim.simulation.simulation_manager | Progress | frame=3340 | agents=26
2026-03-06 10:44:01,800 | INFO | evac_sim.simulation.simulation_manager | Progress | frame=3350 | agents=26
2026-03-06 10:44:01,831 | INFO | evac_sim.simulation.simulation_manager | Progress | frame=3360 | agents=26
2026-03-06 10:44:01,850 | INFO | evac_sim.simulation.simulation_manager | Progress | frame=3370 | agents=26
2026-03-06 10:44:01,870 | INFO | evac_sim.simulation.simulation_manager | Progress | frame=3380 | agents=26
2026-03-06 10:44:01,890 | INFO | evac_sim.simulation.simulation_manager | Progress | frame=3390 | agents=26
2026-03-06 10:44:01,910 | INFO | evac_sim.simulation.simulation_manager | Progress | frame=3400 | agents=26
2026-03-06 10:44:01,940 | INFO | evac_sim.simulation.simulation_manager | Progress | frame=3410 | agents=26
2026-03-06 10:44:01,959 | INFO | evac_sim.simulation.simulation_manager | Progress | frame=3420 | agents=26
2026-03-06 10:44:01,979 | INFO | evac_sim.simulation.simulation_manager | Progress | frame=3430 | agents=26
2026-03-06 10:44:02,000 | INFO | evac_sim.simulation.simulation_manager | Progress | frame=3440 | agents=26
2026-03-06 10:44:02,018 | INFO | evac_sim.simulation.simulation_manager | Progress | frame=3450 | agents=26
2026-03-06 10:44:02,048 | INFO | evac_sim.simulation.simulation_manager | Progress | frame=3460 | agents=26
2026-03-06 10:44:02,068 | INFO | evac_sim.simulation.simulation_manager | Progress | frame=3470 | agents=26
2026-03-06 10:44:02,088 | INFO | evac_sim.simulation.simulation_manager | Progress | frame=3480 | agents=26
2026-03-06 10:44:02,107 | INFO | evac_sim.simulation.simulation_manager | Progress | frame=3490 | agents=26
2026-03-06 10:44:02,127 | INFO | evac_sim.simulation.simulation_manager | Progress | frame=3500 | agents=26
2026-03-06 10:44:02,174 | INFO | evac_sim.simulation.simulation_manager | Progress | frame=3510 | agents=26
2026-03-06 10:44:02,216 | INFO | evac_sim.simulation.simulation_manager | Progress | frame=3520 | agents=26
2026-03-06 10:44:02,260 | INFO | evac_sim.simulation.simulation_manager | Progress | frame=3530 | agents=26
2026-03-06 10:44:02,300 | INFO | evac_sim.simulation.simulation_manager | Progress | frame=3540 | agents=26
2026-03-06 10:44:02,325 | INFO | evac_sim.simulation.simulation_manager | Progress | frame=3550 | agents=26
2026-03-06 10:44:02,367 | INFO | evac_sim.simulation.simulation_manager | Progress | frame=3560 | agents=26
2026-03-06 10:44:02,391 | INFO | evac_sim.simulation.simulation_manager | Progress | frame=3570 | agents=26
2026-03-06 10:44:02,410 | INFO | evac_sim.simulation.simulation_manager | Progress | frame=3580 | agents=26
2026-03-06 10:44:02,430 | INFO | evac_sim.simulation.simulation_manager | Progress | frame=3590 | agents=26
2026-03-06 10:44:02,449 | INFO | evac_sim.simulation.simulation_manager | Progress | frame=3600 | agents=26
2026-03-06 10:44:02,479 | INFO | evac_sim.simulation.simulation_manager | Progress | frame=3610 | agents=26
2026-03-06 10:44:02,498 | INFO | evac_sim.simulation.simulation_manager | Progress | frame=3620 | agents=26
2026-03-06 10:44:02,517 | INFO | evac_sim.simulation.simulation_manager | Progress | frame=3630 | agents=26
2026-03-06 10:44:02,537 | INFO | evac_sim.simulation.simulation_manager | Progress | frame=3640 | agents=26
2026-03-06 10:44:02,556 | INFO | evac_sim.simulation.simulation_manager | Progress | frame=3650 | agents=26
2026-03-06 10:44:02,585 | INFO | evac_sim.simulation.simulation_manager | Progress | frame=3660 | agents=26
2026-03-06 10:44:02,605 | INFO | evac_sim.simulation.simulation_manager | Progress | frame=3670 | agents=26
2026-03-06 10:44:02,624 | INFO | evac_sim.simulation.simulation_manager | Progress | frame=3680 | agents=26
2026-03-06 10:44:02,644 | INFO | evac_sim.simulation.simulation_manager | Progress | frame=3690 | agents=26
2026-03-06 10:44:02,664 | INFO | evac_sim.simulation.simulation_manager | Progress | frame=3700 | agents=26
2026-03-06 10:44:02,694 | INFO | evac_sim.simulation.simulation_manager | Progress | frame=3710 | agents=26
2026-03-06 10:44:02,717 | INFO | evac_sim.simulation.simulation_manager | Progress | frame=3720 | agents=26
2026-03-06 10:44:02,739 | INFO | evac_sim.simulation.simulation_manager | Progress | frame=3730 | agents=26
2026-03-06 10:44:02,762 | INFO | evac_sim.simulation.simulation_manager | Progress | frame=3740 | agents=25
2026-03-06 10:44:02,784 | INFO | evac_sim.simulation.simulation_manager | Progress | frame=3750 | agents=25
2026-03-06 10:44:02,821 | INFO | evac_sim.simulation.simulation_manager | Progress | frame=3760 | agents=25
2026-03-06 10:44:02,843 | INFO | evac_sim.simulation.simulation_manager | Progress | frame=3770 | agents=25
2026-03-06 10:44:02,866 | INFO | evac_sim.simulation.simulation_manager | Progress | frame=3780 | agents=25
2026-03-06 10:44:02,888 | INFO | evac_sim.simulation.simulation_manager | Progress | frame=3790 | agents=24
2026-03-06 10:44:02,913 | INFO | evac_sim.simulation.simulation_manager | Progress | frame=3800 | agents=24
2026-03-06 10:44:02,955 | INFO | evac_sim.simulation.simulation_manager | Progress | frame=3810 | agents=24
2026-03-06 10:44:02,983 | INFO | evac_sim.simulation.simulation_manager | Progress | frame=3820 | agents=24
2026-03-06 10:44:03,012 | INFO | evac_sim.simulation.simulation_manager | Progress | frame=3830 | agents=24
2026-03-06 10:44:03,039 | INFO | evac_sim.simulation.simulation_manager | Progress | frame=3840 | agents=23
2026-03-06 10:44:03,065 | INFO | evac_sim.simulation.simulation_manager | Progress | frame=3850 | agents=23
2026-03-06 10:44:03,101 | INFO | evac_sim.simulation.simulation_manager | Progress | frame=3860 | agents=23
2026-03-06 10:44:03,129 | INFO | evac_sim.simulation.simulation_manager | Progress | frame=3870 | agents=23
2026-03-06 10:44:03,157 | INFO | evac_sim.simulation.simulation_manager | Progress | frame=3880 | agents=22
2026-03-06 10:44:03,180 | INFO | evac_sim.simulation.simulation_manager | Progress | frame=3890 | agents=22
2026-03-06 10:44:03,199 | INFO | evac_sim.simulation.simulation_manager | Progress | frame=3900 | agents=22
2026-03-06 10:44:03,229 | INFO | evac_sim.simulation.simulation_manager | Progress | frame=3910 | agents=22
2026-03-06 10:44:03,248 | INFO | evac_sim.simulation.simulation_manager | Progress | frame=3920 | agents=22
2026-03-06 10:44:03,267 | INFO | evac_sim.simulation.simulation_manager | Progress | frame=3930 | agents=21
2026-03-06 10:44:03,287 | INFO | evac_sim.simulation.simulation_manager | Progress | frame=3940 | agents=21
2026-03-06 10:44:03,307 | INFO | evac_sim.simulation.simulation_manager | Progress | frame=3950 | agents=21
2026-03-06 10:44:03,338 | INFO | evac_sim.simulation.simulation_manager | Progress | frame=3960 | agents=21
2026-03-06 10:44:03,357 | INFO | evac_sim.simulation.simulation_manager | Progress | frame=3970 | agents=20
2026-03-06 10:44:03,377 | INFO | evac_sim.simulation.simulation_manager | Progress | frame=3980 | agents=20
2026-03-06 10:44:03,395 | INFO | evac_sim.simulation.simulation_manager | Progress | frame=3990 | agents=20
2026-03-06 10:44:03,415 | INFO | evac_sim.simulation.simulation_manager | Progress | frame=4000 | agents=20
2026-03-06 10:44:03,449 | INFO | evac_sim.simulation.simulation_manager | Progress | frame=4010 | agents=20
2026-03-06 10:44:03,468 | INFO | evac_sim.simulation.simulation_manager | Progress | frame=4020 | agents=20
2026-03-06 10:44:03,488 | INFO | evac_sim.simulation.simulation_manager | Progress | frame=4030 | agents=20
2026-03-06 10:44:03,508 | INFO | evac_sim.simulation.simulation_manager | Progress | frame=4040 | agents=20
2026-03-06 10:44:03,527 | INFO | evac_sim.simulation.simulation_manager | Progress | frame=4050 | agents=20
2026-03-06 10:44:03,554 | INFO | evac_sim.simulation.simulation_manager | Progress | frame=4060 | agents=19
2026-03-06 10:44:03,573 | INFO | evac_sim.simulation.simulation_manager | Progress | frame=4070 | agents=19
2026-03-06 10:44:03,592 | INFO | evac_sim.simulation.simulation_manager | Progress | frame=4080 | agents=19
2026-03-06 10:44:03,611 | INFO | evac_sim.simulation.simulation_manager | Progress | frame=4090 | agents=19
2026-03-06 10:44:03,629 | INFO | evac_sim.simulation.simulation_manager | Progress | frame=4100 | agents=19
2026-03-06 10:44:03,655 | INFO | evac_sim.simulation.simulation_manager | Progress | frame=4110 | agents=18
2026-03-06 10:44:03,674 | INFO | evac_sim.simulation.simulation_manager | Progress | frame=4120 | agents=18
2026-03-06 10:44:03,693 | INFO | evac_sim.simulation.simulation_manager | Progress | frame=4130 | agents=18
2026-03-06 10:44:03,711 | INFO | evac_sim.simulation.simulation_manager | Progress | frame=4140 | agents=18
2026-03-06 10:44:03,730 | INFO | evac_sim.simulation.simulation_manager | Progress | frame=4150 | agents=18
2026-03-06 10:44:03,757 | INFO | evac_sim.simulation.simulation_manager | Progress | frame=4160 | agents=17
2026-03-06 10:44:03,775 | INFO | evac_sim.simulation.simulation_manager | Progress | frame=4170 | agents=17
2026-03-06 10:44:03,794 | INFO | evac_sim.simulation.simulation_manager | Progress | frame=4180 | agents=17
2026-03-06 10:44:03,814 | INFO | evac_sim.simulation.simulation_manager | Progress | frame=4190 | agents=17
2026-03-06 10:44:03,831 | INFO | evac_sim.simulation.simulation_manager | Progress | frame=4200 | agents=16
2026-03-06 10:44:03,858 | INFO | evac_sim.simulation.simulation_manager | Progress | frame=4210 | agents=16
2026-03-06 10:44:03,876 | INFO | evac_sim.simulation.simulation_manager | Progress | frame=4220 | agents=16
2026-03-06 10:44:03,894 | INFO | evac_sim.simulation.simulation_manager | Progress | frame=4230 | agents=16
2026-03-06 10:44:03,913 | INFO | evac_sim.simulation.simulation_manager | Progress | frame=4240 | agents=16
2026-03-06 10:44:03,931 | INFO | evac_sim.simulation.simulation_manager | Progress | frame=4250 | agents=15
2026-03-06 10:44:03,957 | INFO | evac_sim.simulation.simulation_manager | Progress | frame=4260 | agents=15
2026-03-06 10:44:03,975 | INFO | evac_sim.simulation.simulation_manager | Progress | frame=4270 | agents=15
2026-03-06 10:44:03,994 | INFO | evac_sim.simulation.simulation_manager | Progress | frame=4280 | agents=15
2026-03-06 10:44:04,012 | INFO | evac_sim.simulation.simulation_manager | Progress | frame=4290 | agents=14
2026-03-06 10:44:04,031 | INFO | evac_sim.simulation.simulation_manager | Progress | frame=4300 | agents=14
2026-03-06 10:44:04,057 | INFO | evac_sim.simulation.simulation_manager | Progress | frame=4310 | agents=14
2026-03-06 10:44:04,075 | INFO | evac_sim.simulation.simulation_manager | Progress | frame=4320 | agents=14
2026-03-06 10:44:04,094 | INFO | evac_sim.simulation.simulation_manager | Progress | frame=4330 | agents=14
2026-03-06 10:44:04,111 | INFO | evac_sim.simulation.simulation_manager | Progress | frame=4340 | agents=13
2026-03-06 10:44:04,129 | INFO | evac_sim.simulation.simulation_manager | Progress | frame=4350 | agents=13
2026-03-06 10:44:04,155 | INFO | evac_sim.simulation.simulation_manager | Progress | frame=4360 | agents=13
2026-03-06 10:44:04,173 | INFO | evac_sim.simulation.simulation_manager | Progress | frame=4370 | agents=13
2026-03-06 10:44:04,192 | INFO | evac_sim.simulation.simulation_manager | Progress | frame=4380 | agents=12
2026-03-06 10:44:04,210 | INFO | evac_sim.simulation.simulation_manager | Progress | frame=4390 | agents=12
2026-03-06 10:44:04,228 | INFO | evac_sim.simulation.simulation_manager | Progress | frame=4400 | agents=12
2026-03-06 10:44:04,253 | INFO | evac_sim.simulation.simulation_manager | Progress | frame=4410 | agents=12
2026-03-06 10:44:04,272 | INFO | evac_sim.simulation.simulation_manager | Progress | frame=4420 | agents=12
2026-03-06 10:44:04,290 | INFO | evac_sim.simulation.simulation_manager | Progress | frame=4430 | agents=11
2026-03-06 10:44:04,308 | INFO | evac_sim.simulation.simulation_manager | Progress | frame=4440 | agents=11
2026-03-06 10:44:04,327 | INFO | evac_sim.simulation.simulation_manager | Progress | frame=4450 | agents=11
2026-03-06 10:44:04,351 | INFO | evac_sim.simulation.simulation_manager | Progress | frame=4460 | agents=11
2026-03-06 10:44:04,369 | INFO | evac_sim.simulation.simulation_manager | Progress | frame=4470 | agents=11
2026-03-06 10:44:04,387 | INFO | evac_sim.simulation.simulation_manager | Progress | frame=4480 | agents=10
2026-03-06 10:44:04,405 | INFO | evac_sim.simulation.simulation_manager | Progress | frame=4490 | agents=10
2026-03-06 10:44:04,423 | INFO | evac_sim.simulation.simulation_manager | Progress | frame=4500 | agents=10
2026-03-06 10:44:04,449 | INFO | evac_sim.simulation.simulation_manager | Progress | frame=4510 | agents=10
2026-03-06 10:44:04,468 | INFO | evac_sim.simulation.simulation_manager | Progress | frame=4520 | agents=9
2026-03-06 10:44:04,486 | INFO | evac_sim.simulation.simulation_manager | Progress | frame=4530 | agents=9
2026-03-06 10:44:04,504 | INFO | evac_sim.simulation.simulation_manager | Progress | frame=4540 | agents=9
2026-03-06 10:44:04,521 | INFO | evac_sim.simulation.simulation_manager | Progress | frame=4550 | agents=9
2026-03-06 10:44:04,546 | INFO | evac_sim.simulation.simulation_manager | Progress | frame=4560 | agents=9
2026-03-06 10:44:04,564 | INFO | evac_sim.simulation.simulation_manager | Progress | frame=4570 | agents=8
2026-03-06 10:44:04,581 | INFO | evac_sim.simulation.simulation_manager | Progress | frame=4580 | agents=8
2026-03-06 10:44:04,599 | INFO | evac_sim.simulation.simulation_manager | Progress | frame=4590 | agents=8
2026-03-06 10:44:04,616 | INFO | evac_sim.simulation.simulation_manager | Progress | frame=4600 | agents=8
2026-03-06 10:44:04,641 | INFO | evac_sim.simulation.simulation_manager | Progress | frame=4610 | agents=7
2026-03-06 10:44:04,659 | INFO | evac_sim.simulation.simulation_manager | Progress | frame=4620 | agents=7
2026-03-06 10:44:04,677 | INFO | evac_sim.simulation.simulation_manager | Progress | frame=4630 | agents=7
2026-03-06 10:44:04,695 | INFO | evac_sim.simulation.simulation_manager | Progress | frame=4640 | agents=7
2026-03-06 10:44:04,712 | INFO | evac_sim.simulation.simulation_manager | Progress | frame=4650 | agents=7
2026-03-06 10:44:04,739 | INFO | evac_sim.simulation.simulation_manager | Progress | frame=4660 | agents=6
2026-03-06 10:44:04,756 | INFO | evac_sim.simulation.simulation_manager | Progress | frame=4670 | agents=6
2026-03-06 10:44:04,774 | INFO | evac_sim.simulation.simulation_manager | Progress | frame=4680 | agents=6
2026-03-06 10:44:04,792 | INFO | evac_sim.simulation.simulation_manager | Progress | frame=4690 | agents=6
2026-03-06 10:44:04,809 | INFO | evac_sim.simulation.simulation_manager | Progress | frame=4700 | agents=6
2026-03-06 10:44:04,834 | INFO | evac_sim.simulation.simulation_manager | Progress | frame=4710 | agents=5
2026-03-06 10:44:04,851 | INFO | evac_sim.simulation.simulation_manager | Progress | frame=4720 | agents=5
2026-03-06 10:44:04,868 | INFO | evac_sim.simulation.simulation_manager | Progress | frame=4730 | agents=5
2026-03-06 10:44:04,886 | INFO | evac_sim.simulation.simulation_manager | Progress | frame=4740 | agents=5
2026-03-06 10:44:04,903 | INFO | evac_sim.simulation.simulation_manager | Progress | frame=4750 | agents=5
2026-03-06 10:44:04,930 | INFO | evac_sim.simulation.simulation_manager | Progress | frame=4760 | agents=5
2026-03-06 10:44:04,950 | INFO | evac_sim.simulation.simulation_manager | Progress | frame=4770 | agents=4
2026-03-06 10:44:04,972 | INFO | evac_sim.simulation.simulation_manager | Progress | frame=4780 | agents=4
2026-03-06 10:44:04,993 | INFO | evac_sim.simulation.simulation_manager | Progress | frame=4790 | agents=4
2026-03-06 10:44:05,014 | INFO | evac_sim.simulation.simulation_manager | Progress | frame=4800 | agents=4
2026-03-06 10:44:05,041 | INFO | evac_sim.simulation.simulation_manager | Progress | frame=4810 | agents=4
2026-03-06 10:44:05,060 | INFO | evac_sim.simulation.simulation_manager | Progress | frame=4820 | agents=3
2026-03-06 10:44:05,081 | INFO | evac_sim.simulation.simulation_manager | Progress | frame=4830 | agents=3
2026-03-06 10:44:05,103 | INFO | evac_sim.simulation.simulation_manager | Progress | frame=4840 | agents=3
2026-03-06 10:44:05,122 | INFO | evac_sim.simulation.simulation_manager | Progress | frame=4850 | agents=3
2026-03-06 10:44:05,148 | INFO | evac_sim.simulation.simulation_manager | Progress | frame=4860 | agents=3
2026-03-06 10:44:05,171 | INFO | evac_sim.simulation.simulation_manager | Progress | frame=4870 | agents=3
2026-03-06 10:44:05,191 | INFO | evac_sim.simulation.simulation_manager | Progress | frame=4880 | agents=2
2026-03-06 10:44:05,212 | INFO | evac_sim.simulation.simulation_manager | Progress | frame=4890 | agents=2
2026-03-06 10:44:05,233 | INFO | evac_sim.simulation.simulation_manager | Progress | frame=4900 | agents=2
2026-03-06 10:44:05,254 | INFO | evac_sim.simulation.simulation_manager | Progress | frame=4910 | agents=2
2026-03-06 10:44:05,271 | INFO | evac_sim.simulation.simulation_manager | Progress | frame=4920 | agents=2
2026-03-06 10:44:05,289 | INFO | evac_sim.simulation.simulation_manager | Progress | frame=4930 | agents=1
2026-03-06 10:44:05,305 | INFO | evac_sim.simulation.simulation_manager | Progress | frame=4940 | agents=1
2026-03-06 10:44:05,321 | INFO | evac_sim.simulation.simulation_manager | Progress | frame=4950 | agents=1
2026-03-06 10:44:05,342 | INFO | evac_sim.simulation.simulation_manager | Progress | frame=4960 | agents=1
2026-03-06 10:44:05,358 | INFO | evac_sim.simulation.simulation_manager | Progress | frame=4970 | agents=1
2026-03-06 10:44:05,375 | INFO | evac_sim.simulation.simulation_manager | Progress | frame=4980 | agents=1
2026-03-06 10:44:05,377 | INFO | evac_sim.simulation.simulation_manager | Simulation end | last_frame=4981
2026-03-06 10:44:05,408 | INFO | evac_sim.runner | Metrics preview | mode=3 group=82 agents=5 min=135.450 avg=143.352 median=144.540 p90=148.782 max=149.430
2026-03-06 10:44:05,419 | INFO | evac_sim.runner | Metrics preview | mode=3 group=83 agents=5 min=128.640 avg=137.454 median=136.800 p90=144.882 max=146.190
2026-03-06 10:44:05,429 | INFO | evac_sim.runner | Metrics preview | mode=3 group=73 agents=6 min=112.110 avg=115.605 median=115.620 p90=118.380 max=119.070
2026-03-06 10:44:05,439 | INFO | evac_sim.runner | Metrics preview | mode=3 group=77 agents=6 min=84.720 avg=90.575 median=89.760 p90=96.000 max=99.750
2026-03-06 10:44:05,451 | INFO | evac_sim.runner | Metrics preview | mode=3 group=92 agents=10 min=121.710 avg=129.738 median=128.625 p90=138.489 max=141.270
2026-03-06 10:44:05,453 | INFO | evac_sim.runner | Finished mode=3
2026-03-06 10:44:05,458 | INFO | evac_sim.runner | Exported CSV: C:\Users\aserr\Documents\Evacuation_Simulation\runs\2026-03-06_104308_representative_case\artifacts\experiments.csv
2026-03-06 10:44:05,458 | INFO | evac_sim.runner | Exported CSV: C:\Users\aserr\Documents\Evacuation_Simulation\runs\2026-03-06_104308_representative_case\artifacts\experiment_metrics.csv
2026-03-06 10:44:05,459 | INFO | evac_sim.runner | Experiment finished OK (case_id=representative_case)
